speech_id,year,speaker_id,raw_text,clean_text,decade,congress,party,chamber,state,clean_word_count,Newspeak_Index,seniority
970000001,1981,,"The Senate vill please come to order. The Chaplain will offer the prayer. The Chaplain. the Reverend Edward L. R. Elson. D.D.. offered the following prayer: PRAYER God of our fathers and our God. who has made and preserved us a nation. we thank Thee for Thy care over us from generation to generation. and for the new era which unfolds before us. Let Thy spirit descend upon us with all Its cleansing. healing. and creative power. Make usnew persons for new times in a land newborn in spirit. May the solemn induction of the new Members of this body be a renewal of the vocatinal vows of all others. In the deliberations of this new Congress keep our motives pure. our vision clear. our patriotism undefiled. our speech chaste. our judgments fair. and our consciences unbetrayed. Help us to develop work patterns which sustain the soul. nourish the mind. and strengthen the will. And give us grace to make time for the family. for home. and for worship. What we pray for this body we pray for all others in the service of the Government. Send us each day to our tasks to do Justly.to love mercy. and to walk humbly with our God. Hear us as we pray together the prayerthe Master taught us""Our Father who art in heaven. hallowed be Thy name. Thy kingdom come. Thy will be done in Earth. as it is in heaven. Give us this day our daily bread. And forgive us our trespasses as we forgive those who trespass against us. And lead us not into temptation. but deliver us from evil* For Thine is the kingdom. and the power. and the glory forever."" Amen.",the senate vill please come to order the chaplain will offer the prayer the chaplain the reverend edward l r elson d d offered the following prayer prayer god of our fathers and our god who has made and preserved us a nation we thank thee for thy care over us from generation to generation and for the new era which unfolds before us let thy spirit descend upon us with all its cleansing healing and creative power make usnew persons for new times in a land newborn in spirit may the solemn induction of the new members of this body be a renewal of the vocatinal vows of all others in the deliberations of this new congress keep our motives pure our vision clear our patriotism undefiled our speech chaste our judgments fair and our consciences unbetrayed help us to develop work patterns which sustain the soul nourish the mind and strengthen the will and give us grace to make time for the family for home and for worship what we pray for this body we pray for all others in the service of the government send us each day to our tasks to do justly to love mercy and to walk humbly with our god hear us as we pray together the prayerthe master taught us our father who art in heaven hallowed be thy name thy kingdom come thy will be done in earth as it is in heaven give us this day our daily bread and forgive us our trespasses as we forgive those who trespass against us and lead us not into temptation but deliver us from evil for thine is the kingdom and the power and the glory forever amen,1980s,97,,S,Unknown,286,,
970000002,1981,,The Chair lays before the Senate letters of resignation of two Senators and certificates of appointment of two Senators to fill the vacancies caused by thesi resignations. Without objection. the reading will be waived. and the documents will be printed in the RECORD. The documents ordered to be printed in the RECORD. are as follows:,the chair lays before the senate letters of resignation of two senators and certificates of appointment of two senators to fill the vacancies caused by thesi resignations the reading will be waived and the documents will be printed in the record the documents ordered to be printed in the record are as follows,1980s,97,,S,Unknown,53,,
970000003,1981,,PR SDENT. i.he Chair lays before the Senate the credentials of 34 Senators elected ...f6r 6year s beginning Januua0%y. 1981. Alo fcates. the Chair Is advised.r Pithe form suggested by the Sen tb6or contain all the essential requiretvnts of the form suggested by the Seat@. If there be no objection. the reading of the 34 certiflcates will be waived and they will be printed In full in the RECORD. The certificates ordered to be printed in the RiCORD. are as foll ws:,pr sdent i he chair lays before the senate the credentials of 34 senators elected f6r 6year s beginning januua0 y 1981 alo fcates the chair is advised r pithe form suggested by the sen tb6or contain all the essential requiretvnts of the form suggested by the seat if there be no objection the reading of the 34 certiflcates will be waived and they will be printed in full in the record the certificates ordered to be printed in the ricord are as foll ws,1980s,97,,S,Unknown,78,,
970000015,1981,97104811.0,Mr. President. may I take this opportunity to say that the distinguished Senator from Alaska Is necessarily absent on official business and could not be present in the Senate today for that reason. Alabama.-Howell Heflin and Jeremiah Denton. Alaska.-Theodore F. Stevens and Frank H. Murkowski. Arizona.-Barry Goldwater and Dennis DeConcini. Arkansas.-Dale Bumpers and David Pryor. California.-Alan Cranston and S. I. Hayake.wa. Colorado.-Gary Hart and William L. Armstrong. Connecticut.-Lowell P. Weicker. Jr. and Christopher J. Dodd. Delaware.-William V. Roth. Jr. and Joseph R. Biden. Florida.-Lawton Chiles and Paula Hawkins. Georgia.--Sam Nunn and Mack. Mattingly. Dutcwaii.-Daniel K. Inouye and Spark M. Matsunaga. Idaho.-James A. McClure and Steven D. Symms. Illinois.-Charles H. Percy and Alan J. Dixon. Indiana.-Richard 0. Lugar and Dan Quay!e. Iowa.-Roger W. Jepsen and Charles E. Grassley. Kansas.-Robert Dole and Nancy Landon Kassebaum. KentuckU.-Walter (Dee) Huddleston and Wendell H. Ford. Louisiana.-Russell B. Long and J. Bennett Johnston. Mainc.-William d. Cohen and George J. Mitchell. Maryland.-Charles McC. Mathias and Paul S. Sarbanes. Massaehusetts.-Edward M. Kennedy and Paul E. Tsongas. Michigan.-Carl Levin and Donald W. Riegle. Minnesota.-Rudy Boschwitz and David Durenberger. Mississippi.-John C. Stennis and Thad Cochran. Missouri.-Thomas F. Eagleton and John C. Danforth. Montana.-John Melcher and Max Baucas. Nebraska.- -. James Exon and Edward Zorinsky. Nevada.-Howard W. Cannon and Paul Laxalt. New Hampshire.-Gordon J. Humphrey and Warren Rudman. New Jersey.-Harrison A. Williams. Jr. and Bill Bradley. New Mexico.-Pete V. Domenici and Harrison (Jack) Schmitt. New York.-Daniel Patrick Moynihan and Alfonse M. DAmato. North Carolina.-Jesse Helms and John P. East. North Dakota.-Quentin N. Burdick and Mark Andrews. Ohio.-John Glenn and Howard M. Metzenbaum. Oklahoma.-David L. Boren and Don Nickles. Oregon.-Mark 0. Hatfield and Bob Packwood. Pennsylvania.-John Heinz and Arlen Specter. Rhode Island.-Clalborne Poll and John H. Chafee. South Carolina.-Strom Siurmond and Ernest F. Hollings. South Dakota.--Larry Premier and James Abdnor. Tennessee.-Howard H. Baker. Jr.. and Jim Sasser. Texas.-John Tower and Lloyd Bent-. sen. Utah.-Jake Garn and Orrin G. Hatch. Vermont.-Robert T. Stafford and Patrick J. Leahy. Virginia.-Harry F. Byrd. Jr. and John W. Warner. Washington.-Henry M. Jackson and Slade Gorton. West Virginia.-Jenings Randolht and Robert C. Byrd. Wisconsin.-William Proxmire andi Robert W. Kasten. Jr. Wyomfng.-Malcolm W)Top ind Alan K. Simpson.,mr president may i take this opportunity to say that the distinguished senator from alaska is necessarily absent on official business and could not be present in the senate today for that reason alabama -howell heflin and jeremiah denton alaska -theodore f stevens and frank h murkowski arizona -barry goldwater and dennis deconcini arkansas -dale bumpers and david pryor california -alan cranston and s i hayake wa colorado -gary hart and william l armstrong connecticut -lowell p weicker jr and christopher j dodd delaware -william v roth jr and joseph r biden florida -lawton chiles and paula hawkins georgia --sam nunn and mack mattingly dutcwaii -daniel k inouye and spark m matsunaga idaho -james a mcclure and steven d symms illinois -charles h percy and alan j dixon indiana -richard 0 lugar and dan quay e iowa -roger w jepsen and charles e grassley kansas -robert dole and nancy landon kassebaum kentucku -walter dee huddleston and wendell h ford louisiana -russell b long and j bennett johnston mainc -william d cohen and george j mitchell maryland -charles mcc mathias and paul s sarbanes massaehusetts -edward m kennedy and paul e tsongas michigan -carl levin and donald w riegle minnesota -rudy boschwitz and david durenberger mississippi -john c stennis and thad cochran missouri -thomas f eagleton and john c danforth montana -john melcher and max baucas nebraska - - james exon and edward zorinsky nevada -howard w cannon and paul laxalt new hampshire -gordon j humphrey and warren rudman new jersey -harrison a williams jr and bill bradley new mexico -pete v domenici and harrison jack schmitt new york -daniel patrick moynihan and alfonse m damato north carolina -jesse helms and john p east north dakota -quentin n burdick and mark andrews ohio -john glenn and howard m metzenbaum oklahoma -david l boren and don nickles oregon -mark 0 hatfield and bob packwood pennsylvania -john heinz and arlen specter rhode island -clalborne poll and john h chafee south carolina -strom siurmond and ernest f hollings south dakota --larry premier and james abdnor tennessee -howard h baker jr and jim sasser texas -john tower and lloyd bent- sen utah -jake garn and orrin g hatch vermont -robert t stafford and patrick j leahy virginia -harry f byrd jr and john w warner washington -henry m jackson and slade gorton west virginia -jenings randolht and robert c byrd wisconsin -william proxmire andi robert w kasten jr wyomfng -malcolm w top ind alan k simpson,1980s,97,R,S,Unknown,407,,first-term
970000018,1981,,Pursuant to Senate Resblution 1. the Chair appoints the Senator from Tennessee . and the Senator from West Virginia as menbers of a committee to join the committee of the House of Representatives to wait upon the President of the United States and inform him that a quorum is assembled and that Congress is ready to re-. ceive any communication he may be pleased to make. (Later the following occurred:),pursuant to senate resblution 1 the chair appoints the senator from tennessee and the senator from west virginia as menbers of a committee to join the committee of the house of representatives to wait upon the president of the united states and inform him that a quorum is assembled and that congress is ready to re- ceive any communication he may be pleased to make later the following occurred,1980s,97,,S,Unknown,68,,
970000019,1981,97104811.0,Mr. President. pursuant to the provisions of the resolution just adopted. I am happy to report that the distinguished minority leader and I have reached the President of the United States and notifled him that the Senate Is in session. that a quorum Is present. and that we are prepared now to receive his messages and requests and transact such business as may properly come before the Senate. The President asked us to particularly express his congratulations to new Menbers. his good wishes to those who are departing. to wish everyone here a happy new year. and he expressed the hopex. if I may say so. that the transition in the executive department may be as smooth as the transition has been in the Senate. I observed to the President that that was indeed the case. and was so in large measure due to the generosity and cooperation. of the distinguished Senator from VWest Virginia . our new minority leader. I told him then. as I would reiterate now for the benefit of the Senate. that his cooperation in this transition has been most remarkable indeed. that I personally. and I believe every Member on this side. I am sure every Member on this side. wish to express our personal gratitude and appreciation to the Senator from West Virginia for that cooperation. I The President. as well. indicated that he stood ready to cooperate with the Senate and that he would have further messages to be delivered in due course.,mr president pursuant to the provisions of the resolution just adopted i am happy to report that the distinguished minority leader and i have reached the president of the united states and notifled him that the senate is in session that a quorum is present and that we are prepared now to receive his messages and requests and transact such business as may properly come before the senate the president asked us to particularly express his congratulations to new menbers his good wishes to those who are departing to wish everyone here a happy new year and he expressed the hopex if i may say so that the transition in the executive department may be as smooth as the transition has been in the senate i observed to the president that that was indeed the case and was so in large measure due to the generosity and cooperation of the distinguished senator from vwest virginia our new minority leader i told him then as i would reiterate now for the benefit of the senate that his cooperation in this transition has been most remarkable indeed that i personally and i believe every member on this side i am sure every member on this side wish to express our personal gratitude and appreciation to the senator from west virginia for that cooperation i the president as well indicated that he stood ready to cooperate with the senate and that he would have further messages to be delivered in due course,1980s,97,R,S,Unknown,249,,first-term
970000032,1981,,The Chair lays before the Senate a communication from the Administrator of General Services Administration transmitting. pursuant to law. certified copies of the I.nal ascertainment of the electors for President and Vice President from the several States and the District of Columbia which with the accompanying papers are ordered to lie on the table.,the chair lays before the senate a communication from the administrator of general services administration transmitting pursuant to law certified copies of the i nal ascertainment of the electors for president and vice president from the several states and the district of columbia which with the accompanying papers are ordered to lie on the table,1980s,97,,S,Unknown,55,,
970000037,1981,97114621.0,Mr. President. I have acted with some reluctance and also with some joy. so one might say that I have acted ambivalently. My reluctance is born of my respect for the distinguished Senator from South Carolina . I have worked in this body with Mr. THURMOND for many years. I admire him. regard him highly. and under other circumstances I would join without further adieu in supporting the resolution that has been submitted by the distinguished Senator from Tennessee. the majority leader. However. on our side of the aisle there is a patrician Senator who is a man of 33 years experience in this body. He was chairman of the Committee on Armed Services for 13 years. He is now the ranking member of that committee. He would also be the ranking member of the Appropriations Committee had he chose to claim that position. Senator STENNIS was circuit judge in the State of Mississippi for many years before he came to the Senate. When I first came to the Senate I went on the Committee on Appropriations and there I came to know JOHN STENNIS and respect and admire him. When the then majority leader became President I took Mr. Johnsons seat on the Armed Services Committee and there I had the opportunity to work under the late Senator Russell. who was chairman of that committee. and work with JOHN STENNIS. my friend. He is a man who looks like a Senator. talks like a Senator. acts like a Senator. and who is a Senators Senator in my humble judgment. He is wellbeloved by all Members of this Senate on both sides of the aisle. He is highly respected on both sides of the aisle. highly respected in and out of the Senate. Mr. President. it is with a great deal of pleasure and with tremendous pride that I present him to the Senate today. for its considoration. although I have some doubts with respect to the outcome . as I look about me here and see the slightly thinned ranks of the Democrats. and as I look to the other side aind see the rather slightly bloated ranks of the Republicans. realizing we will have to out up with that for a short while . and knowing beforehand that my nominee may not survive the vote count. so I do present this name with a great deal of admiration and respect and with great pride. and I urge the Senate to support the amendment.,mr president i have acted with some reluctance and also with some joy so one might say that i have acted ambivalently my reluctance is born of my respect for the distinguished senator from south carolina i have worked in this body with mr thurmond for many years i admire him regard him highly and under other circumstances i would join without further adieu in supporting the resolution that has been submitted by the distinguished senator from tennessee the majority leader however on our side of the aisle there is a patrician senator who is a man of 33 years experience in this body he was chairman of the committee on armed services for 13 years he is now the ranking member of that committee he would also be the ranking member of the appropriations committee had he chose to claim that position senator stennis was circuit judge in the state of mississippi for many years before he came to the senate when i first came to the senate i went on the committee on appropriations and there i came to know john stennis and respect and admire him when the then majority leader became president i took mr johnsons seat on the armed services committee and there i had the opportunity to work under the late senator russell who was chairman of that committee and work with john stennis my friend he is a man who looks like a senator talks like a senator acts like a senator and who is a senators senator in my humble judgment he is wellbeloved by all members of this senate on both sides of the aisle he is highly respected on both sides of the aisle highly respected in and out of the senate mr president it is with a great deal of pleasure and with tremendous pride that i present him to the senate today for its considoration although i have some doubts with respect to the outcome as i look about me here and see the slightly thinned ranks of the democrats and as i look to the other side aind see the rather slightly bloated ranks of the republicans realizing we will have to out up with that for a short while and knowing beforehand that my nominee may not survive the vote count so i do present this name with a great deal of admiration and respect and with great pride and i urge the senate to support the amendment,1980s,97,D,S,Unknown,410,,first-term
970000038,1981,97104811.0,Mr. President. it is often said that beauty is in the eye of the beholder. and what may appear bloated on his side seems like mere political justice on this side. Mr. President. my good friend. the distinguished Senator from West Virginia. the minority leader. understands what I am about to say is said in good grace and in keeping with our friendship and understanding. He pointed out that he thought our increased numbers might be only tempo-. rary and transient. I would point out that no . doubt is what Republicans thought in 1955 when they lost control of the Senate. so I would hope our 26 years will be as enjoyable as his 26 years. Mr. President. I cannot say what difficulty I have in rising to oppose the amendment offered by the distinguished minority leaderI have to get used to that. the distinguished minority leaderbecause I. too. have such an extraordinary respect for the Senator from Mississippi. He and I come from the same region of the country. We. as I am fond of saying. share a common unfortified boundary between Tennessee and Mississippi. He is a great man of distinction and has shed that light of distinction with his service in the Senate. It is with great reluctance that I rise in opposition to the amendment offered. I urge instead that our colleagues support the nomination of one of the finest men to grace the Senate of the United States in the per.on of Senator STRox THURMOND Of South Carolina. STnont TaURMOND has become a political institution in his lifetime. He has bccn a trail blazer in the political arrangements of this country. and particularly of his region of the country. I cannot think of a man or woman in this Chamber who has served with ureater distinction and for a greater public good than has Senator STROM THURMOND of South Carolina. Mr. President. it is. therefore. with great enthusiasm that I stand before my colleagues to urge that they elect as President pro tempore of the Senate the Senator from South Carolina. STRom TuUnMOND.,mr president it is often said that beauty is in the eye of the beholder and what may appear bloated on his side seems like mere political justice on this side mr president my good friend the distinguished senator from west virginia the minority leader understands what i am about to say is said in good grace and in keeping with our friendship and understanding he pointed out that he thought our increased numbers might be only tempo- rary and transient i would point out that no doubt is what republicans thought in 1955 when they lost control of the senate so i would hope our 26 years will be as enjoyable as his 26 years mr president i cannot say what difficulty i have in rising to oppose the amendment offered by the distinguished minority leaderi have to get used to that the distinguished minority leaderbecause i too have such an extraordinary respect for the senator from mississippi he and i come from the same region of the country we as i am fond of saying share a common unfortified boundary between tennessee and mississippi he is a great man of distinction and has shed that light of distinction with his service in the senate it is with great reluctance that i rise in opposition to the amendment offered i urge instead that our colleagues support the nomination of one of the finest men to grace the senate of the united states in the per on of senator strox thurmond of south carolina stnont taurmond has become a political institution in his lifetime he has bccn a trail blazer in the political arrangements of this country and particularly of his region of the country i cannot think of a man or woman in this chamber who has served with ureater distinction and for a greater public good than has senator strom thurmond of south carolina mr president it is therefore with great enthusiasm that i stand before my colleagues to urge that they elect as president pro tempore of the senate the senator from south carolina strom tuunmond,1980s,97,R,S,Unknown,346,,first-term
970000040,1981,,The question now recurs on agreeing to the resolution of the Senator from Tennessee. [Putting the question.] The resolution (S. Res. 4) was agreed to as follows: Resolved. That the Honorable Strom Thurmond. a Senator from the State of South Carolina. be. and he is hereby. elected President of the Senate pro tempore. to hold ofice during the pleasure of the Senate. in accordance with Rule I. paragraph 1. of the Standing Rules of. the Senate.,the question now recurs on agreeing to the resolution of the senator from tennessee putting the question the resolution s res 4 was agreed to as follows resolved that the honorable strom thurmond a senator from the state of south carolina be and he is hereby elected president of the senate pro tempore to hold ofice during the pleasure of the senate in accordance with rule i paragraph 1 of the standing rules of the senate,1980s,97,,S,Unknown,74,,
970000058,1981,,read as folow: A resolution (S. R2s. a) notifying the President of the United States of the clutln of a Secretary of the Senate. Resolved. That the President of the Unitd States be notified of the election of Wi11n P. Hildenbrand. of bn Distric. of ColJU.A.1!.. as Secretary of the Senate.,read as folow a resolution s r2s a notifying the president of the united states of the clutln of a secretary of the senate resolved that the president of the unitd states be notified of the election of wi11n p hildenbrand of bn distric of colju a 1 as secretary of the senate,1980s,97,,S,Unknown,50,,
970000060,1981,,Thf. SentoLer from South Carolina wil). pursuant to the provisions of the Senate re ti on. approach the rcr~rum. and I applk n. STNNIS s a Cacommittee oy Oe .o!. ex1 the President pro tempore to the roEit.ur for the purpose of Lak! g the oath. The Honorable Snaon TIURmOND. oncorted by Mr. STEuNs. advanced to the desk of the Vice President. the oath proscribed by law was administered to him by the Vice President. lApplause. Senators rising.],thf sentoler from south carolina wil pursuant to the provisions of the senate re ti on approach the rcr rum and i applk n stnnis s a cacommittee oy oe o ex1 the president pro tempore to the roeit ur for the purpose of lak g the oath the honorable snaon tiurmond oncorted by mr steuns advanced to the desk of the vice president the oath proscribed by law was administered to him by the vice president lapplause senators rising,1980s,97,,S,Unknown,79,,
970000061,1981,,The Secretary of the Senate will present himself for the taking of the oath of office. escorted by the Honorable Stanley J. Kimmitt. The Honorable William P. Hildenbrand. escorted by the Honorable Stanley Kimmitt. advanced to the desk of the Vice President. the oath prescribed by law was administered to him by the Vice President. The President pro tempore assumed the chair. fApplause. Senators rising.],the secretary of the senate will present himself for the taking of the oath of office escorted by the honorable stanley j kimmitt the honorable william p hildenbrand escorted by the honorable stanley kimmitt advanced to the desk of the vice president the oath prescribed by law was administered to him by the vice president the president pro tempore assumed the chair fapplause senators rising,1980s,97,,S,Unknown,65,,
970000072,1981,,"Without objection. the resolution is agreed to. The resolution (S. Res. 12) is as follows: 8. RES. 12 Resolved. That (a) the second sentence of paragraph 4(g) of Rule XXV of the Standing Rules of the Senate is amended by inserting ""other than the Committee on Rules and Administration"" inuediately after ""paragraph 3 (a) or (b)"". (b) Paragraph 4(h) of Rule XXV of the Standing Rules of th Senate is amended by adding at the end thereof the following new subdivision: ""(4) A Senator who on the last day of the Ninetysixth Congress was serving as a Member on the Joint Economic Committee may. during the Ninetyseventh Congress. also serve as a mrember of the Committee on Intelligence so long as his service as a member of each such committee is continuous. but in no event may he serve. by reason of this subdivision. as a member of more than two committees listed in paragraph 3 (a) or (b)."". (c) Paragraph 4 (1) of such Rule XXV is amended by(1) striking out subdivision (3) thereof. (2) redesignating subdivision (4) thereof as subdivision (3). and (3) by adding after subdivision (3) thereof (as so rede& gnated) the following new subdivisions: ""(4) A Senator who on the last day of the Ninetysixth Congress was serving as a member of the Committee on Agriculture. Nutrition. and Forestry and the Committee on Appropriations or the Committee on Finance may. during the Ninetyseventh Congress. also serve as a member of the Committee on the Judiciary so long as his service as a member of each of such committees Is continuous. but in no event may he serve. by reason of this subdivision. as a member of more than three committees listed in paragraph 2. ""(5) A Senator who on the last day of the Ninetysixth Congress was serving as a member of the Committee on Small Business and was also serving on the Committee on Intelligence may. during the Ninetyseventh Congress. continue to serve on both of such committees so long as service as a member of each such committee is continuous. but in no event may he serve. by reason of this subdivision. as a member of more than two committees listed in paragraph 3 (a) or (b). ""(6) A Senator who on the last day of the Ninetysixth Congress was serving us a member of the Committee on Appropplations and the Committee on Energy and Natural Resources may. during the Ninetyseventh Congress. also serve as a member of the Committee on Labor and Human Resources so long as his service as a member of each of such committees is continuous. but in no event may he serve. by reason of this subdivision. as a member of more than three committees listed in paragraph 2. ""(7) A Senator who on the last day of the Ninetysixth Congress was serving as a member of the Committee on the Judiciary and the Committee on Commerce. S.Ience. and Tr nsportation may. during the Ninetysever.th Congress. also sev ve as a member of the Committee on the Agriculture. Nutrition. and Forestry so long as his service as a member of each of such committees is continuous. but in no event may he serve. by reason of this subdivision. as a membe. of more than three committees listed in paragraph 2. ""(8) A Senator who on the last day of the Ninetysith Congress was serving as a member of the Committee on the Judiciary and the Committee on Finance may. during the Nineytseventh Congress. also serve as a membe. of the Committee on Environment and Public Works so long as his service as a member of each of such committees is continuous. but in no event may he serve. by reason of this subdivision. as a member of more than three committees listed in paragraph 2. ""(9) A Senator who on the last day of the Ninetysixth Congress %.as serving as a member of the Committee on Finance and the Committee on Banking. Housing. and Urban Affairs may. during the Ninetyseventh Congress. also serve as a member of the Committee on Energy and iRatural Resources 60 long as his service as a member of each of such committees Is continuous. but in no event may he serve. by reason of this subdivision. as a member of more than three committees listed in paragraph 2. ""(10) A Senator who on the last day of the Ninetysixth Congress was serving as a member of the Committee on Armed Services and the Committee on Labor and Human Resources may. during the Ninetyseventh Congress. also serve as a member of the Committee on Energy and Natural Resources so long as his service as a member of each of such committees is continuous. but in no event may he serve. by reason of this subdivision. as a member of more than three committees listed in paragraph 2. ""(.) A Senator who on the last day of the Ninetysixth Congress was serving as a mem. ber of the Committee on Appropriations and the Committee on Commerce. Science. and Transportation may. during the Ninetyseventh Congress. also serve as a member or. the Committee on Banking. Housing. and Urban Affairs so long as his service as a member of each of such committees is continuous. but in no event may he serve. by reason of this subdivision. as a member or more than three committees listed in paragraph 2. ""(12) A Senator who on the last day of the Ninetysixth Congress was serving as a member of the Committee on Finance and the Committee on Environment and Public Works may. during the Ninetyseventh Congress. also serve as a member of the Committee on Banking. Housing. and Urban Affairs so long as his service as a member of each of such committees is continuous. but in no event may he serve. by reason of this subdivision. as a member of more than three committeeS listed in paragraph 2."". (d) Paragraph 4 of Rule XXV of the Standing Rules of the Senate is amended by adding at the end thereof the following new subparagraphs: ""(j) If the majority and minority leaders find that the limitation. imposed by the preceding provisions with respect to the number of committees listed in paragraphs 2 and 3 (a) and (b) upon which a Senator may serve. prevents the filling of all membership positions in any of such committees. then such leaders may enter into an agreement under which a Senator may serve on the Committee on the Budget while also serving on two other of the committees listed in paragraph 2 and on one of the committees listed in paragraph 3 (a) or (b). The provisions of this subparagraph shall be effective only during the Ninetyseventh Congress. ""(k) Two Senators. each of whom was first elected to the Senate for a term which commences on January 3. 1981. may serve. during the Ninetyseventh Congress. on the Committee on the Judiciary. the Committee on Labor and Human Resources. and also on one other committee listed in paragraph 2 so long as the service of the Senator as a member of each of such committees is continuous. but in no event may he serve. by reason of this subdivision. as a member of more than three committees listed in paragraph 2."".",the resolution is agreed to the resolution s res 12 is as follows 8 res 12 resolved that a the second sentence of paragraph 4 g of rule xxv of the standing rules of the senate is amended by inserting other than the committee on rules and administration inuediately after paragraph 3 a or b b paragraph 4 h of rule xxv of the standing rules of th senate is amended by adding at the end thereof the following new subdivision 4 a senator who on the last day of the ninetysixth congress was serving as a member on the joint economic committee may during the ninetyseventh congress also serve as a mrember of the committee on intelligence so long as his service as a member of each such committee is continuous but in no event may he serve by reason of this subdivision as a member of more than two committees listed in paragraph 3 a or b c paragraph 4 1 of such rule xxv is amended by 1 striking out subdivision 3 thereof 2 redesignating subdivision 4 thereof as subdivision 3 and 3 by adding after subdivision 3 thereof as so rede gnated the following new subdivisions 4 a senator who on the last day of the ninetysixth congress was serving as a member of the committee on agriculture nutrition and forestry and the committee on appropriations or the committee on finance may during the ninetyseventh congress also serve as a member of the committee on the judiciary so long as his service as a member of each of such committees is continuous but in no event may he serve by reason of this subdivision as a member of more than three committees listed in paragraph 2 5 a senator who on the last day of the ninetysixth congress was serving as a member of the committee on small business and was also serving on the committee on intelligence may during the ninetyseventh congress continue to serve on both of such committees so long as service as a member of each such committee is continuous but in no event may he serve by reason of this subdivision as a member of more than two committees listed in paragraph 3 a or b 6 a senator who on the last day of the ninetysixth congress was serving us a member of the committee on appropplations and the committee on energy and natural resources may during the ninetyseventh congress also serve as a member of the committee on labor and human resources so long as his service as a member of each of such committees is continuous but in no event may he serve by reason of this subdivision as a member of more than three committees listed in paragraph 2 7 a senator who on the last day of the ninetysixth congress was serving as a member of the committee on the judiciary and the committee on commerce s ience and tr nsportation may during the ninetysever th congress also sev ve as a member of the committee on the agriculture nutrition and forestry so long as his service as a member of each of such committees is continuous but in no event may he serve by reason of this subdivision as a membe of more than three committees listed in paragraph 2 8 a senator who on the last day of the ninetysith congress was serving as a member of the committee on the judiciary and the committee on finance may during the nineytseventh congress also serve as a membe of the committee on environment and public works so long as his service as a member of each of such committees is continuous but in no event may he serve by reason of this subdivision as a member of more than three committees listed in paragraph 2 9 a senator who on the last day of the ninetysixth congress as serving as a member of the committee on finance and the committee on banking housing and urban affairs may during the ninetyseventh congress also serve as a member of the committee on energy and iratural resources 60 long as his service as a member of each of such committees is continuous but in no event may he serve by reason of this subdivision as a member of more than three committees listed in paragraph 2 10 a senator who on the last day of the ninetysixth congress was serving as a member of the committee on armed services and the committee on labor and human resources may during the ninetyseventh congress also serve as a member of the committee on energy and natural resources so long as his service as a member of each of such committees is continuous but in no event may he serve by reason of this subdivision as a member of more than three committees listed in paragraph 2 a senator who on the last day of the ninetysixth congress was serving as a mem ber of the committee on appropriations and the committee on commerce science and transportation may during the ninetyseventh congress also serve as a member or the committee on banking housing and urban affairs so long as his service as a member of each of such committees is continuous but in no event may he serve by reason of this subdivision as a member or more than three committees listed in paragraph 2 12 a senator who on the last day of the ninetysixth congress was serving as a member of the committee on finance and the committee on environment and public works may during the ninetyseventh congress also serve as a member of the committee on banking housing and urban affairs so long as his service as a member of each of such committees is continuous but in no event may he serve by reason of this subdivision as a member of more than three committees listed in paragraph 2 d paragraph 4 of rule xxv of the standing rules of the senate is amended by adding at the end thereof the following new subparagraphs j if the majority and minority leaders find that the limitation imposed by the preceding provisions with respect to the number of committees listed in paragraphs 2 and 3 a and b upon which a senator may serve prevents the filling of all membership positions in any of such committees then such leaders may enter into an agreement under which a senator may serve on the committee on the budget while also serving on two other of the committees listed in paragraph 2 and on one of the committees listed in paragraph 3 a or b the provisions of this subparagraph shall be effective only during the ninetyseventh congress k two senators each of whom was first elected to the senate for a term which commences on january 3 1981 may serve during the ninetyseventh congress on the committee on the judiciary the committee on labor and human resources and also on one other committee listed in paragraph 2 so long as the service of the senator as a member of each of such committees is continuous but in no event may he serve by reason of this subdivision as a member of more than three committees listed in paragraph 2,1980s,97,,S,Unknown,1174,,
970000078,1981,,Without objection. the resolution Is agreed to. The resolution (S. Res. 14) is as follows: Resolved. That the following shall constitute the majority partys membership on the standing committees. the Select Committee on Small Business. and the Special Committee on Aging of the Senate for the 97th Congress: Committee on Agriculture. Nutrition. and Forestry: Mr. Helms (chairman). Mr. Dole. Mr. Hayakawa. Mr. Lugar. Mr. Cochran. Mr. Boschwitz. Mr. Jepsen. Mrs. Hawkins. and Mr. Andrews. Committtee on Appropriations: Mr. Hatfield (chairman). Mr. Stevens. Mr. Welcker. Mr. McClure. Mr. Laxalt. Mr. Garn. Mr. Schmitt. Mr. Cochran. Mr. Androws. Mr. Abdnor. Mr. Kasten. Mr. DAmato. Mr. Mattingly. Mr. Rudman. and Mr. Specter. Committee on Armed Services: Mr. Tower (chairman). Mr. Thurmond. Mr. Goldwater. Mr. Warner. Mr. Humphrey. Mr. Cohen. Mr. Jepsen. Mr. Quayle. and Mr. Dinton. Committee on Banking. Housing. and Urban Affairs: Mr. Garn (chairman). Mr. Tower. Mr. Heinz. Mr. Armstrong. Mr. Lugar. Mr. DAmato. Mr. Ohafee. and Mr. Schmitt. Committee on Commerce. Science. and Transportation: Mr. Packwood (chairman). Mr. Goldwater. Mr. Schmitt. Mr. Danforth. Mrs. Kassebaum. Mr. Presslor. Mr. Gorton. Mr. Stevens. ar. Mr. Kasten. Committee on Energy and Natural Resources: Mr. McClure (chairman). Mr. Hatfield. Mr. Weicker. Mr. Domenicl. Mr. Wallop. Mr. Warner. Mr. Humphrey. Mr. Murkowski. Mr. Nickles. Mr. East. and Mr. Heinz. Committee on Environment and Public Works: Mr. Stafford (chairman). Mr. Baker. Mr. Domenici. Mr. Chafee. Mr. Simpson. Mr. Abdnor. Mr. Symms. Mr. Gorton. and Mr. Murkowski. Committee on Finance: Mr. Dole (chairman). Mr. Packwood. Mr. Roth. Mr. Danforth. Mr. Chafee. Mr. Heinz. Mr. Wallop. Mr. Durenberger. Mr. Armstrong. Mr. Symms. and Mr. Orassley. Committee on Foreign Relations: Mr. Percy (chairman). Mr. Baker. Mr. Helms. Mr. Hayakawa. Mr. Lugar. Mr. Mathias. Mrs. Kassebaum. Mr. Boschwitz. and Mr. Pressler. Committee on Governmental Affairs: Mr. Roth (chairman). Mr. Percy. Mr. Stevens. Mr. Mathias. Mr. Danforth. Mr. Cohen. Mr. Durenberger. Mr. Mattingly. and Mr. Rudman. Committee on the Judiciary: Mr. Thurmond (chairman). Mr. Mathias. Mr. Laxalt. Mr. Hatch. Mr. Dole. Mr. Simpson. Mr. East. Mr. Grassley. Mr. Denton. and Mr. Specter. Committee on. Labor and Human Resources: Mr. Hatch (chairman). Mr. Stafford. Mr. Quayle. Mrs. Hawkins. Mr. Nickles. Mr. Welcker. Mr. Humphrey. Mr. Denton. and Mr. East. Committee on Aging: Mr. Heinz (chairman). Mr. Domenici. Mr. Percy. Mrs. Kassebaum. Mr. Cohen. Mr. Pressler. and Mr. Grassley. Committee on the Budget: Mr. Domenici (chairman). Mr. Armstrong. Mrs. Kassebaum. Mr. Boschwitz. Mr. Hatch. Mr. Tower. Mr. Andrews. Mr. Symms. Mr. Grassley. Mr.Kasten. Mr. Quayle. and Mr. Gorton. Committee on Rules and Administration: Mr. Mathias (chairman). Mr. Hatfleld. Mr. Baker. Mr. McClure. Mr. Helms. Mr. Warner. and Mr. Dole. Committee on Small Business: Mr. Weicker (chairman). Mr. Packwood. Mr. Hatch. Mr. Hayakawa. Mr. Boschwitz. Mr. Gorton. Mr. Nickles. Mr. Rudman. and Mr. DAmato. Committee on Veterans Affairs: Mr. Simpson (chairman). Mr. Thurmond. Mr. Stafford. Mr. Kasten. Mr. Denton. Mr. Murkowski. and Mr. Specter.,the resolution is agreed to the resolution s res 14 is as follows resolved that the following shall constitute the majority partys membership on the standing committees the select committee on small business and the special committee on aging of the senate for the 97th congress committee on agriculture nutrition and forestry mr helms chairman mr dole mr hayakawa mr lugar mr cochran mr boschwitz mr jepsen mrs hawkins and mr andrews committtee on appropriations mr hatfield chairman mr stevens mr welcker mr mcclure mr laxalt mr garn mr schmitt mr cochran mr androws mr abdnor mr kasten mr damato mr mattingly mr rudman and mr specter committee on armed services mr tower chairman mr thurmond mr goldwater mr warner mr humphrey mr cohen mr jepsen mr quayle and mr dinton committee on banking housing and urban affairs mr garn chairman mr tower mr heinz mr armstrong mr lugar mr damato mr ohafee and mr schmitt committee on commerce science and transportation mr packwood chairman mr goldwater mr schmitt mr danforth mrs kassebaum mr presslor mr gorton mr stevens ar mr kasten committee on energy and natural resources mr mcclure chairman mr hatfield mr weicker mr domenicl mr wallop mr warner mr humphrey mr murkowski mr nickles mr east and mr heinz committee on environment and public works mr stafford chairman mr baker mr domenici mr chafee mr simpson mr abdnor mr symms mr gorton and mr murkowski committee on finance mr dole chairman mr packwood mr roth mr danforth mr chafee mr heinz mr wallop mr durenberger mr armstrong mr symms and mr orassley committee on foreign relations mr percy chairman mr baker mr helms mr hayakawa mr lugar mr mathias mrs kassebaum mr boschwitz and mr pressler committee on governmental affairs mr roth chairman mr percy mr stevens mr mathias mr danforth mr cohen mr durenberger mr mattingly and mr rudman committee on the judiciary mr thurmond chairman mr mathias mr laxalt mr hatch mr dole mr simpson mr east mr grassley mr denton and mr specter committee on labor and human resources mr hatch chairman mr stafford mr quayle mrs hawkins mr nickles mr welcker mr humphrey mr denton and mr east committee on aging mr heinz chairman mr domenici mr percy mrs kassebaum mr cohen mr pressler and mr grassley committee on the budget mr domenici chairman mr armstrong mrs kassebaum mr boschwitz mr hatch mr tower mr andrews mr symms mr grassley mr kasten mr quayle and mr gorton committee on rules and administration mr mathias chairman mr hatfleld mr baker mr mcclure mr helms mr warner and mr dole committee on small business mr weicker chairman mr packwood mr hatch mr hayakawa mr boschwitz mr gorton mr nickles mr rudman and mr damato committee on veterans affairs mr simpson chairman mr thurmond mr stafford mr kasten mr denton mr murkowski and mr specter,1980s,97,,S,Unknown,477,,
1050000001,1997,,The Chair lays before the Senate one certificate of election to fill an unexpired term and the credentials of 33 Senators elected for 6year terms beginning on All certificates. the Chair is advised. are in the form suggested by the Senate or contain all the essential requirements of the form suggested by the Senate. If there be no objection. the reading. of the abovementioned certificates will be waived and they will be printed in full in the RECORD. The documents ordered to be printed in the RECORD are as follows:,the chair lays before the senate one certificate of election to fill an unexpired term and the credentials of 33 senators elected for 6year terms beginning on all certificates the chair is advised are in the form suggested by the senate or contain all the essential requirements of the form suggested by the senate if there be no objection the reading of the abovementioned certificates will be waived and they will be printed in full in the record the documents ordered to be printed in the record are as follows,1990s,105,,S,Unknown,88,0.0,
1050000003,1997,105115011.0,Mr. President. first I wish to extend my Welcome and congratulations to all of the newly elected Senators. We look forward to working with you in a bipartisan way for the best interests of our country. I know that we have a few of our retiring Senators here and we want to wish them a fond adieu and the very best in the future. Senator JOHNSTON there from Louisiana needs to be careful. he might change his mind and raise his hand and try to get sworn in again. This is a magnificent occasion. and it is an honor to serve as the majority leader in this great body and to work with my friend. Senator DASCHLE. from South Dakota.,mr president first i wish to extend my welcome and congratulations to all of the newly elected senators we look forward to working with you in a bipartisan way for the best interests of our country i know that we have a few of our retiring senators here and we want to wish them a fond adieu and the very best in the future senator johnston there from louisiana needs to be careful he might change his mind and raise his hand and try to get sworn in again this is a magnificent occasion and it is an honor to serve as the majority leader in this great body and to work with my friend senator daschle from south dakota,1990s,105,R,S,Unknown,120,0.0,first-term
1050000004,1997,105115011.0,"Mr. President. today marks the 105th time since 1789 that newly elected Senators have stood before this bodys Presiding Officer at the start of a new Congress to pledge their support for the Constitution of the United States. I would like to take advantage of this special event in the life of each new Congress to comment briefly about the origins of the oath we take. There is a good deal of confusion about the oath and its origin. Some believe that the Constitution prescribes its specific text and that all Senators since 1789 have taken and signed the oath in the form that we know today. Neither is true. While the Constitution specifies a separate oath for the President. it leaves to Congress the responsibility of preparing an oath for its Members and all other Federal officeholders. The Oath Act of June 1. 1789. was the first legislation passed by the Senate and the first law signed by President George Washington. It prescribed the following simple oath: ""I - do solemnly swear (or affirm) that I will support the Constitution of the United States."" On June 4. 1789. Senate President John Adams administered that new oath to all Senators. setting a pattern that future Presiding Officers followed. without controversy. for the next 74 years. The outbreak of the War Between the States quickly transformed the act of oathtaking. which had become a routine procedure after 1789. into one of enormous significance. At a time ofuncertain and shifting loyalties. President Abraham Lincoln ordered all Federal civilian personnel to retake the prewar oath of allegiance. When Congress convened for a brief emergency session in the summer of 1861. Members supplemented the Presidents action by passing a law requiring civil officers to take an expanded oath in support of the Union. Although Congress did not then apply this August 1861 oath to its own Members. its text is the earliest direct predecessor of the oath we take today. When Congress returned for its regulax session in December 1861. Members who believed that the Union had more to fear from northern traitors than from southern soldiers fundamentally revised the August 1861 statute in July 1862 by adding an ""Ironclad Test Oath"" provision. This warinspired test oath required civil servants and military offlcers to swear not only to future loyalty. as required by the existing oaths. but also to affirm that they had never previously supported hostilities against the United States. Those whofailed to take the 1862 test oath would not receive a salary. those who swore falsely would be prosecuted for perjury and forever denied Federal employment. The 1862 oaths second section incorporated a more polished and graceful rendering of the hastily drafted 1861 oath in language that is identical to the oath we take today.. Early in 1864. the Senate adopted a rule specifying that all newly elected Members must not only orally agree to the test oath. but also ""subscribe"" to it by signing a printed copy. This condition reflected a wartime practice in which military and civilian authorities required anyone wishing to do business with the Federal Government to sign a copy of the test oath. The requirement included Confederate prisoners of war seeking parole and southerners who wished to be reimbursed for goods confiscated by foraging Union troops. Our modern practice of signing the oath comes from this period. At the end of the war in 1865. the test oath stood as a formidable barrier to President Andrew Johnsons moderate reconstruction policies. designed to allow residents of the South to participate in their own government. While the President pushed for a rapid reintegration of Southern States. those in Congress who wished to impose a harsh peace insisted on the test oath. which had been created in part to prevent exConfederates from taking Federal positions. Many of the oaths drafters specifically had in mind blocking the return of one of my direct Senate predecessorsJefferson Davis. The Constitutions 14th amendment. ratified in 1868. permitted Congress to remove barriers to service by former Confederates through a twothirds vote of both Houses. Congress then enacted an oath for those in this category. allowing them to ignore the test oaths first section. regarding past loyalties. and subscribe only to its second section pledging future allegiance. That 1868 oath is identical to the one we take today. As postwar tensions eased. Congress in 1871 dropped the requirement for a twothirds vote of both Houses for former Confederates entering congressional service or government employment. For another 13 years. however. all oath takers who were not former Confederates were required to take the full test oath. In 1877. to further complicate matters. the Senate amended its rules to require that Senators take not only the 1862 or the 1868 oath. but also the original oath of 1789. Reflecting the confusion surrounding these multiple requirements. the Senates archives contain no signed oaths foe the years between 1871 and 1880. From 1880 until 1884. nearly 20 years after the wars conclusion. newly elected southern Senators who had participated in that conflict signed the 1868 oath. while all the others signed the 1862 test oath. On January 11. 1884. as part of a general revision of its rules. the Senate replaced specific references to the rules of 1862 and 1868 with the simple statement that is now Rule III of our Standing Rules: ""The oaths or affirmations required by the Constitution and prescribed by law shall be taken and sub.scribed by each Senator. in open Senate. before entering upon his duties."" Seven weeks later. bringing to a close nearly a quarter century of confusion and acrimony. the Senate repealed the 1862 test oath. From that day to this. the high solemn oath ""prescribed by law"" has been the oath of 1868.",mr president today marks the 105th time since 1789 that newly elected senators have stood before this bodys presiding officer at the start of a new congress to pledge their support for the constitution of the united states i would like to take advantage of this special event in the life of each new congress to comment briefly about the origins of the oath we take there is a good deal of confusion about the oath and its origin some believe that the constitution prescribes its specific text and that all senators since 1789 have taken and signed the oath in the form that we know today neither is true while the constitution specifies a separate oath for the president it leaves to congress the responsibility of preparing an oath for its members and all other federal officeholders the oath act of june 1 1789 was the first legislation passed by the senate and the first law signed by president george washington it prescribed the following simple oath i - do solemnly swear or affirm that i will support the constitution of the united states on june 4 1789 senate president john adams administered that new oath to all senators setting a pattern that future presiding officers followed without controversy for the next 74 years the outbreak of the war between the states quickly transformed the act of oathtaking which had become a routine procedure after 1789 into one of enormous significance at a time ofuncertain and shifting loyalties president abraham lincoln ordered all federal civilian personnel to retake the prewar oath of allegiance when congress convened for a brief emergency session in the summer of 1861 members supplemented the presidents action by passing a law requiring civil officers to take an expanded oath in support of the union although congress did not then apply this august 1861 oath to its own members its text is the earliest direct predecessor of the oath we take today when congress returned for its regulax session in december 1861 members who believed that the union had more to fear from northern traitors than from southern soldiers fundamentally revised the august 1861 statute in july 1862 by adding an ironclad test oath provision this warinspired test oath required civil servants and military offlcers to swear not only to future loyalty as required by the existing oaths but also to affirm that they had never previously supported hostilities against the united states those whofailed to take the 1862 test oath would not receive a salary those who swore falsely would be prosecuted for perjury and forever denied federal employment the 1862 oaths second section incorporated a more polished and graceful rendering of the hastily drafted 1861 oath in language that is identical to the oath we take today early in 1864 the senate adopted a rule specifying that all newly elected members must not only orally agree to the test oath but also subscribe to it by signing a printed copy this condition reflected a wartime practice in which military and civilian authorities required anyone wishing to do business with the federal government to sign a copy of the test oath the requirement included confederate prisoners of war seeking parole and southerners who wished to be reimbursed for goods confiscated by foraging union troops our modern practice of signing the oath comes from this period at the end of the war in 1865 the test oath stood as a formidable barrier to president andrew johnsons moderate reconstruction policies designed to allow residents of the south to participate in their own government while the president pushed for a rapid reintegration of southern states those in congress who wished to impose a harsh peace insisted on the test oath which had been created in part to prevent exconfederates from taking federal positions many of the oaths drafters specifically had in mind blocking the return of one of my direct senate predecessorsjefferson davis the constitutions 14th amendment ratified in 1868 permitted congress to remove barriers to service by former confederates through a twothirds vote of both houses congress then enacted an oath for those in this category allowing them to ignore the test oaths first section regarding past loyalties and subscribe only to its second section pledging future allegiance that 1868 oath is identical to the one we take today as postwar tensions eased congress in 1871 dropped the requirement for a twothirds vote of both houses for former confederates entering congressional service or government employment for another 13 years however all oath takers who were not former confederates were required to take the full test oath in 1877 to further complicate matters the senate amended its rules to require that senators take not only the 1862 or the 1868 oath but also the original oath of 1789 reflecting the confusion surrounding these multiple requirements the senates archives contain no signed oaths foe the years between 1871 and 1880 from 1880 until 1884 nearly 20 years after the wars conclusion newly elected southern senators who had participated in that conflict signed the 1868 oath while all the others signed the 1862 test oath on january 11 1884 as part of a general revision of its rules the senate replaced specific references to the rules of 1862 and 1868 with the simple statement that is now rule iii of our standing rules the oaths or affirmations required by the constitution and prescribed by law shall be taken and sub scribed by each senator in open senate before entering upon his duties seven weeks later bringing to a close nearly a quarter century of confusion and acrimony the senate repealed the 1862 test oath from that day to this the high solemn oath prescribed by law has been the oath of 1868,1990s,105,R,S,Unknown,920,0.0,first-term
1050000005,1997,105115011.0,Mr. President. before the Chair presents the certification of election for the swearing in to begin. I would like to take a moment to speak about the seating of one of our new colleagues who will be sworn in within the next few minutes. I am referring to the seating of Senatorelect LANDRIEU. The Senate has received petitions from the citizens of the State of Louisiana contesting the election of Senatorelect,mr president before the chair presents the certification of election for the swearing in to begin i would like to take a moment to speak about the seating of one of our new colleagues who will be sworn in within the next few minutes i am referring to the seating of senatorelect landrieu the senate has received petitions from the citizens of the state of louisiana contesting the election of senatorelect,1990s,105,R,S,Unknown,71,0.0,first-term
1050000007,1997,105112401.0,"Mr. President. let me begin by thanking the distinguished majority leader for his comments and welcoming him to the 105th Congress. as we welcome all of the newly elected Members to this prestigious body. As the Senator also noted. we have a number of former colleagues who have now reached the height of ""citizen."" and we welcome them in their new positions as well. The families are here. We all note their presence and recognize what an important day and a memorable day it is for not only the Senatorselect. but for the families as well. We begin this session with much hope and good will. And I think the remarks just made by the majority leader concerning Senator LANDfZEU are reflective of that. I would like to believe that the administration of the oath of Senatorelect LANDRIEU will not prejudice in any way the Senates constitutional power to judge the Louisiana election. Neither will the pendency of Mr. Jenkins petition diminish in any way the effect of the oath that will now be administered to Senatorelect",mr president let me begin by thanking the distinguished majority leader for his comments and welcoming him to the 105th congress as we welcome all of the newly elected members to this prestigious body as the senator also noted we have a number of former colleagues who have now reached the height of citizen and we welcome them in their new positions as well the families are here we all note their presence and recognize what an important day and a memorable day it is for not only the senatorselect but for the families as well we begin this session with much hope and good will and i think the remarks just made by the majority leader concerning senator landfzeu are reflective of that i would like to believe that the administration of the oath of senatorelect landrieu will not prejudice in any way the senates constitutional power to judge the louisiana election neither will the pendency of mr jenkins petition diminish in any way the effect of the oath that will now be administered to senatorelect,1990s,105,D,S,Unknown,176,0.0,first-term
1050000033,1997,105115011.0,Before that is completed. Mr. President. for the information of all Senators. there are a number of traditional resolutions and unanimous consent requests that we will need to work through now. We have discussed these. and they have been cleared with the Democratic leader. There are a number of them.. It will take some time. We do not at this time anticipate any recorded vote. I wanted the Sen.ators to be aware of that. So I renew my request.,before that is completed mr president for the information of all senators there are a number of traditional resolutions and unanimous consent requests that we will need to work through now we have discussed these and they have been cleared with the democratic leader there are a number of them it will take some time we do not at this time anticipate any recorded vote i wanted the sen ators to be aware of that so i renew my request,1990s,105,R,S,Unknown,80,0.0,first-term
1050000037,1997,105115011.0,Mr. President. in order that we may carry out the direction of this resolution. we will ask for a quorum call at this point so the Democratic leader and I can move across the Hall to the Vice Presidents office to make the traditional call. With that. I suggest the absence of a quorum.,mr president in order that we may carry out the direction of this resolution we will ask for a quorum call at this point so the democratic leader and i can move across the hall to the vice presidents office to make the traditional call with that i suggest the absence of a quorum,1990s,105,R,S,Unknown,54,0.0,first-term
1050000042,1997,105115011.0,Mr. President. I report to the Senate that Senator DASCHLE and I have spoken to the President and have assured him that we have taken the necessary actions to swear in our Members and establish our quorum. and we are ready to do business. He said he was glad to hear that and he is ready to go to work.,mr president i report to the senate that senator daschle and i have spoken to the president and have assured him that we have taken the necessary actions to swear in our members and establish our quorum and we are ready to do business he said he was glad to hear that and he is ready to go to work,1990s,105,R,S,Unknown,60,0.0,first-term
1050000058,1997,,The Senator from South Carolina. to be escorted by the majority leader. Mr. LOTT. the Democratic leader. Mr. DASCHLE. the former President pro tempore. Mr. BYRD. and the Senator from South Carolina. Mr. HOLLINGS. will present himself at the desk to take the oath of office. The President pro tempore advanced to the desk of the Vice President. the oath was administered to him by the Vice President. and he subscribed to the oath in the official oath book.,the senator from south carolina to be escorted by the majority leader mr lott the democratic leader mr daschle the former president pro tempore mr byrd and the senator from south carolina mr hollings will present himself at the desk to take the oath of office the president pro tempore advanced to the desk of the vice president the oath was administered to him by the vice president and he subscribed to the oath in the official oath book,1990s,105,,S,Unknown,79,0.0,
1050000060,1997,105112401.0,Mr. President. on behalf of all the Members of the Democratic caucus. let me congratulate the President pro tempore on his ascension to this position once again. He has served ably in the last Congress and he has gained the respect of many new Members who did not have the opportunity to work with him in the past. I know that will be the case once more in the 105th Congress. So we join with our Republican colleagues in congratulating and wishing you well on your election and expressing the hope that we can continue to work so ably together. as you have so clearly demonstrated the ability to do in the last Congress.,mr president on behalf of all the members of the democratic caucus let me congratulate the president pro tempore on his ascension to this position once again he has served ably in the last congress and he has gained the respect of many new members who did not have the opportunity to work with him in the past i know that will be the case once more in the 105th congress so we join with our republican colleagues in congratulating and wishing you well on your election and expressing the hope that we can continue to work so ably together as you have so clearly demonstrated the ability to do in the last congress,1990s,105,D,S,Unknown,113,0.0,first-term
1050000063,1997,105115011.0,Mr. President. I would like to congratulate the distinguished Senator from South Carolina for his reelection. Once again the people of South Carolina have shown their usual good judgment. And I also congratulate you on your being reelected as the President pro tempore. Your leadership and your determination to pass good legislation for the best interests of our country and the honorable way in which you serve as the Senator for your great State and as leader in the Senate is one for which we are all very proud and one. that as such sets an example for all of us to emulate. We congratulate you and wish you the very best in the 105th Congress. We know you will do your traditional good work.,mr president i would like to congratulate the distinguished senator from south carolina for his reelection once again the people of south carolina have shown their usual good judgment and i also congratulate you on your being reelected as the president pro tempore your leadership and your determination to pass good legislation for the best interests of our country and the honorable way in which you serve as the senator for your great state and as leader in the senate is one for which we are all very proud and one that as such sets an example for all of us to emulate we congratulate you and wish you the very best in the 105th congress we know you will do your traditional good work,1990s,105,R,S,Unknown,124,0.0,first-term
1050000066,1997,105114621.0,"Mr. President. I thank the distinguished majority leader. For the record. and without being critical of anyone. I am sure that we have followed late precedent in notifying the House and notifying the President after the President pro tempore is elected. When the Senate first met on April 6th. 1789. after having been delayed 34 days for the lack of a quorum. the first order of business was the election of a President pro tempore. who is a constitutional officer. The Senate is required to elect a Member of the body to serve as the President pro tempore in the absence of the Vice President. When the Senate met on April 6th. 1789 there was no Vice President. There was no President. And once the President pro tempore was electedhis name was John Langdon from New Hampshirethe Senate then notified the House that it was organized and ready to count the electoral ballots. So the selection of the President pro tempore ""was first because the Senate had to have a Presiding Officer. And there was no Vice President. There was no Vice President until April 21st of 1789 when the Vice President. John Adams. took the oath of office. So I say this because sometimes we vary from precedent without thinking about it. And it escaped my notice that this was done. I think. in the last Congress when the President pro tempore was elected. But in any event. for the record. I hope that in the future we will follow the practice of the Members of the Senate of 1789. when a President pro tempore is to be elected. In the old days they elected a President pro tempore perhaps for the occasion. or one for a single day. But the practice now is that we elect a President pro tempore. who serves until another is electedhe retires. or passes on to another world. or his party loses control and a new President pro tempore is elected. or until his own term as Senator expires and he is reelected. as was the case today. I thank all Senators for their indulgence. And -especially I thank our two fine leaders. I am also very favorably impressed with both leaders. I know that they are going to do the Senate proud and do all of us proud.",mr president i thank the distinguished majority leader for the record and without being critical of anyone i am sure that we have followed late precedent in notifying the house and notifying the president after the president pro tempore is elected when the senate first met on april 6th 1789 after having been delayed 34 days for the lack of a quorum the first order of business was the election of a president pro tempore who is a constitutional officer the senate is required to elect a member of the body to serve as the president pro tempore in the absence of the vice president when the senate met on april 6th 1789 there was no vice president there was no president and once the president pro tempore was electedhis name was john langdon from new hampshirethe senate then notified the house that it was organized and ready to count the electoral ballots so the selection of the president pro tempore was first because the senate had to have a presiding officer and there was no vice president there was no vice president until april 21st of 1789 when the vice president john adams took the oath of office so i say this because sometimes we vary from precedent without thinking about it and it escaped my notice that this was done i think in the last congress when the president pro tempore was elected but in any event for the record i hope that in the future we will follow the practice of the members of the senate of 1789 when a president pro tempore is to be elected in the old days they elected a president pro tempore perhaps for the occasion or one for a single day but the practice now is that we elect a president pro tempore who serves until another is electedhe retires or passes on to another world or his party loses control and a new president pro tempore is elected or until his own term as senator expires and he is reelected as was the case today i thank all senators for their indulgence and -especially i thank our two fine leaders i am also very favorably impressed with both leaders i know that they are going to do the senate proud and do all of us proud,1990s,105,D,S,Unknown,378,0.0,first-term
1050000067,1997,105115011.0,Mr. President. I thank the distinguished Senator from West Virginia for that information. And certainly we want to follow the precedents very closely. I will make sure that we look carefully at those and be prepared to elect a President pro tempore first the next time. Certainly. my feeling is that there is no higher honor nor greater responsibility nor greater opportunity than electing the Senator from South Carolina as the leader and as President pro tempore of the Senate. So I thank Senator BYRD for his comments.,mr president i thank the distinguished senator from west virginia for that information and certainly we want to follow the precedents very closely i will make sure that we look carefully at those and be prepared to elect a president pro tempore first the next time certainly my feeling is that there is no higher honor nor greater responsibility nor greater opportunity than electing the senator from south carolina as the leader and as president pro tempore of the senate so i thank senator byrd for his comments,1990s,105,R,S,Unknown,88,0.0,first-term
1050000077,1997,105115011.0,Mr. President. these unanimousconsent requests are those of the standing orders--for example. the setting of leaders time each daywhich are obtained at the beginning of each Congress which govern our daytoday activities. As in the past. these consents have been cleared with the Democratic leader. Therefore. I send to the desk 11 unanimousconsent requests and ask for their immediate consideration en bloc. that the requests be agreed to en bloc. and that the various consents be shown separately in the RECORD. Mr. President. I ask unanimous consent that for the duration of the 105th Congress. the Ethics Committee be authorized to meet during the session of the Senate. Mr. President.-I ask unanimous consent that for the duration of the 105th Congress. there be a limitation of 15 minutes each upon any rollcall vote. with the warning signal to be sounded at the midway point. beginning at the last 7 minutes. and when rollcall votes are of -10minute duration. the warning signal be sounded at the beginning of the last 7 minutes. Mr. President. I ask unanimous consent that during the Congress. it be in order for the Secretary of the Senate to receive reports at the desk when presented by a Senator at any time during the day of the session of the Senate. Mr. President. I ask unanimous consent that the majority and minority leaders may daily have up to 10 minutes each on each calendar day following the prayer and- disposition of the reading of. or the approval of. the Journal. Mr. President. I ask unanimous consent that the Parliamentarian of the House of Representatives and his three assistants be given the privilege of the floor during the 105th Congress. Mr. President. I ask unanimous consent that. notwithstanding the provisions of rule XXVIII. conference reports and statements accompanying them not be printed as Senate reports when such conference reports and statements have been printed as a House report unless specific request is made in the Senate in each instance to have such a report printed. Mr. President. I ask unanimous consent that the Committee on Appropriations be authorized during the 105th Congress to file reports during adjournments or recesses of the Senate on appropriation bills. including joint resolutions. together with any accompanying notices of motions to suspend rule XVI. pursuant to rule V. for the purpose of offering certain amendments to such bills or joint resolutions. which proposes amendments shall be printed. Mr. President. I ask unanimous consent that. for the duration of the 105th Congress. the Secretary of the Senate be authorized to make technical and clerical corrections in the engrossments of all Senatepassed bills and resolutions. Senate amendments to House bills and resolutions. Senate amendments to House amendments to Senate bills and resolutions. and Senate amendments to House amendments to Senate amendments to House bills or resolutions. Mr. President. I ask unanimous consent that for the duration of the 105th Congress. when the Senate is in recess or adjournment. the Secretary of the Senate be authorized to receive messages from the President of the United States. andwith the exception of House bills. joint resolutions. and concurrent resolutions--messages from the House of Representatives. and that they be appropriately referred. and that the President of the Senate. the President pro tempore. and the Acting President pro tempore be authorized to sign duly enrolled bills and joint resolutions. Mr. President. I ask unanimous consent that for the duration of the 105th Congress. Senators be allowed to leave at the desk with the journal clerk the names of two staff members who will be granted the privilege of the floor during the consideriation of the specific matter noted. and that the Sergeant at Arms be instructed to rotate such staff members as space allows. Mr. President. I ask unanimous consent that for the duration of the 105th Congress. it be in order to refer treaties and nominations on the day when they are received from the President. even when the Senate has no executive session that day.,mr president these unanimousconsent requests are those of the standing orders--for example the setting of leaders time each daywhich are obtained at the beginning of each congress which govern our daytoday activities as in the past these consents have been cleared with the democratic leader therefore i send to the desk 11 unanimousconsent requests and ask for their immediate consideration en bloc that the requests be agreed to en bloc and that the various consents be shown separately in the record mr president i ask unanimous consent that for the duration of the 105th congress the ethics committee be authorized to meet during the session of the senate mr president -i ask unanimous consent that for the duration of the 105th congress there be a limitation of 15 minutes each upon any rollcall vote with the warning signal to be sounded at the midway point beginning at the last 7 minutes and when rollcall votes are of -10minute duration the warning signal be sounded at the beginning of the last 7 minutes mr president i ask unanimous consent that during the congress it be in order for the secretary of the senate to receive reports at the desk when presented by a senator at any time during the day of the session of the senate mr president i ask unanimous consent that the majority and minority leaders may daily have up to 10 minutes each on each calendar day following the prayer and- disposition of the reading of or the approval of the journal mr president i ask unanimous consent that the parliamentarian of the house of representatives and his three assistants be given the privilege of the floor during the 105th congress mr president i ask unanimous consent that notwithstanding the provisions of rule xxviii conference reports and statements accompanying them not be printed as senate reports when such conference reports and statements have been printed as a house report unless specific request is made in the senate in each instance to have such a report printed mr president i ask unanimous consent that the committee on appropriations be authorized during the 105th congress to file reports during adjournments or recesses of the senate on appropriation bills including joint resolutions together with any accompanying notices of motions to suspend rule xvi pursuant to rule v for the purpose of offering certain amendments to such bills or joint resolutions which proposes amendments shall be printed mr president i ask unanimous consent that for the duration of the 105th congress the secretary of the senate be authorized to make technical and clerical corrections in the engrossments of all senatepassed bills and resolutions senate amendments to house bills and resolutions senate amendments to house amendments to senate bills and resolutions and senate amendments to house amendments to senate amendments to house bills or resolutions mr president i ask unanimous consent that for the duration of the 105th congress when the senate is in recess or adjournment the secretary of the senate be authorized to receive messages from the president of the united states andwith the exception of house bills joint resolutions and concurrent resolutions--messages from the house of representatives and that they be appropriately referred and that the president of the senate the president pro tempore and the acting president pro tempore be authorized to sign duly enrolled bills and joint resolutions mr president i ask unanimous consent that for the duration of the 105th congress senators be allowed to leave at the desk with the journal clerk the names of two staff members who will be granted the privilege of the floor during the consideriation of the specific matter noted and that the sergeant at arms be instructed to rotate such staff members as space allows mr president i ask unanimous consent that for the duration of the 105th congress it be in order to refer treaties and nominations on the day when they are received from the president even when the senate has no executive session that day,1990s,105,R,S,Unknown,654,0.0,first-term
1140000002,2015,,As directed by law. the Clerk of the House has prepared the official roll of the Representativeselect. Certificates of election covering 435 seats in the 114th Congress have been received by the Clerk of the House. and the names of those persons whose credentials show that they were regularly elected as Representatives in accordance with the laws of their respective States or of the United States will be called. The Representativeselect will record their presence by electronic device and their names will be reported in alphabetical order by State. beginning with the State of Alabama. to determine whether a quorum is present. Representatives- elect will have a minimum of 15 minutes to record their presence by electronic device. Representatives- elect who have not obtained their voting ID cards may do so now in the Speakers lobby.,as directed by law the clerk of the house has prepared the official roll of the representativeselect certificates of election covering 435 seats in the 114th congress have been received by the clerk of the house and the names of those persons whose credentials show that they were regularly elected as representatives in accordance with the laws of their respective states or of the united states will be called the representativeselect will record their presence by electronic device and their names will be reported in alphabetical order by state beginning with the state of alabama to determine whether a quorum is present representatives- elect will have a minimum of 15 minutes to record their presence by electronic device representatives- elect who have not obtained their voting id cards may do so now in the speakers lobby,2010s,114,,,Unknown,133,0.0666666666666666,
1140000004,2015,,Credentials. regular in form. have been received showing the election of: The Honorable PEDRO R. PIERLUISI as Resident Commissioner from the Commonwealth of Puerto Rico for a term of 4 years beginning January 3. 2013. The Honorable ELEANOR HOLMES NORTON as Delegate from the District of Columbia. The Honorable MADELEINE Z. BORDALLO as Delegate from Guam. The Honorable STACEY E. PLASKETT as Delegate from the Virgin Islands. The Honorable AMATA COLEMAN RADEWAGEN as Delegate from American Samoa. and The Honorable GREGORIO SABLAN as Delegate from the Commonwealth of the Northern Mariana Islands.,credentials regular in form have been received showing the election of the honorable pedro r pierluisi as resident commissioner from the commonwealth of puerto rico for a term of 4 years beginning january 3 2013 the honorable eleanor holmes norton as delegate from the district of columbia the honorable madeleine z bordallo as delegate from guam the honorable stacey e plaskett as delegate from the virgin islands the honorable amata coleman radewagen as delegate from american samoa and the honorable gregorio sablan as delegate from the commonwealth of the northern mariana islands,2010s,114,,H,Unknown,89,0.0666666666666666,
1140000006,2015,,Pursuant to law and precedent. the next order of business is the election of the Speaker of the Adams Butterfield Ellmers Foxx Beatty Boehner Chabot Fudge Gibbs Johnson Barletta Boyle Brady Cartwright Costello Dent House of Representatives for the 114th Congress. Nominations are now in order. The Clerk recognizes the gentlewoman from Washington (Mrs. MCMOR-,pursuant to law and precedent the next order of business is the election of the speaker of the adams butterfield ellmers foxx beatty boehner chabot fudge gibbs johnson barletta boyle brady cartwright costello dent house of representatives for the 114th congress nominations are now in order the clerk recognizes the gentlewoman from washington mrs mcmor-,2010s,114,,H,Unknown,54,0.0666666666666666,
1140000007,2015,114120480.0,RODGERS. Madam Clerk. it is an honor to address the House at the start of the 114th Congress. If there is one thing I have learned as a legislator. it is that we cannot achieve great things alone. It takes a willingness to come together. find common ground. and advance solutions that make peoples lives better. In that spirit. I welcome Americas new Congress. one that will chart the path towards a government that is more open. transparent. and trustworthy. To lead us on this path. the Republican Conference has nominated a man of great character and conviction. The second oldest of 12 children. he grew up mopping floors and waiting tables at his familys tavern. He ran a successful small business. He was elected to the Ohio State House and then this House. where he served as committee chairman. Republican Conference chairman. minority leader. majority leader. and Speaker. He is a reformer who works every day to make government more accountable to the people. For all of this. he calls himself a regular guy with a big job. and that job. he says. is to listen. because if we listen to the people. listen to one another. there is no telling what we can accomplish together for the future of this great country. Madam Clerk. as chair of the Republican Conference and by unanimous vote of that conference. I present for election to the office of Speaker of the House of Representatives for the 114th Congress the name of the Honorable JOHN A. BOEHNER. our dear friend and colleague. a Representativeelect from the State of Ohio.,rodgers madam clerk it is an honor to address the house at the start of the 114th congress if there is one thing i have learned as a legislator it is that we cannot achieve great things alone it takes a willingness to come together find common ground and advance solutions that make peoples lives better in that spirit i welcome americas new congress one that will chart the path towards a government that is more open transparent and trustworthy to lead us on this path the republican conference has nominated a man of great character and conviction the second oldest of 12 children he grew up mopping floors and waiting tables at his familys tavern he ran a successful small business he was elected to the ohio state house and then this house where he served as committee chairman republican conference chairman minority leader majority leader and speaker he is a reformer who works every day to make government more accountable to the people for all of this he calls himself a regular guy with a big job and that job he says is to listen because if we listen to the people listen to one another there is no telling what we can accomplish together for the future of this great country madam clerk as chair of the republican conference and by unanimous vote of that conference i present for election to the office of speaker of the house of representatives for the 114th congress the name of the honorable john a boehner our dear friend and colleague a representativeelect from the state of ohio,2010s,114,R,H,Unknown,264,0.0666666666666666,first-term
1140000009,2015,114118560.0,Madam Clerk. first I would like to recognize each and every Member who has taken to this floor to represent the people of the United States and say congratulations to them and to all of their loved ones who are here witnessing this solemn event where we will have an opportunity to lead our country. We say congratulations to them as well. Madam Clerk. I have the distinct pleasure of nominating someone who is a proven leader. someone who already will go down in history as one of the most effective Speakers the House of Representatives has ever seen. someone who has shown that it doesnt take a man to get the job done. that it can be done by an American who is devoted to this country. someone who knows her heritage. someone who has worked tirelessly for the American people. but someone who understands first and foremost that the job of this House is to get things done. I have been empowered. Madam Clerk. to nominate on behalf of all working Americans. those Americans who still believe in the American Dream. to put the name of the gentlewoman from San Francisco who will serve again in the House of Representatives. put her name forward for the office of the Speaker of the House of Representatives for the 114th Congress. I. therefore. at this point put before you the name of NANCY PELOSI to serve as the Speaker of the House of Representatives.,madam clerk first i would like to recognize each and every member who has taken to this floor to represent the people of the united states and say congratulations to them and to all of their loved ones who are here witnessing this solemn event where we will have an opportunity to lead our country we say congratulations to them as well madam clerk i have the distinct pleasure of nominating someone who is a proven leader someone who already will go down in history as one of the most effective speakers the house of representatives has ever seen someone who has shown that it doesnt take a man to get the job done that it can be done by an american who is devoted to this country someone who knows her heritage someone who has worked tirelessly for the american people but someone who understands first and foremost that the job of this house is to get things done i have been empowered madam clerk to nominate on behalf of all working americans those americans who still believe in the american dream to put the name of the gentlewoman from san francisco who will serve again in the house of representatives put her name forward for the office of the speaker of the house of representatives for the 114th congress i therefore at this point put before you the name of nancy pelosi to serve as the speaker of the house of representatives,2010s,114,D,H,Unknown,243,0.0666666666666666,first-term
1140000013,2015,114122500.0,Madam Clerk. I present for the election of the office of Speaker of the House of Representatives for the 114th Congress the name of Judge LOUIE GOHMERT. a Representativeelect from the great State of Texas. Madam Clerk. Judge GOHMERT proudly serves the First District of Texas. He is serving his fifth term in the House of Representatives. Prior to being elected to serve in Congress. he was elected to three terms as district judge in Smith County and was appointed by Governor Rick Perry to be the chief justice of the 12th Court of Appeals. Madam Clerk. this is not about Judge GOHMERT. it is about establishing a strong check on the executive branch. I think a quote applies to my friend LOUIE GOHMERT. It is from Mark Twain. He said: In the beginning of a change. the patriot is a scarce man. and he is brave and hated and scorned. When his cause succeeds. the timid join him. for then it costs nothing to be a patriot. My constituents from the First District of Oklahoma are looking for this kind of patriot.,madam clerk i present for the election of the office of speaker of the house of representatives for the 114th congress the name of judge louie gohmert a representativeelect from the great state of texas madam clerk judge gohmert proudly serves the first district of texas he is serving his fifth term in the house of representatives prior to being elected to serve in congress he was elected to three terms as district judge in smith county and was appointed by governor rick perry to be the chief justice of the 12th court of appeals madam clerk this is not about judge gohmert it is about establishing a strong check on the executive branch i think a quote applies to my friend louie gohmert it is from mark twain he said in the beginning of a change the patriot is a scarce man and he is brave and hated and scorned when his cause succeeds the timid join him for then it costs nothing to be a patriot my constituents from the first district of oklahoma are looking for this kind of patriot,2010s,114,R,H,Unknown,181,0.0666666666666666,first-term
1140000015,2015,114120060.0,Madam Clerk. I rise to place in a nomination for election to the constitutional office of Speaker of the United States House of Representatives a man who has served as speaker of the statehouse. a man who respects this institution. a man who understands that power and principle cannot coexist without recognizing the sanctity of each Members vote in this House of Representatives. a man who will restore this institution of the House of Representatives. I place in nomination the name of DANIEL WEBSTER. a Representativeelect from the great State of Florida.,madam clerk i rise to place in a nomination for election to the constitutional office of speaker of the united states house of representatives a man who has served as speaker of the statehouse a man who respects this institution a man who understands that power and principle cannot coexist without recognizing the sanctity of each members vote in this house of representatives a man who will restore this institution of the house of representatives i place in nomination the name of daniel webster a representativeelect from the great state of florida,2010s,114,R,H,Iowa,92,0.0666666666666666,first-term
1140000016,2015,,Are there further nominations? The names of the Honorable JOHN A. BOEHNER. a Representativeelect from the State of Ohio. the Honorable NANCY PELOSI. a Representativeelect from the State of California. the Honorable TED YOHO. a Representativeelect from the State of Florida. the Honorable LOUIE GOHMERT. a Representativeelect from the State of Texas. and the Honorable DANIEL WEBSTER. a Representativeelect from the State of Florida. have been placed in nomination. Are there further nominations? There being no further nominations. the Clerk appoints the following tellers: The gentlewoman from Michigan,are there further nominations the names of the honorable john a boehner a representativeelect from the state of ohio the honorable nancy pelosi a representativeelect from the state of california the honorable ted yoho a representativeelect from the state of florida the honorable louie gohmert a representativeelect from the state of texas and the honorable daniel webster a representativeelect from the state of florida have been placed in nomination are there further nominations there being no further nominations the clerk appoints the following tellers the gentlewoman from michigan,2010s,114,,H,Unknown,88,0.0666666666666666,
1140000017,2015,114120780.0,My colleagues of the United States House of Representatives. it is a high honor to welcome you and your families to the 114th Congress. To our newest Members. this is a special pleasure to give you an exceptional welcome and congratulations. Welcome to our newest Members. As was indicated by the vote. many of our colleagues from the State of New York are not with us because they are attending the funeral of Governor Mario Cuomo. I extend condolences to our colleagues from the State of New York and have extended the sympathies of many in this body to Governor Cuomos widow. Matilda. and to his family. As an Italian American. I am especially proud of his leadership and extend sympathies to his family. Thank you. Cuomo family. Thank you. New York delegation. None of us would be standing here without the support and the strength of our families. Today. I am going to thank my dear husband of 51 years. Paul Pelosi. and my five children and nine grandchildren. all the Pelosis and DAlesandros. Let all of us applaud all of our families. To my Democratic colleagues and to my constituents in San Francisco. I thank you for the privilege of serving in the House. but to my colleagues. I thank you for the honor of serving as leader. but all of us should applaud all of our constituents for sending us here. So let us. again. applaud our constituents. Each one of us. Mr. Speaker. as you know. represents Republicans. represents Democrats. Independents. and others. and we should always pay tribute to the American people. The American people have called upon each of us to serve them. They have entrusted us with their hopes. their dreams. and they have asked us to address their challenges. The financial stability of a strong middle class and those who aspire to it is the bedrock of our economy and the backbone of our American democracy. We have a moral imperative to ensure that working men and women enjoy the bounty of their unprecedented productivity and to expand the purchasing power of families. To that end. today. Democrats will put forward a legislative package to put Americans back to work building our roads and bridges and meeting the needs of the American people. paid for by bringing our tax dollars back home and to increase the paycheck of Americas working families. We invite our Republican colleagues to join us in supporting the Stop Corporate Expatriation and Invest in Americas Infrastructure Act. It is time to stop rewarding companies to move overseas and instead use those dollars to create goodpaying jobs here at home. We ask for Republican support and action on the CEOEmployee Pay Fairness Act. legislation to ensure that workers share in the fruit of their productivity. denying CEOs the ability to claim tax deductions on annual income over $1 million unless they give their employees a welldeserved raise. We must have an economy that works for everyone. not just the privileged few. and we hope Republicans will join us to achieve a better infrastructure and bigger paychecks for the working people of our countrybetter infrastructure. bigger paychecks. We open this 114th Congress in the year we celebrate the 50th anniversary of the Voting Rights Act. one of the most consequential pieces of legislation in our history. President Lyndon Johnson and Congress passed it. The President signed it. Reverend Martin Luther King. Jr.. and others. along with our own JOHN LEWIS. fought for it and inspired it. We must continue to inspire the engagement of every American. It is the vote that preserves our democracy. ends injustice. advances dreams. and sustains our freedom. In terms of protecting our freedom. let us recognize. salute. and thank all of those brave Americans who protect our rightsindeed. protect all of our libertyour men and women in uniform. our veterans. and our military families. Mr. Speaker. today. we are at the start of a new year and a new Congress. with fresh opportunity for the American people. Today is the Feast of the Epiphany. the visit of the magi. so let us have our own epiphany. for this moment. on this day. we are not just Republicans and Democrats. we are Americans not just in name. but in spirit. standing on higher ground than the last election. My hope is that in the inevitable exchanges and clashes that may happen in the months ahead. we will not lose sight of the truth that is as fresh as this ceremony is today and as historic as our Republic that the ideals that unite us are stronger than the issues that divide us in this House. That does not mean that we are dispensing with all disagreements in this debate. Our democracy is robust precisely because we have beliefs and we stand proudly. even persistently. for them. and our democracy endures and prevails because in the end. we are humble enough to find a way forward together. My fellow colleagues of the 114th Congress. let us uphold our deep and different convictions. but let us honor our common obligation to our country. In this Congress. we will do so under the leadership of Speaker JOHN BOEHNER. This House will continue to be led by a proud son of Ohio and a happy fan of the Ohio State football team. A man of abiding faith. great heart. and deep dedication. JOHN BOEHNER is truly a gentleman from Ohio. Congratulations to you. JOHN. to Mr. Speaker. to Debbie. to your daughters. Lindsay and Tricia. and the entire Boehner family. Thank you for sharing JOHN BOEHNER with us. God bless you and your family. Mr. Speaker. May God continue to bless the Members of the House of Representatives. This is the peoples House. This is the peoples gavel. In the peoples name. it is my privilege to hand it to the Speaker of the House for the 114th Congress. the Honorable JOHN BOEHNER. God bless you. Mr. Speaker. and God bless America.,my colleagues of the united states house of representatives it is a high honor to welcome you and your families to the 114th congress to our newest members this is a special pleasure to give you an exceptional welcome and congratulations welcome to our newest members as was indicated by the vote many of our colleagues from the state of new york are not with us because they are attending the funeral of governor mario cuomo i extend condolences to our colleagues from the state of new york and have extended the sympathies of many in this body to governor cuomos widow matilda and to his family as an italian american i am especially proud of his leadership and extend sympathies to his family thank you cuomo family thank you new york delegation none of us would be standing here without the support and the strength of our families today i am going to thank my dear husband of 51 years paul pelosi and my five children and nine grandchildren all the pelosis and dalesandros let all of us applaud all of our families to my democratic colleagues and to my constituents in san francisco i thank you for the privilege of serving in the house but to my colleagues i thank you for the honor of serving as leader but all of us should applaud all of our constituents for sending us here so let us again applaud our constituents each one of us as you know represents republicans represents democrats independents and others and we should always pay tribute to the american people the american people have called upon each of us to serve them they have entrusted us with their hopes their dreams and they have asked us to address their challenges the financial stability of a strong middle class and those who aspire to it is the bedrock of our economy and the backbone of our american democracy we have a moral imperative to ensure that working men and women enjoy the bounty of their unprecedented productivity and to expand the purchasing power of families to that end today democrats will put forward a legislative package to put americans back to work building our roads and bridges and meeting the needs of the american people paid for by bringing our tax dollars back home and to increase the paycheck of americas working families we invite our republican colleagues to join us in supporting the stop corporate expatriation and invest in americas infrastructure act it is time to stop rewarding companies to move overseas and instead use those dollars to create goodpaying jobs here at home we ask for republican support and action on the ceoemployee pay fairness act legislation to ensure that workers share in the fruit of their productivity denying ceos the ability to claim tax deductions on annual income over 1 million unless they give their employees a welldeserved raise we must have an economy that works for everyone not just the privileged few and we hope republicans will join us to achieve a better infrastructure and bigger paychecks for the working people of our countrybetter infrastructure bigger paychecks we open this 114th congress in the year we celebrate the 50th anniversary of the voting rights act one of the most consequential pieces of legislation in our history president lyndon johnson and congress passed it the president signed it reverend martin luther king jr and others along with our own john lewis fought for it and inspired it we must continue to inspire the engagement of every american it is the vote that preserves our democracy ends injustice advances dreams and sustains our freedom in terms of protecting our freedom let us recognize salute and thank all of those brave americans who protect our rightsindeed protect all of our libertyour men and women in uniform our veterans and our military families today we are at the start of a new year and a new congress with fresh opportunity for the american people today is the feast of the epiphany the visit of the magi so let us have our own epiphany for this moment on this day we are not just republicans and democrats we are americans not just in name but in spirit standing on higher ground than the last election my hope is that in the inevitable exchanges and clashes that may happen in the months ahead we will not lose sight of the truth that is as fresh as this ceremony is today and as historic as our republic that the ideals that unite us are stronger than the issues that divide us in this house that does not mean that we are dispensing with all disagreements in this debate our democracy is robust precisely because we have beliefs and we stand proudly even persistently for them and our democracy endures and prevails because in the end we are humble enough to find a way forward together my fellow colleagues of the 114th congress let us uphold our deep and different convictions but let us honor our common obligation to our country in this congress we will do so under the leadership of speaker john boehner this house will continue to be led by a proud son of ohio and a happy fan of the ohio state football team a man of abiding faith great heart and deep dedication john boehner is truly a gentleman from ohio congratulations to you john to to debbie to your daughters lindsay and tricia and the entire boehner family thank you for sharing john boehner with us god bless you and your family may god continue to bless the members of the house of representatives this is the peoples house this is the peoples gavel in the peoples name it is my privilege to hand it to the speaker of the house for the 114th congress the honorable john boehner god bless you and god bless america,2010s,114,D,H,Unknown,985,0.0666666666666666,first-term
1140000018,2015,114118060.0,Thank you. Friends. colleagues. countrymen. and especially the people of Ohios Eighth Congressional District. thank you for sending me here. Let us today welcome all of the new Members and all of their families to what we all know to be a truly historic day. As we welcome all of the Members back who were reelected. we want to welcome your families as well. and I want to thank my family. I was doing pretty well on the walk over here from my ceremonial office until I ran into DEVIN NUNES three little girlsmy three biggest fansand one of them came running over and gave me a kiss. and I was a mess. This is the day the Lord has made. Let us rejoice and be glad. We rejoice that our new Members and families are here. We welcome them. We are glad and humbled to begin anew as servants of the peoples House. Here. it is our duty and our privilege to lend a willing ear to the people. to make laws in tune with their priorities and within the limits of their Constitution. In recent months. our economy has shown signs of improvement. and after difficult years. it may be a temptation to accept what I will call the new normal. But America did not become exceptional by ease. Far too many Americans remain out of work. and too many are working harder only to lose ground to stagnant wages and rising costs. We can do better. We can build an economy that furthers betterpaying jobs. more growth. and more opportunity for the Nations middle class. This is our vital task. We will begin this endeavor on common ground. both in letter and in spirit. It was actually my predecessor. Nicholas Longworth of Cincinnati. who changed the order of things so that all Members now take the oath of office at the same time. He called this innovation a timesaving device. He sounds like my kind of guy. But this shared ritual is no passing formality. It is a frontier where words end and where deeds begin. The pessimists dont see us crossing this channel. They say nothing is going to be accomplished here. that division is wider than ever and so gridlock will be even greater. Frankly. fair enough. Skepticism of our government is healthy and. in our time. quite understandable. But one problem with saying it cant be done is that it already has been doneor at least started. In the last Congress. this House passed a number of jobs bills with broad support from the majority and the minority. and we will begin our work on this common ground. taking up measures to develop North American energy. restore the hours of middle class workers. and help small businesses hire more of our veterans. We invite the President to support and sign these bipartisan initiatives into law. It will be a good start. and more. it will be a sign that the logjam is breaking. and it will be a foundation on which to address the bigger challenges in the pursuit of freedom and security. No. this wont be done in a tidy way. The battle of ideas never ends and. frankly. never should. As Speaker. all I askand. frankly. expectis that we disagree without being disagreeable. In return. I pledge to help each of you carry out your duties. My door. of course. is always open. Now dont get carried away with itall right?-but it is always open. My colleagues. some things we do here will be characterized as shadowboxing and show business. but let me tell you and the American people. it is real work. It is a grind. as it should be. in striving to preserve the things that we all hold dear. Every day. you and I come out here. try to plant good seeds. cultivate the ground. and take care of the pests. and then. with patience and some sacrifice and Gods grace. there will be a harvest. Along the way. we may falter. but we Americans do not fall away from the task. We do not quit. So lets stand tall and prove the skeptics wrong. Lets make this a time of harvest. and may the fruits of our labors be ladders our children can use to climb the stairs to the stars. Thank you all. and God bless the United States of America. I am now ready to take the oath of office. I ask the Dean of the House of Representatives. the Honorable JOHN CONYERS of Michigan. to administer the oath of office.,thank you friends colleagues countrymen and especially the people of ohios eighth congressional district thank you for sending me here let us today welcome all of the new members and all of their families to what we all know to be a truly historic day as we welcome all of the members back who were reelected we want to welcome your families as well and i want to thank my family i was doing pretty well on the walk over here from my ceremonial office until i ran into devin nunes three little girlsmy three biggest fansand one of them came running over and gave me a kiss and i was a mess this is the day the lord has made let us rejoice and be glad we rejoice that our new members and families are here we welcome them we are glad and humbled to begin anew as servants of the peoples house here it is our duty and our privilege to lend a willing ear to the people to make laws in tune with their priorities and within the limits of their constitution in recent months our economy has shown signs of improvement and after difficult years it may be a temptation to accept what i will call the new normal but america did not become exceptional by ease far too many americans remain out of work and too many are working harder only to lose ground to stagnant wages and rising costs we can do better we can build an economy that furthers betterpaying jobs more growth and more opportunity for the nations middle class this is our vital task we will begin this endeavor on common ground both in letter and in spirit it was actually my predecessor nicholas longworth of cincinnati who changed the order of things so that all members now take the oath of office at the same time he called this innovation a timesaving device he sounds like my kind of guy but this shared ritual is no passing formality it is a frontier where words end and where deeds begin the pessimists dont see us crossing this channel they say nothing is going to be accomplished here that division is wider than ever and so gridlock will be even greater frankly fair enough skepticism of our government is healthy and in our time quite understandable but one problem with saying it cant be done is that it already has been doneor at least started in the last congress this house passed a number of jobs bills with broad support from the majority and the minority and we will begin our work on this common ground taking up measures to develop north american energy restore the hours of middle class workers and help small businesses hire more of our veterans we invite the president to support and sign these bipartisan initiatives into law it will be a good start and more it will be a sign that the logjam is breaking and it will be a foundation on which to address the bigger challenges in the pursuit of freedom and security no this wont be done in a tidy way the battle of ideas never ends and frankly never should as speaker all i askand frankly expectis that we disagree without being disagreeable in return i pledge to help each of you carry out your duties my door of course is always open now dont get carried away with itall right -but it is always open my colleagues some things we do here will be characterized as shadowboxing and show business but let me tell you and the american people it is real work it is a grind as it should be in striving to preserve the things that we all hold dear every day you and i come out here try to plant good seeds cultivate the ground and take care of the pests and then with patience and some sacrifice and gods grace there will be a harvest along the way we may falter but we americans do not fall away from the task we do not quit so lets stand tall and prove the skeptics wrong lets make this a time of harvest and may the fruits of our labors be ladders our children can use to climb the stairs to the stars thank you all and god bless the united states of america i am now ready to take the oath of office i ask the dean of the house of representatives the honorable john conyers of michigan to administer the oath of office,2010s,114,R,H,Unknown,766,0.0666666666666666,first-term
1140000019,2015,114119030.0,then administered the oath of office to Mr. BOEHNER of Ohio. as follows: Do you solemnly swear or affirm that you will support and defend the Constitution of the United States against all enemies. foreign and domestic. that you will bear true faith and allegiance to the same. that you take this obligation freely. without any mental reservation or purpose of evasion. and that you will well and faithfully discharge the duties of the office on which you are about to enter. so help you God.,then administered the oath of office to mr boehner of ohio as follows do you solemnly swear or affirm that you will support and defend the constitution of the united states against all enemies foreign and domestic that you will bear true faith and allegiance to the same that you take this obligation freely without any mental reservation or purpose of evasion and that you will well and faithfully discharge the duties of the office on which you are about to enter so help you god,2010s,114,D,H,Unknown,86,0.0666666666666666,first-term
1140000021,2015,,According to precedent. the Chair will swear in the Memberselect en masse. The Memberselect will rise and raise their right hands. The Memberselect rose. and the Speaker administered the oath of office to them as follows: Do you solemnly swear or affirm that you will support and defend the Constitution of the United States against all enemies. foreign and domestic. that you will bear true faith and allegiance to the same. that you take this obligation freely. without any mental reservation or purpose of evasion. and that you will well and faithfully discharge the duties of the office on which you are about to enter. so help you God.,according to precedent the chair will swear in the memberselect en masse the memberselect will rise and raise their right hands the memberselect rose and the speaker administered the oath of office to them as follows do you solemnly swear or affirm that you will support and defend the constitution of the united states against all enemies foreign and domestic that you will bear true faith and allegiance to the same that you take this obligation freely without any mental reservation or purpose of evasion and that you will well and faithfully discharge the duties of the office on which you are about to enter so help you god,2010s,114,,H,Unknown,109,0.0666666666666666,
1140000035,2015,,The Chair will now swear in the officers of the House. The officers presented themselves in the well of the House and took the oath of office as follows: Do you solemnly swear that you will support and defend the Constitution of the United States against all enemies. foreign and domestic. that you will bear true faith and allegiance to the same. that you take this obligation freely. without any mental reservation or purpose of evasion. and that you will well and faithfully discharge the duties of the office on which you are about to enter. so help you God.,the chair will now swear in the officers of the house the officers presented themselves in the well of the house and took the oath of office as follows do you solemnly swear that you will support and defend the constitution of the united states against all enemies foreign and domestic that you will bear true faith and allegiance to the same that you take this obligation freely without any mental reservation or purpose of evasion and that you will well and faithfully discharge the duties of the office on which you are about to enter so help you god,2010s,114,,H,Unknown,100,0.0666666666666666,
1140000039,2015,,Pursuant to House Resolution 3. the Chair announces the Speakers appointment of the following Members to the committee on the part of the House to join a committee on the part of the Senate to notify the President of the United States that a quorum of each House has assembled and that Congress is ready to receive any communication that he may be pleased to make: The gentleman from California and The gentlewoman from California,pursuant to house resolution 3 the chair announces the speakers appointment of the following members to the committee on the part of the house to join a committee on the part of the senate to notify the president of the united states that a quorum of each house has assembled and that congress is ready to receive any communication that he may be pleased to make the gentleman from california and the gentlewoman from california,2010s,114,,H,Unknown,74,0.0666666666666666,
1140000054,2015,114120900.0,Mr. Speaker. because of inclement weather and two grounded flights. I was unable to vote during rollcall 2Electing the Speaker of the House of Representatives. I would have proudly voted for Congresswoman NANCY PELOSI of California for Speaker of the House of Representatives. I was also unable to vote during rollcall vote 3Motion to Table. Had I been present. I would have voted against the Motion to Table.,because of inclement weather and two grounded flights i was unable to vote during rollcall 2electing the speaker of the house of representatives i would have proudly voted for congresswoman nancy pelosi of california for speaker of the house of representatives i was also unable to vote during rollcall vote 3motion to table had i been present i would have voted against the motion to table,2010s,114,D,H,North Carolina,64,0.0666666666666666,first-term
1140000062,2015,114120400.0,Mr. Speaker. I thank the gentleman for yielding. but I also want to thank Chairman SESSIONS for the hard work he has done in putting the rules package together today. Today. the House will adopt these rules to govern the 114th Congress and dictate how this House will function over the next 2 years. As you will hear over the course of this debate. they are a recommitment by the Republican majority to govern transparently. The rules ensure that both Members and the public have a chance to read bills before they come up for a vote. institute more accurate accounting for the economic effect of legislation. and restore the constitutional balance of power between the legislative and executive branches. With these rules in place. the House can now proceed in tackling the challenges facing America today and pass legislation that creates jobs. grows the economy. and promotes freedom for all Americans. Mr. Speaker. I urge adoption of the rules package.,i thank the gentleman for yielding but i also want to thank chairman sessions for the hard work he has done in putting the rules package together today today the house will adopt these rules to govern the 114th congress and dictate how this house will function over the next 2 years as you will hear over the course of this debate they are a recommitment by the republican majority to govern transparently the rules ensure that both members and the public have a chance to read bills before they come up for a vote institute more accurate accounting for the economic effect of legislation and restore the constitutional balance of power between the legislative and executive branches with these rules in place the house can now proceed in tackling the challenges facing america today and pass legislation that creates jobs grows the economy and promotes freedom for all americans i urge adoption of the rules package,2010s,114,R,H,Unknown,155,0.0666666666666666,first-term
1140000065,2015,114121410.0,"Mr. Speaker. I thank my friend from Texas for yielding me the time. and if I could just take a minute to wish everybody a great new session. It is good to be back. I yield myself such time as I may consume. Mr. Speaker. we rise today to set a new course for this Congress. though. with the record of the past Congresses. we know we have a lot of work to do. During their tenure. the majority has careened from crisis to crisis. sued the President for doing his job. brought the House to new heights of dysfunction and closed debate with the most closed rules in a single Congress in our Nations history. chased nonexistent scandals in Benghazi and at the IRS. and. since 2011. had this House vote more than 50 times to take health care away from their own constituents. This legacy of dysfunction. of partisanship and prioritizing political games over the public policy has dealt the American people a bad hand. By governing this House in such a haphazard way. the majority has closed down the process and shut out the American people. Sadly. the majority is poised to double down on their partisanship and even reinvent the mathematics of public policy. By using what is called ""dynamic scoring"" to pretend that tax cuts pay for themselves. Republicans will require the nonpartisan Congressional Budget Office and Joint Taxation Committee to use math that Bruce Bartlett. an economic adviser for both Presidents Ronald Reagan and George H.W. Bush. called ""smoke and mirrors."" This new math cooks the books in favor of the majority to pretend that the tax cut bills are revenue neutral. Time and time again. the falsehoods of dynamic scoring have come to light. The first President Bush even called this tactic ""voodoo economics."" But even so. the House Republicans want to change the rules and inject their partisan ideology into even the mathematics which underlies our Nations public policy. Rising above partisanship. the House Democrats will propose today two measures that would do immeasurable good for the American people. First. giving average Americans the paychecks that they deserve. our commonsense legislation would deny CEOs the ability to claim tax deductions on incomes over $1 million unless their own employees get a welldeserved raise first. This would ensure that average workers share in the fruit of the Nations productivity. not just the millionaires and the billionaires. Today. as our Tax Code stands. CEOs get a break and their workers are left out. The CEOs get the money. the deduction on taxes. and we get the bill to pay for that deduction. It is destroying the middle class. Second. Democrats will bring forward the Stop Corporate Expatriation and Invest in Americas Infrastructure Act. which prevents U.S. corporations from renouncing their citizenship to dodge paying their fair share of taxes. It is time to stop rewarding companies that move overseas and. instead. use those dollars to create goodpaying jobs here at home and rebuild our Nations crumbling infrastructure. By closing this loophole and ending the socalled tax inversions. we would raise an estimated $33.6 billion to invest in our roads. railways. and bridges which are falling apart all over the country. Last fall. I stood by a 100yearold bridge in Bushnells Basin that fell into such disrepair that firefighters stopped using it for fear the bridge could not bear the weight of the engines. It endangered the safety of the people they were expected to serve. In my home State of New York. 40 percent of the bridges have been rated structurally deficient or functionally obsolete. which is even worse. I wonder what the number is for the United States. This is an unconscionable state of affairs. Repairing the Nations highways and bridges is now. literally. life or death. We can do it with the Democrat proposals. We can. and we must. These are the types of bills that we hope to be bringing to the floor in this session of Congress. We will debate them and ultimately pass them. That is what Congress is about. not a legislative branch that silences half of this Nation by bypassing the committee process and bringing to Rules emergency bills that silence the Representatives of half of the people in the United States. It is my fervent hope that the new Congress will bring about an era of willingness to tackle the big problems facing our Nation. a renewed call for true bipartisanship. and a culture of enlivened debate. and I promise that our side will be a willing partner. In describing how the Bill of Rights came to be. former Supreme Court Justice. the late Harry Blackmun. said that the Founding Fathers survived a ""crucible of disagreement"" to give us a more perfect Union. Forging through that crucible is not only good for the legislative branch. but good for the Nation. Truly. it is the debate that makes us stronger. and time and time again. debate in the House has been stalled. strangling policies and solutions that could have benefited the Nation. Sadly. this is the legacy of the last Congress. I would like to insert the text of Justice Blackmuns speech into the RECORD.",i thank my friend from texas for yielding me the time and if i could just take a minute to wish everybody a great new session it is good to be back myself such time as i may consume we rise today to set a new course for this congress though with the record of the past congresses we know we have a lot of work to do during their tenure the majority has careened from crisis to crisis sued the president for doing his job brought the house to new heights of dysfunction and closed debate with the most closed rules in a single congress in our nations history chased nonexistent scandals in benghazi and at the irs and since 2011 had this house vote more than 50 times to take health care away from their own constituents this legacy of dysfunction of partisanship and prioritizing political games over the public policy has dealt the american people a bad hand by governing this house in such a haphazard way the majority has closed down the process and shut out the american people sadly the majority is poised to double down on their partisanship and even reinvent the mathematics of public policy by using what is called dynamic scoring to pretend that tax cuts pay for themselves republicans will require the nonpartisan congressional budget office and joint taxation committee to use math that bruce bartlett an economic adviser for both presidents ronald reagan and george h w bush called smoke and mirrors this new math cooks the books in favor of the majority to pretend that the tax cut bills are revenue neutral time and time again the falsehoods of dynamic scoring have come to light the first president bush even called this tactic voodoo economics but even so the house republicans want to change the rules and inject their partisan ideology into even the mathematics which underlies our nations public policy rising above partisanship the house democrats will propose today two measures that would do immeasurable good for the american people first giving average americans the paychecks that they deserve our commonsense legislation would deny ceos the ability to claim tax deductions on incomes over 1 million unless their own employees get a welldeserved raise first this would ensure that average workers share in the fruit of the nations productivity not just the millionaires and the billionaires today as our tax code stands ceos get a break and their workers are left out the ceos get the money the deduction on taxes and we get the bill to pay for that deduction it is destroying the middle class second democrats will bring forward the stop corporate expatriation and invest in americas infrastructure act which prevents u s corporations from renouncing their citizenship to dodge paying their fair share of taxes it is time to stop rewarding companies that move overseas and instead use those dollars to create goodpaying jobs here at home and rebuild our nations crumbling infrastructure by closing this loophole and ending the socalled tax inversions we would raise an estimated 33 6 billion to invest in our roads railways and bridges which are falling apart all over the country last fall i stood by a 100yearold bridge in bushnells basin that fell into such disrepair that firefighters stopped using it for fear the bridge could not bear the weight of the engines it endangered the safety of the people they were expected to serve in my home state of new york 40 percent of the bridges have been rated structurally deficient or functionally obsolete which is even worse i wonder what the number is for the united states this is an unconscionable state of affairs repairing the nations highways and bridges is now literally life or death we can do it with the democrat proposals we can and we must these are the types of bills that we hope to be bringing to the floor in this session of congress we will debate them and ultimately pass them that is what congress is about not a legislative branch that silences half of this nation by bypassing the committee process and bringing to rules emergency bills that silence the representatives of half of the people in the united states it is my fervent hope that the new congress will bring about an era of willingness to tackle the big problems facing our nation a renewed call for true bipartisanship and a culture of enlivened debate and i promise that our side will be a willing partner in describing how the bill of rights came to be former supreme court justice the late harry blackmun said that the founding fathers survived a crucible of disagreement to give us a more perfect union forging through that crucible is not only good for the legislative branch but good for the nation truly it is the debate that makes us stronger and time and time again debate in the house has been stalled strangling policies and solutions that could have benefited the nation sadly this is the legacy of the last congress i would like to insert the text of justice blackmuns speech into the record,2010s,114,D,H,Unknown,858,0.0666666666666666,first-term
1140000066,2015,114121410.0,Mr. Speaker. the past does not dictate the future. We can right our path forward. We may be able to prioritize that the American people will win over politics. and. today. we have the opportunity to do that with the beginning of this. the 114th Congress. Mr. Speaker. I reserve the balance of my time.,the past does not dictate the future we can right our path forward we may be able to prioritize that the american people will win over politics and today we have the opportunity to do that with the beginning of this the 114th congress i reserve the balance of my time,2010s,114,D,H,Unknown,50,0.0666666666666666,first-term
1140000067,2015,114121330.0,"Mr. Speaker. I yield myself such time as I may consume. I. too. want to welcome the gentlewoman from Rochester. New York. the ranking member of the Rules Committee. as we begin another session in this new year. I am delighted to know that the Rules Committee will be ready and available to handle the pieces of legislation that the gentlewoman spoke of in terms of helping the American people to understand what Congress role is in working with the President to help with policies that will get this country back to work. Mr. Speaker. just a year ago. we recognized as we came back to Washington that we were at a GDP growth of a negative GDP. We had to fight out of these terrible. terrible tax increases and the things that are occurring to our economy. The American people found new footing this year because it was the Republican majority who gave new meaning and life to ""we are going to make this place. meaning Washington. D.C.. and government. smaller and make things bigger and better for people back home."" We have now lived through what has become a reality with Republican policies on energy. for a competitive marketplace for there to be alternative fuels that are available that have dominated the marketplaces and put other countries on their heels and have given an advantage to American drivers who are here. families who are trying to make a go of it. The price of gasoline at the pump has dropped. We still have much to do. As we know of the first year that President Obama was in office. food prices began doubling. energy prices began doubling. Republicans now are giving the American people a sense that we can manage our country better. so that they cannot only have a job and keep a job. but that they can take care of their families. We are going to aim this year on a lot of things. but today. we are here for the rules package that will enable the opportunities for all of our Members to know what the rules are and to become engaged. Four years ago. Mr. Speaker. we pledged to the American people that Speaker BOEHNER. through the rules of this House and our package that we would have. would allow Members from both sides of the aisle to engage in robust debate under an open process. I am proud to announce that in following through with that promise. which is what we have done. we now have a new. larger group of Republicans because of the hard work we have done and have sold to the American people about effectively managing their affairs in Washington. D.C. Republicans have put forth all sorts of reforms. not just in the House of Representativesmore transparency. more opportunities for debatebut the opportunity for the American people to see that what we are trying to do is to give the American people a chance to debate and to vote and to move forward legislative ideas. not just about jobs and not just about a better economy and not just about more freedom and not just about trying to take care of energy. but also to protect the men and women who protect this country. The 114th Congress is going to present also an opportunity. I think. for all of us to up our game. to work together. The House and the Senate because they are in Republican controlinstead of things being roadblocked and set aside and stacked upover 300 bills. Mr. Speaker. this past term on which we are waiting for Senatorial actioncan work together to enact legislation. We can talk with the American people. We can fashion transparency in bills for accountability. something that the American people want and need. It also represents an opportunity for us to jumpstart our economy. We are here to serve people back home. We are here to make things better for people back home. not to give away our country. but to make it stronger. a chance to empower people in their communities to make their own decisions and. hopefully. reap the rewards that come from that. Many times. it is not just about the creation of a job. but really of sustaining these families who are trying to work and make things happen and make more decisions about themselves and their futures. To begin that process today. as we open the House for the 114th Congress. we have a rules package. As we begin. I want to say lets not forget why we are here. We are here because those from our individual congressional districts sent us heremine. the 32nd Congressional District of Texas. sent me here to accomplish things on their behalfto make life better for them. to create better opportunities for people today. and a better America in the future. so that we are able to extend our lead among other nations with. I believe. American ingenuity and opportunityAmerican exceptionalism. as we say it in Dallas. Texas. Mr. Speaker. American exceptional power. Whether it is leading in the United States military or providing leadership for freedom. that is what we are best at. and we have this privilege by serving in this body. We must also be held accountable. I believe. to the Constitution. We have. all of us today. raised our hands to support and defend the Constitution of the United States. It doesnt mean certain parts of that Constitution. it means the Constitution. By our being here today. we are. once again. reaffirming that in this rules packagethe support to the Constitution. that basis of power. that is so important in that we understand the House. the Senate. the Presidency but. most of all. the power that lies with people. the rules package helps us to achieve these goals. H. Res. 5 is a continuation of the House Republicans efforts to streamline processes. to increase transparency. and to improve accountability. Specifically. it preserves the important reforms that were made in the previous two Congresses. It also adds a few perfecting amendments and orders to help further advance our twin goal of transparency and openness for all of the Members of this body. I would like to take a few minutes. if I can. to highlight some of the key parts of this rules package. Mr. Speaker. First. it builds upon the fiscal restraint imposed upon the Federal Government by House Republicans in the last two Congresses. We have seen in the last 4 years that the American economy is able to grow when the government shrinks and when less taxpayer money is used to support the government. more freedom and opportunity. We should have a smaller government and a larger free enterprise system. That is a goal. ""Limited government"" means unlimited opportunity for people back home. In 2011. the Federal Government was spending 24 percent of our GDP. and the economy was suffering. Thanks to the leadership of House Republicans. the Federal Governments spending is now down. In fact. the Federal Government now spends 19.9 percent of our GDP. which is nearly 5 percent less than just 4 years ago. This has come through fiscal restraint. This has come through making sure that we spoke to the American people about government that was getting too big. costing too much money. and had too much power. The American people understood that because the government was getting in the way. not playing its role of making life better for people but. rather. getting in the way and making onerous decisions on our economy. on peoples jobs. and. perhaps worst of all. on stifling families and the American Dream. In turn. we are finally now seeing. as a result of these 5 years in which we have held government spendingit has decreased from 24 percent of GDP to 19.9 percentan economic growth rate that the American people. I think. want and deserve. Are we where we want to be? Absolutely not. What is the approximate level? We need a GDP growth of 4 percent. We need a GDP growth not just in Dallas. Texas. but all over this country where we have people who in their homes. in their cities. and in their regions are able to take care of themselves. to sustain their economies. and to take care of their infrastructures in a responsible way. This Congress. Republicans are going to provide for fiscal discipline that restrains spending and gets the government out of the way. Getting government out of the way means you take money away from it which does one of two things: it leaves more money back home for people. or it simply gives people more opportunity to invest in the marketplace to grow jobs. This rules package will ensure that Congress has the necessary budget enforcement tools in place to continue our work that will help create jobs and grow the economy. We have a brandnew Budget chairman. He is one of the finest members of the Republican Conference. the gentleman from Georgia . Mr. PRICE has been not only a professional at his job as a physician where he healed people. but he came to Washington to do the same for us. His ascension to be the chairman of the Budget Committee will offer this country and. I believe. more specifically. this body a reevaluation of the important attributes of having a good economy through better budgeting and ways that we can restrain the Federal Government from unwanted and unnecessary spending to that which is done for the American people that makes sense. TOM PRICE will become a household name. and he will earn the accolades that he will get from his chairmanship. Second. the rules package includes a commonsense requirement for Congress when we consider legislation that will have a larger impact on our economy. In short. the House is going to require the Congressional Budget Office and the Joint Committee on Taxation to provide nonpartisan macroeconomic analyses for legislation that costs .25 percent of projected GDP. What does this mean? This means that. now. we are going to be able to recognize on percentage basis points how close is the impact of our decisions that we make and to project them out to where we are able to actually know what the impact will be of the legislation that we pass in order to create more jobs. It is meant to err on the side of people and the free enterprise system. as opposed to stymieing what would end up going to them and erring on the side of growing this government. This means that the House will take time to analyze how legislation that we consider will really impact the American economy to where we can project what it will be as a result of including billions of dollars back into the economy for economic growth and development on the side of the free enterprise system. This is going to allow us to measure the impact of legislation. it is going to help us to use some commonsense projections on how our ideas are going to help the bottom line. Gosh knows we have been through 4 years where we saw high taxes. high spending. Big Government that caused America to fall not only in relative power to the rest of the world. but it placed on the American people disillusionment. unemployment. high taxation. people who could not pay their bills. a loss of their own identity within their own systems. Unemployment up to 23 million people unemployed and underemployed. we have now turned that corner. We will continue to turn that corner and extrapolate out how we want to get to all sectors of our economy to have a better shot at jobs in their hometown. in their region. and ones that they can keep. not have and then lose again. It is these current opportunities that lie right before us. and the gentleman from Georgia and the gentleman. the chairman of the Ways and Means Committee. Mr. RYAN. are perfectly suited for selling to this body and the American people why we believe that we have got to look at and change the way we authorize bills. So under one method. which would be called static scoring. which is what we have. we assume that major legislation does not change economic behavior. They just plug a new number in. and then we assume nothing really happens. But in fact we know when you raise taxes. you lower the opportunity for people not only to create more economic benefit. but you take that incentive away. Our friends. the Democrats. would leave you to believe that taxation is a zero sum game. that when rates go up. revenues always come that way. and arent we for making sure that we balance our budget? Well. let me tell you what? It didnt work that way. We were spending hundreds of billions of dollars more. Instead of an economy that was working. we were paying unemployment compensationpeople not to be employed. people to be at home. a terrible cost not only to humanity but also to our Treasury. We need people to go to work. and encouraging them to do this through our Tax Code means that people can have the dignity of work. the opportunity to make their life better. and perhaps more importantly. a chance for America to grow its GDP. We have examples over and over that we have seen about how taxation legislation affects behavior. and certainly in my home State of Texas. I remember in the 1980s and the early 1990s. when revenue was at a premium for the Democrats who ran our House and Senate in Texas. and of course they wanted to raise more revenue. and they were always looking for ways to raise revenue. I remember them looking when I was just out of high school at personalized license plates. and they looked at how much money came in for personalized license plates. I want to say it was $30 for the plates. They needed more revenue. so they just doubled that amount of money that it would cost. knowing they would get twice as much revenue. But it didnt work that way. Mr. Speaker. Not surprisingly. fewer Texans bought more license plates. But to the Democrats. it was a simple matter under static scoring of just saying they wanted more money. and they were going to increase the rates. It doesnt happen that way because the American people or citizens understand they would no longer buy something at a different rate. The same thing is true of tax rates. Mr. Speaker. We have the exact same problem. where people who are working and working hard. when you take away their money. there is less money that they can put into the economy to grow another job. to give somebody a chance at a new job. These are the things we are going to be looking at. how we can maximize through the effort of Dr. PRICE. through the effort of PAUL RYAN. the Ways and Means Committee. the Budget Committee to bring the leading edge ideas instead of saying. no. it is really a zero sum game. If you want to do something. you have to really raise taxes. you cant give money back to people because. oh my gosh. the Federal Government would be in trouble. Well. we are not. It would change from unemployment compensation to people working. and Republicans believe in work. We believe in empowering communities and people standing a chance to go from unemployment and welfare to a chance to have a job. We are going to get this done. Let me be clear. Republicans are not arguing that tax cuts always pay for themselves. They dont. But instead we are acknowledging that when it is done right. when you study what you are doing. you can make an effort to have a tax cut to grow the economy. I believe Republicans understand that the American economy and Americans are better off when they keep more of their paychecks. Lastly. this rules package defends the Houses constitutional role in our system of checks and balances by providing for continuation of legal actions against the executive branch. It will allow the House to pursue its lawsuits and to enforce subpoenas. for instance. in the Fast and Furious investigation. where we have seen guns that were sold by the United States Government and put into hands of very dangerous people all around our world. including in Mexico and other places. only to find they come back and appear where they were involved in murders in the United States. It is a lawless action that was taken by our Department of Justice. It is wrong. and we are going to continue pursuing this. So it means that we are going to look at those things that this Federal Government is doing that we believe are unconstitutional and should change also. We also believe in a lawsuit against the executive branch regarding the implementation of the Affordable Care Act. In short. this package makes it perfectly clear that our constitutional order still matters. and it is Congress job to write the law and for the President to faithfully execute it. We are not going to stand by and watch this President go and write laws and to execute them down the block. We are going to make sure we do it the way the Constitution spoke about. Certainly we know that IPAB. which is a part of the Presidents package. where he has this group of people that have unlimited power to make decisions over health care. over people as opposed to a physician. we are going to limit that authority. We believe we are within the right in doing this because the American people want and need a health care system that works. not one that we cannot afford and we cannot find a doctor. and where the government and a bureaucrat make decisions as opposed to a physician and a patient. Regardless of what one thinks about ObamaCare. all Members of Congress should be united to preserve and protect the role of the House of Representatives and our ability to make the laws on behalf of people and work with the President in that. Finally. the package is going to allow the Speaker to recognize Members for the reading of the Constitution on any legislative day through January 16. 2015. I believe it is vital. We saw this several years ago. Mr. Speaker. where we came down to the floor of the House and took turns at reading the Constitution. It is a vital part of our history. It is important that we understand it serves this great Nation that separates us from so many other countries. the rule of law and constitutional guidance. This rules package that I have outlined will better enable the House to perform our duties. It will help us with our obligations. our integrity. and transparency and accountability. and it is going to help us to make sure that we work well together with each other. Our friends. whether they are Republicans or Democrats. elected Members of this body. I am very proud to say that this resolution represents so many great things. I think it is a balanced package. and I reserve the balance of my time.",myself such time as i may consume i too want to welcome the gentlewoman from rochester new york the ranking member of the rules committee as we begin another session in this new year i am delighted to know that the rules committee will be ready and available to handle the pieces of legislation that the gentlewoman spoke of in terms of helping the american people to understand what congress role is in working with the president to help with policies that will get this country back to work just a year ago we recognized as we came back to washington that we were at a gdp growth of a negative gdp we had to fight out of these terrible terrible tax increases and the things that are occurring to our economy the american people found new footing this year because it was the republican majority who gave new meaning and life to we are going to make this place meaning washington d c and government smaller and make things bigger and better for people back home we have now lived through what has become a reality with republican policies on energy for a competitive marketplace for there to be alternative fuels that are available that have dominated the marketplaces and put other countries on their heels and have given an advantage to american drivers who are here families who are trying to make a go of it the price of gasoline at the pump has dropped we still have much to do as we know of the first year that president obama was in office food prices began doubling energy prices began doubling republicans now are giving the american people a sense that we can manage our country better so that they cannot only have a job and keep a job but that they can take care of their families we are going to aim this year on a lot of things but today we are here for the rules package that will enable the opportunities for all of our members to know what the rules are and to become engaged four years ago we pledged to the american people that speaker boehner through the rules of this house and our package that we would have would allow members from both sides of the aisle to engage in robust debate under an open process i am proud to announce that in following through with that promise which is what we have done we now have a new larger group of republicans because of the hard work we have done and have sold to the american people about effectively managing their affairs in washington d c republicans have put forth all sorts of reforms not just in the house of representativesmore transparency more opportunities for debatebut the opportunity for the american people to see that what we are trying to do is to give the american people a chance to debate and to vote and to move forward legislative ideas not just about jobs and not just about a better economy and not just about more freedom and not just about trying to take care of energy but also to protect the men and women who protect this country the 114th congress is going to present also an opportunity i think for all of us to up our game to work together the house and the senate because they are in republican controlinstead of things being roadblocked and set aside and stacked upover 300 bills this past term on which we are waiting for senatorial actioncan work together to enact legislation we can talk with the american people we can fashion transparency in bills for accountability something that the american people want and need it also represents an opportunity for us to jumpstart our economy we are here to serve people back home we are here to make things better for people back home not to give away our country but to make it stronger a chance to empower people in their communities to make their own decisions and hopefully reap the rewards that come from that many times it is not just about the creation of a job but really of sustaining these families who are trying to work and make things happen and make more decisions about themselves and their futures to begin that process today as we open the house for the 114th congress we have a rules package as we begin i want to say lets not forget why we are here we are here because those from our individual congressional districts sent us heremine the 32nd congressional district of texas sent me here to accomplish things on their behalfto make life better for them to create better opportunities for people today and a better america in the future so that we are able to extend our lead among other nations with i believe american ingenuity and opportunityamerican exceptionalism as we say it in dallas texas american exceptional power whether it is leading in the united states military or providing leadership for freedom that is what we are best at and we have this privilege by serving in this body we must also be held accountable i believe to the constitution we have all of us today raised our hands to support and defend the constitution of the united states it doesnt mean certain parts of that constitution it means the constitution by our being here today we are once again reaffirming that in this rules packagethe support to the constitution that basis of power that is so important in that we understand the house the senate the presidency but most of all the power that lies with people the rules package helps us to achieve these goals h res 5 is a continuation of the house republicans efforts to streamline processes to increase transparency and to improve accountability specifically it preserves the important reforms that were made in the previous two congresses it also adds a few perfecting amendments and orders to help further advance our twin goal of transparency and openness for all of the members of this body i would like to take a few minutes if i can to highlight some of the key parts of this rules package first it builds upon the fiscal restraint imposed upon the federal government by house republicans in the last two congresses we have seen in the last 4 years that the american economy is able to grow when the government shrinks and when less taxpayer money is used to support the government more freedom and opportunity we should have a smaller government and a larger free enterprise system that is a goal limited government means unlimited opportunity for people back home in 2011 the federal government was spending 24 percent of our gdp and the economy was suffering thanks to the leadership of house republicans the federal governments spending is now down in fact the federal government now spends 19 9 percent of our gdp which is nearly 5 percent less than just 4 years ago this has come through fiscal restraint this has come through making sure that we spoke to the american people about government that was getting too big costing too much money and had too much power the american people understood that because the government was getting in the way not playing its role of making life better for people but rather getting in the way and making onerous decisions on our economy on peoples jobs and perhaps worst of all on stifling families and the american dream in turn we are finally now seeing as a result of these 5 years in which we have held government spendingit has decreased from 24 percent of gdp to 19 9 percentan economic growth rate that the american people i think want and deserve are we where we want to be absolutely not what is the approximate level we need a gdp growth of 4 percent we need a gdp growth not just in dallas texas but all over this country where we have people who in their homes in their cities and in their regions are able to take care of themselves to sustain their economies and to take care of their infrastructures in a responsible way this congress republicans are going to provide for fiscal discipline that restrains spending and gets the government out of the way getting government out of the way means you take money away from it which does one of two things it leaves more money back home for people or it simply gives people more opportunity to invest in the marketplace to grow jobs this rules package will ensure that congress has the necessary budget enforcement tools in place to continue our work that will help create jobs and grow the economy we have a brandnew budget chairman he is one of the finest members of the republican conference the gentleman from georgia mr price has been not only a professional at his job as a physician where he healed people but he came to washington to do the same for us his ascension to be the chairman of the budget committee will offer this country and i believe more specifically this body a reevaluation of the important attributes of having a good economy through better budgeting and ways that we can restrain the federal government from unwanted and unnecessary spending to that which is done for the american people that makes sense tom price will become a household name and he will earn the accolades that he will get from his chairmanship second the rules package includes a commonsense requirement for congress when we consider legislation that will have a larger impact on our economy in short the house is going to require the congressional budget office and the joint committee on taxation to provide nonpartisan macroeconomic analyses for legislation that costs 25 percent of projected gdp what does this mean this means that now we are going to be able to recognize on percentage basis points how close is the impact of our decisions that we make and to project them out to where we are able to actually know what the impact will be of the legislation that we pass in order to create more jobs it is meant to err on the side of people and the free enterprise system as opposed to stymieing what would end up going to them and erring on the side of growing this government this means that the house will take time to analyze how legislation that we consider will really impact the american economy to where we can project what it will be as a result of including billions of dollars back into the economy for economic growth and development on the side of the free enterprise system this is going to allow us to measure the impact of legislation it is going to help us to use some commonsense projections on how our ideas are going to help the bottom line gosh knows we have been through 4 years where we saw high taxes high spending big government that caused america to fall not only in relative power to the rest of the world but it placed on the american people disillusionment unemployment high taxation people who could not pay their bills a loss of their own identity within their own systems unemployment up to 23 million people unemployed and underemployed we have now turned that corner we will continue to turn that corner and extrapolate out how we want to get to all sectors of our economy to have a better shot at jobs in their hometown in their region and ones that they can keep not have and then lose again it is these current opportunities that lie right before us and the gentleman from georgia and the gentleman the chairman of the ways and means committee mr ryan are perfectly suited for selling to this body and the american people why we believe that we have got to look at and change the way we authorize bills so under one method which would be called static scoring which is what we have we assume that major legislation does not change economic behavior they just plug a new number in and then we assume nothing really happens but in fact we know when you raise taxes you lower the opportunity for people not only to create more economic benefit but you take that incentive away our friends the democrats would leave you to believe that taxation is a zero sum game that when rates go up revenues always come that way and arent we for making sure that we balance our budget well let me tell you what it didnt work that way we were spending hundreds of billions of dollars more instead of an economy that was working we were paying unemployment compensationpeople not to be employed people to be at home a terrible cost not only to humanity but also to our treasury we need people to go to work and encouraging them to do this through our tax code means that people can have the dignity of work the opportunity to make their life better and perhaps more importantly a chance for america to grow its gdp we have examples over and over that we have seen about how taxation legislation affects behavior and certainly in my home state of texas i remember in the 1980s and the early 1990s when revenue was at a premium for the democrats who ran our house and senate in texas and of course they wanted to raise more revenue and they were always looking for ways to raise revenue i remember them looking when i was just out of high school at personalized license plates and they looked at how much money came in for personalized license plates i want to say it was 30 for the plates they needed more revenue so they just doubled that amount of money that it would cost knowing they would get twice as much revenue but it didnt work that way not surprisingly fewer texans bought more license plates but to the democrats it was a simple matter under static scoring of just saying they wanted more money and they were going to increase the rates it doesnt happen that way because the american people or citizens understand they would no longer buy something at a different rate the same thing is true of tax rates we have the exact same problem where people who are working and working hard when you take away their money there is less money that they can put into the economy to grow another job to give somebody a chance at a new job these are the things we are going to be looking at how we can maximize through the effort of dr price through the effort of paul ryan the ways and means committee the budget committee to bring the leading edge ideas instead of saying no it is really a zero sum game if you want to do something you have to really raise taxes you cant give money back to people because oh my gosh the federal government would be in trouble well we are not it would change from unemployment compensation to people working and republicans believe in work we believe in empowering communities and people standing a chance to go from unemployment and welfare to a chance to have a job we are going to get this done let me be clear republicans are not arguing that tax cuts always pay for themselves they dont but instead we are acknowledging that when it is done right when you study what you are doing you can make an effort to have a tax cut to grow the economy i believe republicans understand that the american economy and americans are better off when they keep more of their paychecks lastly this rules package defends the houses constitutional role in our system of checks and balances by providing for continuation of legal actions against the executive branch it will allow the house to pursue its lawsuits and to enforce subpoenas for instance in the fast and furious investigation where we have seen guns that were sold by the united states government and put into hands of very dangerous people all around our world including in mexico and other places only to find they come back and appear where they were involved in murders in the united states it is a lawless action that was taken by our department of justice it is wrong and we are going to continue pursuing this so it means that we are going to look at those things that this federal government is doing that we believe are unconstitutional and should change also we also believe in a lawsuit against the executive branch regarding the implementation of the affordable care act in short this package makes it perfectly clear that our constitutional order still matters and it is congress job to write the law and for the president to faithfully execute it we are not going to stand by and watch this president go and write laws and to execute them down the block we are going to make sure we do it the way the constitution spoke about certainly we know that ipab which is a part of the presidents package where he has this group of people that have unlimited power to make decisions over health care over people as opposed to a physician we are going to limit that authority we believe we are within the right in doing this because the american people want and need a health care system that works not one that we cannot afford and we cannot find a doctor and where the government and a bureaucrat make decisions as opposed to a physician and a patient regardless of what one thinks about obamacare all members of congress should be united to preserve and protect the role of the house of representatives and our ability to make the laws on behalf of people and work with the president in that finally the package is going to allow the speaker to recognize members for the reading of the constitution on any legislative day through january 16 2015 i believe it is vital we saw this several years ago where we came down to the floor of the house and took turns at reading the constitution it is a vital part of our history it is important that we understand it serves this great nation that separates us from so many other countries the rule of law and constitutional guidance this rules package that i have outlined will better enable the house to perform our duties it will help us with our obligations our integrity and transparency and accountability and it is going to help us to make sure that we work well together with each other our friends whether they are republicans or democrats elected members of this body i am very proud to say that this resolution represents so many great things i think it is a balanced package and i reserve the balance of my time,2010s,114,R,H,Unknown,3200,0.0666666666666666,first-term
1140000069,2015,114119830.0,"Mr. Speaker. I thank the gentlelady for yielding. Unfortunately. I dont have time to respond to many of the representations that Mr. SESSIONS made with reference to our economy. but we can all agree that our most important responsibilities as Members of Congress is to grow this economy. create the kinds of jobs that Americans need so that they can succeed and support themselves and their families. I want to speak about a couple of things in this rules package. Traditionally. Democrats will vote against and Republicans will vote for because traditionally this is a partisan vote. I urge the Rules Committee chairman to adopt a couple of changes which I thought would make this rules package a better one. First. I ask the House to move to ban discrimination against gay. lesbian. bisexual. and transgender employees. We provide in our rules that you cannot discriminate against people based upon race. nationality. gender. and other arbitrary distinctions. We should have added this as we have in so many of our laws. Currently there are no protections for a congressional staffer fired or refused promotion simply for LGBT status. I regret that the Rules Committee was unprepared to offer such a protection to our employees. Secondly. since Republicans assumed the majority in 2011. Delegates from the District of Columbia. the U.S. Virgin Islands. Guam. Samoa. and the Northern Mariana Islands as well as the Resident Commissioner from Puerto Rico have been denied the opportunity to vote in the Committee of the Whole. They can vote in committees. and the Committee of the Whole is of course a committee of the House. It is not a final arbiter. When I was majority leader. I offered that amendment in the rules. It passed. My Republican friends took it to court. and the court said that it was sustainable and sustained it. This effectively. unfortunately. denies representation to nearly 5 million Americans. Americans. one of whom is on the Republican side of the aisle from American Samoa. So this is a bipartisan concern that I have. Unfortunately. this rules package put forward by the Republican majority does not include either change. In addition. this rules package does not live up to the responsible governing the American people expect and deserve from Congress. Mr. SESSIONS spent a long time talking about scoring. static scoring versus dynamic scoring. Dynamic scoring I would suggest to the American people is a gamble. It is a gamble that your projection is correct. If your projection is not correct. as it has so often been. then you end up putting the deficit even higher because you bet on the come. The more conservative policy. I would suggest. would be to get the money first and then decide how you are going to apply it. Dont gamble on the fact that you are going to get the money. which is what dynamic scoring is. The gentleman admittedhe did not arguethat cutting taxes always paid for themselves. In fact. Alan Greenspan said exactly that in the last decade. What it means is the Republicans will be able to hide the true cost of tax cuts behind a debunked mantra that tax cuts pay for themselves. They do not. This provision will allow them to explode the deficit as they did the last time they were in charge. The last time the budget was balanced was not under the Bush administration when you had a Republican Congress. a Republican Senate. and a Republican President. It was when Bill Clinton was President of the United States. For 4 years we had a balanced budget. It also threatens to politicize the Congressional Budget Office. which has maintained its role as impartial and nonpartisan arbiter on budget scoring for four decades. which makes us be honest. which is what the American public expects. Rely on the figures that are not political figures but are independent analytical figures on which we can rely. I urge my colleagues to vote against this rules package. It can be a better package. it should be. And if it is defeated. we can adopt a better. more fair package. Mr. Speaker. we are at the start of a new Congress. and we have an opportunity to right two wrongs in the rules of this House. I wrote to the Chairman of the Rules last month asking that two changes be made in todays rules package. First. I asked that the House move to ban discrimination against gay. lesbian. bisexual. and transgender employees. Currently. there are no protections for a Congressional staffer fired or refused a promotion simply for LGBT status. Second. since Republicans assumed the majority in 2011. delegates from the District of Columbia. U.S. Virgin Islands. Guam. Samoa. and the Northern Mariana Islands. as well as the Resident Commissioner from Puerto Rico. have been denied the opportunity to vote in the Committee of the Whole House. This effectively denies representation to nearly 5 million Americans. Unfortunately. this rules package. put forward by the Republican majority. does not include either change. In addition. this rules package does not live up to the responsible governing the American people expect and deserve from their Congress. First. it includes something called ""Dynamic Scoring."" What it means is that Republicans will be able to hide the true cost of tax cuts behind a debunked mantra that ""tax cuts pay for themselves."" They do notand this provision will allow them to explode the deficit. as they did the last time they were in charge. It also threatens to politicize the Congressional Budget Office. which has maintained its role as impartial and nonpartisan arbiter on budget scoring for four decades. The rules package also extends the Benghazi select committee. placing conspiracy theories above fact. At least three committeestwo led by Republicansexhaustively investigated the Benghazi tragedy. Everything has been reviewed. a million dollars in taxpayer money last year were wasted. And. furthermore. these rules would limit the ability of Congress to reallocate resources between Social Security trust funds. making it more difficult to prevent automatic cuts to Social Security disability insurance. We can do betterand should do betterin this House for the 114th Congress. I urge my colleagues to reject this rules package. and I call on Chairman SESSIONS and his Republican colleagues to work in a bipartisan way with Democrats to enact rules that enhance the work of this House. protect LGBT employees. include all of the voices in our democracy. and set guidelines that facilitate greater cooperation. not more partisan gridlock.",i thank the gentlelady for yielding unfortunately i dont have time to respond to many of the representations that mr sessions made with reference to our economy but we can all agree that our most important responsibilities as members of congress is to grow this economy create the kinds of jobs that americans need so that they can succeed and support themselves and their families i want to speak about a couple of things in this rules package traditionally democrats will vote against and republicans will vote for because traditionally this is a partisan vote i urge the rules committee chairman to adopt a couple of changes which i thought would make this rules package a better one first i ask the house to move to ban discrimination against gay lesbian bisexual and transgender employees we provide in our rules that you cannot discriminate against people based upon race nationality gender and other arbitrary distinctions we should have added this as we have in so many of our laws currently there are no protections for a congressional staffer fired or refused promotion simply for lgbt status i regret that the rules committee was unprepared to offer such a protection to our employees secondly since republicans assumed the majority in 2011 delegates from the district of columbia the u s virgin islands guam samoa and the northern mariana islands as well as the resident commissioner from puerto rico have been denied the opportunity to vote in the committee of the whole they can vote in committees and the committee of the whole is of course a committee of the house it is not a final arbiter when i was majority leader i offered that amendment in the rules it passed my republican friends took it to court and the court said that it was sustainable and sustained it this effectively unfortunately denies representation to nearly 5 million americans americans one of whom is on the republican side of the aisle from american samoa so this is a bipartisan concern that i have unfortunately this rules package put forward by the republican majority does not include either change in addition this rules package does not live up to the responsible governing the american people expect and deserve from congress mr sessions spent a long time talking about scoring static scoring versus dynamic scoring dynamic scoring i would suggest to the american people is a gamble it is a gamble that your projection is correct if your projection is not correct as it has so often been then you end up putting the deficit even higher because you bet on the come the more conservative policy i would suggest would be to get the money first and then decide how you are going to apply it dont gamble on the fact that you are going to get the money which is what dynamic scoring is the gentleman admittedhe did not arguethat cutting taxes always paid for themselves in fact alan greenspan said exactly that in the last decade what it means is the republicans will be able to hide the true cost of tax cuts behind a debunked mantra that tax cuts pay for themselves they do not this provision will allow them to explode the deficit as they did the last time they were in charge the last time the budget was balanced was not under the bush administration when you had a republican congress a republican senate and a republican president it was when bill clinton was president of the united states for 4 years we had a balanced budget it also threatens to politicize the congressional budget office which has maintained its role as impartial and nonpartisan arbiter on budget scoring for four decades which makes us be honest which is what the american public expects rely on the figures that are not political figures but are independent analytical figures on which we can rely i urge my colleagues to vote against this rules package it can be a better package it should be and if it is defeated we can adopt a better more fair package we are at the start of a new congress and we have an opportunity to right two wrongs in the rules of this house i wrote to the chairman of the rules last month asking that two changes be made in todays rules package first i asked that the house move to ban discrimination against gay lesbian bisexual and transgender employees currently there are no protections for a congressional staffer fired or refused a promotion simply for lgbt status second since republicans assumed the majority in 2011 delegates from the district of columbia u s virgin islands guam samoa and the northern mariana islands as well as the resident commissioner from puerto rico have been denied the opportunity to vote in the committee of the whole house this effectively denies representation to nearly 5 million americans unfortunately this rules package put forward by the republican majority does not include either change in addition this rules package does not live up to the responsible governing the american people expect and deserve from their congress first it includes something called dynamic scoring what it means is that republicans will be able to hide the true cost of tax cuts behind a debunked mantra that tax cuts pay for themselves they do notand this provision will allow them to explode the deficit as they did the last time they were in charge it also threatens to politicize the congressional budget office which has maintained its role as impartial and nonpartisan arbiter on budget scoring for four decades the rules package also extends the benghazi select committee placing conspiracy theories above fact at least three committeestwo led by republicansexhaustively investigated the benghazi tragedy everything has been reviewed a million dollars in taxpayer money last year were wasted and furthermore these rules would limit the ability of congress to reallocate resources between social security trust funds making it more difficult to prevent automatic cuts to social security disability insurance we can do betterand should do betterin this house for the 114th congress i urge my colleagues to reject this rules package and i call on chairman sessions and his republican colleagues to work in a bipartisan way with democrats to enact rules that enhance the work of this house protect lgbt employees include all of the voices in our democracy and set guidelines that facilitate greater cooperation not more partisan gridlock,2010s,114,D,H,Unknown,1077,0.0666666666666666,first-term
1140000072,2015,114121620.0,"Mr. Speaker. I thank my colleague. Mr. Speaker. it is absolutely astounding that within minutesminutesof our being sworn in. our Republican colleagues want to pass a rule that will stack the deck in favor of trying to give another big tax cut not to the middle class. but to millionaires. the folks at the very top. That is what their budget does. What is equally astounding is that this economic theory of trickledown economics crashed and burned in the real world between 2001 and 2008. Our Republican colleague says that if you give millionaires these tax cuts. they are going to spend them. and a little bit will trickle down to the middle class and people who aspire to the middle class and boost everybody up. That is not what happened. What happened? Sure. the folks who got the tax cuts at the top. they did better. Nobody else did. In fact. real wages went down. What went up? The deficitand everybody has to pay for that deficit. Now. I heard the Speaker this morning say he wanted to deal with the issue of wage stagnation. That is what we should be focused on. We shouldnt be talking about tax cuts for the wealthy and a trickledown theory. We should try to build this economy from the middle class out and from the bottom up. I am glad the Speaker said that because we are going to give him an opportunity to vote for something that will address wage stagnation. I am going to offer a motion at the end of this debate. It is called the CEOEmployee Paycheck Fairness Act. and it addresses this issue. If you look back in the 1960s and 1970s. when workers were working hard. they got paid more. but beginning around 1979. they kept working hard. productivity kept going up. but their wages got flat. What happened during the same time? CEOs took care of themselves. Their pay started to go up and up and up. It used to be about 20 times that of the average worker. In other words. the CEO and the folks at the top got about 20 times what they were paying their employees. but as you can see. it has now shot up so that CEOs and the top guys get paid about 300 times what their workers are getting paid. We have a simple proposition: that corporations should not be able to deduct the bonuses and compensation for their CEOs and other executives over $1 million unless they are giving their employees a fair shake. a fair wage. Right? Why should the taxpayers be subsidizing that? Between 2007 and 2010. they took about $66 billion. thereabouts. in deductions for bonuses for performance pay when they were sometimes laying off employees and cutting their paychecks. so we say: ""Hey. okay. pay yourselves what you want. but if you want the taxpayers to allow you to deduct your bonuses and performance pay. for goodness sakes. you had better be giving your employees a fair shake."" Over time. that would close that gap in worker productivity and wages and do what the Speaker said he wanted to do this morning. which is deal with wage stagnation. Lets help the workers. not just the CEOs. Lets vote for the CEOEmployee Paycheck Fairness Act.",i thank my colleague it is absolutely astounding that within minutesminutesof our being sworn in our republican colleagues want to pass a rule that will stack the deck in favor of trying to give another big tax cut not to the middle class but to millionaires the folks at the very top that is what their budget does what is equally astounding is that this economic theory of trickledown economics crashed and burned in the real world between 2001 and 2008 our republican colleague says that if you give millionaires these tax cuts they are going to spend them and a little bit will trickle down to the middle class and people who aspire to the middle class and boost everybody up that is not what happened what happened sure the folks who got the tax cuts at the top they did better nobody else did in fact real wages went down what went up the deficitand everybody has to pay for that deficit now i heard the speaker this morning say he wanted to deal with the issue of wage stagnation that is what we should be focused on we shouldnt be talking about tax cuts for the wealthy and a trickledown theory we should try to build this economy from the middle class out and from the bottom up i am glad the speaker said that because we are going to give him an opportunity to vote for something that will address wage stagnation i am going to offer a motion at the end of this debate it is called the ceoemployee paycheck fairness act and it addresses this issue if you look back in the 1960s and 1970s when workers were working hard they got paid more but beginning around 1979 they kept working hard productivity kept going up but their wages got flat what happened during the same time ceos took care of themselves their pay started to go up and up and up it used to be about 20 times that of the average worker in other words the ceo and the folks at the top got about 20 times what they were paying their employees but as you can see it has now shot up so that ceos and the top guys get paid about 300 times what their workers are getting paid we have a simple proposition that corporations should not be able to deduct the bonuses and compensation for their ceos and other executives over 1 million unless they are giving their employees a fair shake a fair wage right why should the taxpayers be subsidizing that between 2007 and 2010 they took about 66 billion thereabouts in deductions for bonuses for performance pay when they were sometimes laying off employees and cutting their paychecks so we say hey okay pay yourselves what you want but if you want the taxpayers to allow you to deduct your bonuses and performance pay for goodness sakes you had better be giving your employees a fair shake over time that would close that gap in worker productivity and wages and do what the speaker said he wanted to do this morning which is deal with wage stagnation lets help the workers not just the ceos lets vote for the ceoemployee paycheck fairness act,2010s,114,D,H,Unknown,536,0.0666666666666666,first-term
1140000075,2015,114121620.0,Actually. what we are talking about. Mr. Speaker. is a Republican plan that actually cuts the top rate for folks at the top from 39 percent to 25 percent. The nonpartisan Tax Policy Center has said that will actually leave the middle class familytypical familypaying another $2.000. so that you can give the folks at the very top another tax break. When you increase the deficit. guess who pays the bill? Everybody. all the taxpayers do. So you give a tax break to the folks at the top. increase the deficit. and everybody else is left to pay the bill. That is not the right way to go. Vote for this motion.,actually what we are talking about is a republican plan that actually cuts the top rate for folks at the top from 39 percent to 25 percent the nonpartisan tax policy center has said that will actually leave the middle class familytypical familypaying another 2 000 so that you can give the folks at the very top another tax break when you increase the deficit guess who pays the bill everybody all the taxpayers do so you give a tax break to the folks at the top increase the deficit and everybody else is left to pay the bill that is not the right way to go vote for this motion,2010s,114,D,H,Unknown,107,0.0666666666666666,first-term
1140000078,2015,114119180.0,Mr. Speaker. I rise in opposition to the Republican rule package and to the previous question. If we defeat that question. Ms. SLAUGHTER will offer an amendment to end corporate desertion. Over the last decade. we have seen nearly 50 American companies try to avoid taxes by moving their mailboxes overseas. but they leave their operations here. effectively renouncing their U.S. citizenship in order to dodge taxes. These companies benefit from American education. research and development incentives. and infrastructure. all taxpayer supported. but when their own tax bill arrives. they hide overseas and are no longer American corporations. They even have the temerityand this is legal under the law today. and it shouldnt bethey have the temerity then to apply for Federal contracts. but they deny their U.S. citizenship when it comes to paying their taxes. Mr. Speaker. what this amendment would do is make sure that they pay their fair share. The extra revenue goes to the highway trust fund. That trust fund runs out of money in May if we do not act. Anyone who has driven a car lately knows how badly our roads need investment. Our highways are crumbling beneath our wheels. 65 percent of our major roads are in less than good condition. and onequarter of our bridges require repair or improvements. The backlog of projects grows longer by the day. At a time when globalization is gathering pace. this state of affairs puts Americas competitiveness in jeopardy. According to the World Economic Forum. the United States has slipped from 7th to 18th in the quality of our roadways. Replenishing the highway trust fund will reverse this trend. unleash economic growth. and create thousands of good jobs that cannot be sent overseas. If we want business to invest in this Nation. we must be prepared to do the same. Instead of lining the pockets of corporate deserters. we should be revitalizing our roadways. That is the path to a better. stronger. and more sustainable economy. This amendment puts us back on the right track.,i rise in opposition to the republican rule package and to the previous question if we defeat that question ms slaughter will offer an amendment to end corporate desertion over the last decade we have seen nearly 50 american companies try to avoid taxes by moving their mailboxes overseas but they leave their operations here effectively renouncing their u s citizenship in order to dodge taxes these companies benefit from american education research and development incentives and infrastructure all taxpayer supported but when their own tax bill arrives they hide overseas and are no longer american corporations they even have the temerityand this is legal under the law today and it shouldnt bethey have the temerity then to apply for federal contracts but they deny their u s citizenship when it comes to paying their taxes what this amendment would do is make sure that they pay their fair share the extra revenue goes to the highway trust fund that trust fund runs out of money in may if we do not act anyone who has driven a car lately knows how badly our roads need investment our highways are crumbling beneath our wheels 65 percent of our major roads are in less than good condition and onequarter of our bridges require repair or improvements the backlog of projects grows longer by the day at a time when globalization is gathering pace this state of affairs puts americas competitiveness in jeopardy according to the world economic forum the united states has slipped from 7th to 18th in the quality of our roadways replenishing the highway trust fund will reverse this trend unleash economic growth and create thousands of good jobs that cannot be sent overseas if we want business to invest in this nation we must be prepared to do the same instead of lining the pockets of corporate deserters we should be revitalizing our roadways that is the path to a better stronger and more sustainable economy this amendment puts us back on the right track,2010s,114,D,H,Unknown,333,0.0666666666666666,first-term
