speech_id,avg_amr_nodes,avg_amr_edges,avg_amr_depth,sentence_count
1000000001,58.0,57.0,4.666666666666667,3
1000000003,185.0,184.0,7.0,1
1000000004,72.0,71.0,7.0,1
1000000005,178.0,177.0,7.0,1
1000000006,146.0,145.0,7.0,1
1000000007,49.25,48.25,4.5,4
1000000010,245.0,244.0,7.0,2
1000000011,298.7142857142857,297.7142857142857,6.857142857142857,7
1000000029,70.0,69.0,6.0,1
1000000040,1391.0,1390.0,7.0,1
1000000042,462.3333333333333,461.3333333333333,5.333333333333333,3
1000000044,226.0,225.0,7.0,2
1000000046,237.0,236.0,7.0,1
1000000048,335.0,334.0,7.0,1
1000000050,486.0,485.0,7.0,1
1000000052,182.0,181.0,7.0,2
1000000054,359.0,358.0,7.0,1
1000000056,184.5,183.5,4.0,2
1000000059,54.625,53.625,4.5,8
1000000060,56.0,55.0,3.4,10
1000000088,108.0,107.0,7.0,1
1000000096,86.0,85.0,7.0,1
1000000103,73.0,72.0,7.0,1
1000000109,92.0,91.0,7.0,1
1000000114,89.0,88.0,7.0,1
1000000115,268.0,267.0,7.0,1
1000000116,366.0,365.0,7.0,1
1000000117,535.0,534.0,7.0,1
1000000118,519.0,518.0,7.0,1
1000000119,702.0,701.0,7.0,1
1000000122,375.0,374.0,7.0,1
1000000123,240.0,239.0,7.0,1
1000000124,25.4,24.4,2.6,5
1000000132,398.0,397.0,7.0,1
1000000135,253.0,252.0,7.0,1
1000000136,266.0,265.0,7.0,1
1000000138,265.5,264.5,7.0,2
1000000141,233.0,232.0,7.0,4
1000000143,192.0,191.0,4.5,2
1000000145,417.0,416.0,7.0,1
1000000146,2031.0,2030.0,7.0,2
1000000148,369.8333333333333,368.8333333333333,7.0,6
1000000149,657.8,656.8,6.2,5
1000000151,316.0,315.0,7.0,4
1000000152,324.0,323.0,7.0,3
1000000154,723.75,722.75,5.75,8
1000000158,479.5,478.5,7.0,2
1000000161,112.0,111.0,6.666666666666667,3
1000000168,200.0,199.0,7.0,1
1000000171,22.2,21.2,2.3,10
1000000172,95.0,94.0,7.0,1
1000000178,53.0,52.0,5.0,1
1000000204,78.0,77.0,7.0,1
1000000213,39.333333333333336,38.333333333333336,4.0,3
1000000216,66.0,65.0,6.0,1
1000000234,51.0,50.0,5.0,1
1000000267,57.4,56.4,4.2,5
1000000268,25.0,24.0,2.5,2
1000000269,257.5,256.5,5.5,4
1000000280,88.0,87.0,7.0,1
1000000281,73.0,72.0,7.0,1
1000000282,100.0,99.0,7.0,1
1000000283,51.0,50.0,5.0,1
1000000286,64.0,63.0,6.0,1
1000000292,64.0,63.0,6.0,1
1000000300,214.0,213.0,7.0,1
1000000306,35.0,34.0,3.5,2
1000000308,55.0,54.0,5.0,1
1000000310,51.5,50.5,5.0,2
1000000314,72.0,71.0,7.0,1
1000000315,374.0,373.0,7.0,1
1000000316,86.5,85.5,5.4,10
1000000317,322.375,321.375,6.25,8
1000000319,65.8,64.8,4.5,10
1000000320,159.0,158.0,5.0,2
1000000329,126.33333333333333,125.33333333333333,6.0,3
1000000331,161.0,160.0,7.0,1
1000000332,38.5,37.5,3.5,2
1000000339,314.5,313.5,6.5,2
1000000341,790.0,789.0,7.0,1
1000000342,295.5,294.5,6.25,4
1000000343,123.0,122.0,5.333333333333333,3
1000000344,359.0,358.0,7.0,1
1000000345,1145.0,1144.0,7.0,2
1000000346,907.0,906.0,7.0,1
1000000347,149.66666666666666,148.66666666666666,4.0,3
1000000348,226.0,225.0,7.0,1
1000000349,193.0,192.0,7.0,1
1000000350,377.0,376.0,7.0,1
1000000351,421.0,420.0,7.0,1
1000000352,195.0,194.0,5.0,2
1000000353,215.66666666666666,214.66666666666666,5.333333333333333,3
1000000354,194.33333333333334,193.33333333333334,7.0,3
1000000358,85.0,84.0,7.0,1
1000000360,444.5,443.5,5.75,4
1000000362,105.0,104.0,3.6666666666666665,3
1000000363,232.0,231.0,7.0,2
1000000366,66.0,65.0,6.0,1
1000000368,801.0,800.0,7.0,1
1000000371,195.0,194.0,7.0,1
1000000377,142.0,141.0,7.0,1
1000000378,22.333333333333332,21.333333333333332,2.3333333333333335,3
1000000384,97.0,96.0,7.0,1
1000000387,110.0,109.0,5.333333333333333,3
1000000391,182.0,181.0,7.0,2
1000000395,129.0,128.0,5.2,5
1000000397,193.33333333333334,192.33333333333334,7.0,3
1000000398,155.0,154.0,5.428571428571429,7
1000000400,46.4,45.4,4.2,5
1000000403,459.0,458.0,7.0,1
1000000407,154.0,153.0,4.75,8
1000000409,368.0,367.0,7.0,2
1000000412,127.0,126.0,7.0,1
1000000413,641.5,640.5,7.0,2
1000000415,292.75,291.75,6.5,4
1000000417,148.33333333333334,147.33333333333334,5.0,3
1000000419,58.0,57.0,5.0,1
1000000422,29.5,28.5,3.0,2
1000000432,85.8,84.8,5.8,10
1000000434,192.0,191.0,7.0,2
1000000442,164.0,163.0,7.0,1
1000000444,51.333333333333336,50.333333333333336,4.666666666666667,3
1000000452,84.0,83.0,7.0,1
1000000460,153.0,152.0,5.0,3
1000000461,64.0,63.0,4.6,5
1000000463,373.0,372.0,7.0,1
1000000465,146.0,145.0,5.0,4
1000000466,80.0,79.0,5.5,2
1000000467,92.0,91.0,7.0,1
1000000468,60.0,59.0,6.0,1
1000000470,57.0,56.0,5.0,1
1000000472,189.0,188.0,4.75,4
1000000474,96.5,95.5,6.5,4
1000000475,584.0,583.0,7.0,1
1000000477,177.75,176.75,6.75,4
1000000479,426.0,425.0,5.5,2
1000000483,35.5,34.5,3.5,2
1000000484,64.0,63.0,6.0,1
1000000485,81.0,80.0,7.0,1
1000000486,167.0,166.0,7.0,1
1000000494,44.5,43.5,4.5,2
1000000498,84.0,83.0,7.0,1
1010000001,50.0,49.0,5.0,1
1010000002,73.0,72.0,7.0,1
1010000003,56.0,55.0,5.0,1
1010000011,54.0,53.0,5.0,1
1010000042,75.0,74.0,7.0,1
1010000043,62.0,61.0,6.0,1
1010000056,154.0,153.0,7.0,1
1010000058,31.333333333333332,30.333333333333332,3.0,3
1010000062,64.0,63.0,6.0,1
1010000066,308.0,307.0,7.0,1
1010000070,145.0,144.0,7.0,1
1010000085,215.0,214.0,7.0,1
1010000089,64.0,63.0,6.0,1
1010000093,27.5,26.5,3.0,2
1010000094,68.0,67.0,6.0,1
1010000095,67.0,66.0,6.0,1
1010000096,88.0,87.0,7.0,1
1010000097,63.0,62.0,6.0,1
1010000099,73.0,72.0,7.0,1
1010000103,365.6666666666667,364.6666666666667,7.0,3
1010000104,219.0,218.0,4.222222222222222,9
1010000105,535.0,534.0,6.0,2
1010000107,166.0,165.0,7.0,1
1010000108,318.0,317.0,7.0,1
1010000109,314.0,313.0,4.0,2
1010000110,126.0,125.0,7.0,3
1010000111,187.33333333333334,186.33333333333334,6.0,3
1010000112,234.0,233.0,7.0,1
1010000113,334.0,333.0,7.0,1
1010000114,169.33333333333334,168.33333333333334,6.666666666666667,3
1010000117,27.5,26.5,3.0,2
1010000118,116.0,115.0,7.0,1
1010000130,265.0,264.0,7.0,1
1010000131,735.5,734.5,7.0,2
1010000181,114.0,113.0,4.0,2
1010000182,103.0,102.0,7.0,1
1010000183,27.0,26.0,2.75,4
1010000184,52.0,51.0,5.0,1
1010000185,54.7,53.7,4.6,10
1010000186,160.0,159.0,7.0,1
1010000187,205.2,204.2,6.0,5
1010000188,325.3333333333333,324.3333333333333,4.666666666666667,6
1010000190,51.0,50.0,5.0,1
1010000207,66.0,65.0,6.0,1
1010000209,58.0,57.0,5.0,1
1010000218,1664.0,1663.0,7.0,1
1010000220,428.5,427.5,5.0,2
1010000222,197.5,196.5,7.0,2
1010000224,961.0,960.0,7.0,1
1010000226,349.0,348.0,7.0,1
1010000228,112.5,111.5,5.25,4
1010000230,197.0,196.0,7.0,1
1010000232,720.0,719.0,7.0,1
1010000235,350.5,349.5,6.0,2
1010000236,504.2,503.2,7.0,5
1010000245,213.0,212.0,7.0,1
1010000259,85.0,84.0,7.0,1
1010000266,39.0,38.0,4.0,2
1010000280,151.0,150.0,7.0,1
1010000283,111.33333333333333,110.33333333333333,3.6666666666666665,3
1010000290,232.0,231.0,7.0,1
1010000291,112.0,111.0,7.0,1
1010000302,80.5,79.5,7.0,2
1010000308,935.0,934.0,7.0,1
1010000309,411.0,410.0,7.0,1
1010000310,249.0,248.0,7.0,1
1010000311,299.0,298.0,7.0,1
1010000312,413.0,412.0,7.0,1
1010000313,234.0,233.0,7.0,1
1010000314,364.0,363.0,7.0,1
1010000316,169.83333333333334,168.83333333333334,5.833333333333333,6
1010000318,169.0,168.0,7.0,1
1010000320,476.0,475.0,7.0,1
1010000322,532.0,531.0,7.0,1
1010000324,716.0,715.0,7.0,1
1010000328,28.5,27.5,3.0,2
1010000330,130.25,129.25,6.25,4
1010000331,51.0,50.0,5.0,1
1010000332,241.625,240.625,7.0,8
1010000341,68.5,67.5,5.5,2
1010000342,67.0,66.0,6.0,1
1010000343,126.0,125.0,7.0,1
1010000352,115.5,114.5,4.5,2
1010000353,298.0,297.0,7.0,1
1010000354,251.0,250.0,7.0,2
1010000355,396.0,395.0,7.0,1
1010000356,648.0,647.0,7.0,1
1010000358,459.0,458.0,7.0,1
1010000359,132.0,131.0,6.333333333333333,3
1010000360,173.66666666666666,172.66666666666666,5.0,3
1010000361,315.0,314.0,7.0,1
1010000362,112.66666666666667,111.66666666666667,7.0,3
1010000363,66.66666666666667,65.66666666666667,3.3333333333333335,6
1010000364,156.2,155.2,4.8,5
1010000365,227.0,226.0,7.0,1
1010000366,301.0,300.0,7.0,1
1010000367,403.0,402.0,7.0,2
1010000368,140.0,139.0,5.333333333333333,3
1010000369,596.0,595.0,7.0,1
1010000370,170.0,169.0,7.0,1
1010000371,340.0,339.0,7.0,2
1010000372,643.0,642.0,7.0,1
1010000373,814.0,813.0,7.0,1
1010000374,291.0,290.0,6.666666666666667,3
1010000375,263.0,262.0,7.0,3
1010000376,425.2,424.2,5.6,5
1010000377,316.0,315.0,7.0,2
1010000378,294.25,293.25,5.75,4
1010000379,506.0,505.0,7.0,1
1010000380,100.0,99.0,7.0,1
1010000381,302.5,301.5,4.0,2
1010000382,668.0,667.0,7.0,2
1010000383,213.25,212.25,7.0,4
1010000384,403.0,402.0,7.0,1
1010000385,384.0,383.0,7.0,1
1010000386,493.0,492.0,7.0,1
1010000387,441.0,440.0,7.0,1
1010000388,408.0,407.0,7.0,1
1010000389,561.0,560.0,7.0,1
1010000390,1439.0,1438.0,7.0,1
1010000391,310.0,309.0,7.0,2
1010000392,1026.0,1025.0,7.0,1
1010000393,401.0,400.0,7.0,1
1010000394,486.0,485.0,7.0,1
1010000395,342.3333333333333,341.3333333333333,7.0,3
1010000396,817.0,816.0,7.0,1
1010000397,26.0,25.0,3.0,2
1010000398,396.0,395.0,7.0,2
1010000399,112.0,111.0,7.0,1
1010000400,360.0,359.0,7.0,1
1010000401,140.0,139.0,7.0,1
1010000402,917.0,916.0,7.0,1
1010000403,250.5,249.5,4.5,2
1010000404,351.5,350.5,7.0,2
1010000405,308.0,307.0,7.0,1
1010000406,477.0,476.0,5.0,3
1010000407,388.0,387.0,7.0,1
1010000408,374.5,373.5,7.0,2
1010000409,120.5,119.5,4.0,2
1010000410,154.0,153.0,7.0,1
1010000411,354.0,353.0,7.0,1
1010000412,685.0,684.0,7.0,2
1010000413,81.0,80.0,7.0,1
1010000414,348.0,347.0,7.0,1
1010000415,610.0,609.0,7.0,1
1010000416,411.3333333333333,410.3333333333333,7.0,3
1010000417,466.0,465.0,7.0,1
1010000418,1143.0,1142.0,7.0,1
1010000419,200.0,199.0,7.0,1
1010000420,93.4,92.4,6.0,5
1010000421,728.0,727.0,7.0,1
1010000422,188.0,187.0,7.0,2
1010000423,267.0,266.0,7.0,1
1010000424,822.0,821.0,7.0,1
1010000425,285.0,284.0,4.0,2
1010000426,349.0,348.0,7.0,1
1010000427,379.6666666666667,378.6666666666667,5.333333333333333,3
1010000428,237.0,236.0,7.0,1
1010000429,427.0,426.0,7.0,1
1010000430,231.0,230.0,7.0,1
1010000431,88.625,87.625,5.0,8
1010000432,498.0,497.0,7.0,1
1010000433,262.0,261.0,7.0,1
1010000434,120.0,119.0,7.0,1
1010000435,328.0,327.0,7.0,1
1010000436,343.6666666666667,342.6666666666667,3.6666666666666665,3
1010000437,206.25,205.25,5.5,4
1010000438,586.0,585.0,7.0,1
1010000439,338.0,337.0,7.0,1
1010000440,221.25,220.25,5.75,4
1010000441,261.0,260.0,7.0,1
1010000442,246.0,245.0,5.0,2
1010000443,370.0,369.0,7.0,1
1010000444,147.5,146.5,7.0,2
1010000445,257.0,256.0,7.0,1
1010000446,98.5,97.5,5.5,2
1010000447,800.0,799.0,7.0,1
1010000448,75.7,74.7,4.3,10
1010000449,376.0,375.0,7.0,1
1010000450,192.0,191.0,7.0,1
1010000451,355.0,354.0,7.0,1
1010000452,72.5,71.5,4.5,4
1010000453,96.6,95.6,4.6,10
1010000454,175.5,174.5,7.0,2
1010000455,159.0,158.0,7.0,1
1010000456,442.0,441.0,7.0,1
1010000457,590.0,589.0,7.0,1
1010000458,138.5,137.5,4.5,2
1010000459,129.0,128.0,7.0,1
1010000460,138.875,137.875,5.625,8
1010000461,346.0,345.0,7.0,1
1010000462,398.0,397.0,7.0,1
1010000463,107.0,106.0,4.0,2
1010000464,111.66666666666667,110.66666666666667,6.0,3
1010000465,469.0,468.0,7.0,1
1010000466,105.0,104.0,7.0,1
1010000467,208.0,207.0,7.0,2
1010000468,94.0,93.0,6.5,2
1010000469,169.0,168.0,7.0,1
1010000470,315.0,314.0,7.0,1
1010000471,137.0,136.0,7.0,2
1010000472,109.0,108.0,5.0,2
1010000473,33.6,32.6,2.8,10
1010000483,102.0,101.0,7.0,1
1010000484,385.0,384.0,7.0,1
1010000495,106.0,105.0,7.0,1
1010000496,119.0,118.0,7.0,1
1010000497,260.0,259.0,7.0,1
1010000498,487.0,486.0,7.0,1
1020000001,72.0,71.0,7.0,1
1020000029,69.0,68.0,6.0,1
1020000037,77.0,76.0,7.0,1
1020000074,67.0,66.0,6.0,1
1020000077,123.0,122.0,6.333333333333333,6
1020000084,192.0,191.0,7.0,1
1020000088,113.0,112.0,7.0,1
1020000098,56.0,55.0,5.0,1
1020000105,383.0,382.0,7.0,1
1020000108,164.0,163.0,5.666666666666667,3
1020000112,90.66666666666667,89.66666666666667,7.0,3
1020000115,141.0,140.0,3.75,4
1020000121,127.0,126.0,7.0,1
1020000122,86.0,85.0,7.0,1
1020000125,147.0,146.0,7.0,1
1020000131,277.0,276.0,7.0,1
1020000135,546.0,545.0,7.0,1
1020000138,252.5,251.5,7.0,2
1020000139,140.0,139.0,7.0,1
1020000141,32.7,31.7,2.7,10
1020000142,98.0,97.0,7.0,1
1020000145,39.0,38.0,3.5,2
1020000154,202.0,201.0,7.0,1
1020000159,229.7,228.7,6.3,10
1020000160,121.57142857142857,120.57142857142857,5.142857142857143,7
1020000161,109.0,108.0,7.0,1
1020000162,280.0,279.0,7.0,1
1020000163,1634.0,1633.0,7.0,2
1020000173,36.666666666666664,35.666666666666664,3.6666666666666665,3
1020000175,85.0,84.0,7.0,1
1020000176,64.0,63.0,4.0,3
1020000178,144.0,143.0,7.0,1
1020000179,35.5,34.5,3.5,2
1020000182,62.0,61.0,6.0,1
1020000183,163.57142857142858,162.57142857142858,6.285714285714286,7
1020000184,82.0,81.0,7.0,1
1020000185,122.0,121.0,7.0,1
1020000202,66.0,65.0,6.0,1
1020000211,77.0,76.0,7.0,1
1020000216,1717.0,1716.0,7.0,1
1020000217,1401.0,1400.0,7.0,1
1020000218,392.0,391.0,7.0,1
1020000220,530.5,529.5,6.5,2
1020000221,354.0,353.0,7.0,2
1020000223,180.25,179.25,5.5,4
1020000227,637.0,636.0,7.0,1
1020000229,280.0,279.0,7.0,1
1020000231,103.5,102.5,5.0,2
1020000234,69.0,68.0,6.0,1
1020000235,75.0,74.0,7.0,1
1020000236,60.0,59.0,6.0,1
1020000239,78.0,77.0,7.0,1
1020000240,91.0,90.0,7.0,1
1020000242,114.0,113.0,5.5,4
1020000246,248.5,247.5,5.5,2
1020000248,320.0,319.0,7.0,1
1020000250,289.0,288.0,7.0,1
1020000252,373.0,372.0,7.0,1
1020000253,195.0,194.0,7.0,1
1020000255,170.0,169.0,7.0,1
1020000257,39.166666666666664,38.166666666666664,3.8333333333333335,6
1020000259,100.66666666666667,99.66666666666667,5.333333333333333,3
1020000261,73.66666666666667,72.66666666666667,3.3333333333333335,3
1020000263,178.0,177.0,7.0,1
1020000268,185.0,184.0,7.0,1
1020000271,318.0,317.0,7.0,1
1020000277,94.0,93.0,7.0,1
1020000282,29.666666666666668,28.666666666666668,2.6666666666666665,3
1020000292,107.0,106.0,7.0,1
1020000298,112.0,111.0,7.0,1
1020000300,839.0,838.0,7.0,1
1020000307,66.0,65.0,6.0,1
1020000317,83.0,82.0,7.0,1
1020000318,176.0,175.0,7.0,1
1020000319,53.0,52.0,5.0,1
1020000320,114.0,113.0,7.0,1
1020000326,66.0,65.0,6.0,1
1020000333,73.0,72.0,7.0,1
1020000346,55.0,54.0,5.0,1
1020000349,196.0,195.0,7.0,1
1020000350,251.0,250.0,7.0,1
1020000351,359.0,358.0,7.0,1
1020000352,318.0,317.0,7.0,1
1020000353,88.5,87.5,6.0,2
1020000354,104.0,103.0,7.0,1
1020000355,1309.0,1308.0,7.0,1
1020000356,155.0,154.0,7.0,1
1020000358,279.0,278.0,7.0,1
1020000360,230.0,229.0,7.0,1
1020000361,90.0,89.0,6.0,3
1020000362,173.0,172.0,7.0,1
1020000363,223.0,222.0,7.0,1
1020000364,196.0,195.0,7.0,1
1020000365,161.0,160.0,7.0,1
1020000366,194.0,193.0,7.0,2
1020000367,224.0,223.0,7.0,1
1020000368,152.0,151.0,7.0,1
1020000369,112.5,111.5,4.5,2
1020000370,111.5,110.5,6.5,2
1020000371,261.0,260.0,7.0,1
1020000372,115.0,114.0,6.0,2
1020000373,128.5,127.5,4.0,2
1020000375,260.3333333333333,259.3333333333333,6.333333333333333,3
1020000377,299.0,298.0,7.0,1
1020000379,730.0,729.0,7.0,1
1020000381,277.0,276.0,7.0,1
1020000384,391.0,390.0,7.0,1
1020000387,99.0,98.0,6.0,2
1020000391,160.8,159.8,6.2,5
1020000392,376.5,375.5,7.0,2
1020000393,188.0,187.0,5.8,10
1020000394,299.0,298.0,7.0,1
1020000396,190.66666666666666,189.66666666666666,7.0,3
1020000397,102.0,101.0,7.0,1
1020000398,213.0,212.0,7.0,2
1020000399,36.333333333333336,35.333333333333336,3.6666666666666665,3
1020000400,172.0,171.0,7.0,1
1020000401,69.4,68.4,4.3,10
1020000405,171.4,170.4,6.0,10
1020000406,257.0,256.0,7.0,1
1020000417,77.0,76.0,7.0,1
1020000422,64.4,63.4,4.6,10
1020000423,190.28571428571428,189.28571428571428,6.285714285714286,7
1020000424,412.0,411.0,7.0,1
1020000425,252.0,251.0,7.0,1
1020000426,395.5,394.5,6.0,4
1020000427,352.0,351.0,7.0,1
1020000428,472.0,471.0,7.0,1
1020000429,138.0,137.0,7.0,1
1020000430,207.0,206.0,7.0,1
1020000431,240.5,239.5,5.0,2
1020000432,234.0,233.0,7.0,1
1020000433,316.0,315.0,7.0,1
1020000434,127.5,126.5,7.0,2
1020000435,459.0,458.0,7.0,1
1020000436,310.0,309.0,7.0,1
1020000437,58.0,57.0,5.0,1
1020000438,686.0,685.0,7.0,1
1020000439,735.0,734.0,7.0,1
1020000440,164.5,163.5,5.0,2
1020000441,325.0,324.0,7.0,1
1020000442,86.0,85.0,7.0,1
1020000443,143.0,142.0,6.0,2
1020000444,318.0,317.0,7.0,1
1020000445,597.0,596.0,7.0,1
1020000446,221.0,220.0,7.0,1
1020000447,681.0,680.0,7.0,1
1020000448,136.5,135.5,5.5,2
1020000449,373.0,372.0,7.0,1
1020000450,771.0,770.0,7.0,1
1020000451,102.0,101.0,5.5,2
1020000452,264.0,263.0,7.0,1
1020000453,62.4,61.4,5.0,5
1020000454,106.0,105.0,4.5,2
1020000455,111.5,110.5,4.5,2
1020000456,248.5,247.5,6.5,2
1020000457,89.0,88.0,7.0,1
1020000458,175.0,174.0,7.0,1
1020000459,318.0,317.0,7.0,2
1020000460,903.0,902.0,7.0,2
1020000461,143.5,142.5,6.0,2
1020000462,208.0,207.0,7.0,1
1020000463,230.66666666666666,229.66666666666666,6.666666666666667,3
1020000464,360.0,359.0,7.0,1
1020000465,250.0,249.0,7.0,1
1020000466,269.0,268.0,7.0,1
1020000467,218.0,217.0,7.0,1
1020000468,324.0,323.0,7.0,1
1020000469,776.0,775.0,7.0,1
1020000470,122.0,121.0,6.5,2
1020000471,112.5,111.5,4.0,2
1020000472,55.0,54.0,5.0,1
1020000473,96.5,95.5,6.5,2
1020000474,244.5,243.5,7.0,2
1020000475,240.5,239.5,7.0,2
1020000476,179.0,178.0,7.0,1
1020000477,220.5,219.5,5.0,4
1020000478,128.0,127.0,7.0,1
1020000479,881.0,880.0,7.0,1
1020000480,92.0,91.0,7.0,1
1020000481,308.0,307.0,7.0,1
1020000482,457.0,456.0,7.0,1
1020000483,447.0,446.0,7.0,1
1020000484,76.5,75.5,5.5,2
1020000485,249.0,248.0,7.0,1
1020000486,72.33333333333333,71.33333333333333,4.666666666666667,3
1020000487,697.0,696.0,7.0,1
1020000488,46.5,45.5,4.0,2
1020000489,160.0,159.0,7.0,1
1020000490,257.0,256.0,7.0,2
1020000491,440.0,439.0,7.0,1
1020000492,112.33333333333333,111.33333333333333,5.333333333333333,3
1020000493,215.0,214.0,7.0,1
1020000494,299.0,298.0,7.0,2
1020000495,45.285714285714285,44.285714285714285,4.285714285714286,7
1020000496,97.875,96.875,5.25,8
1020000497,453.0,452.0,7.0,1
1020000498,276.0,275.0,7.0,1
1020000499,49.0,48.0,4.5,2
1020000500,125.0,124.0,5.0,2
1030000001,103.0,102.0,7.0,1
1030000004,31.0,30.0,3.0,2
1030000005,74.0,73.0,7.0,2
1030000006,594.0,593.0,7.0,1
1030000008,104.0,103.0,7.0,1
1030000010,102.0,101.0,6.0,2
1030000015,140.0,139.0,7.0,1
1030000017,67.0,66.0,6.0,1
1030000018,201.0,200.0,7.0,1
1030000028,78.0,77.0,7.0,1
1030000029,156.0,155.0,7.0,1
1030000030,71.0,70.0,6.0,1
1030000032,95.0,94.0,7.0,1
1030000037,38.0,37.0,3.5,2
1030000040,243.0,242.0,7.0,1
1030000042,63.0,62.0,6.0,1
1030000051,37.333333333333336,36.333333333333336,3.6666666666666665,3
1030000053,154.0,153.0,7.0,1
1030000062,63.0,62.0,6.0,1
1030000081,64.0,63.0,6.0,1
1030000085,27.5,26.5,3.0,2
1030000086,67.0,66.0,6.0,1
1030000087,67.0,66.0,6.0,1
1030000088,88.0,87.0,7.0,1
1030000089,65.0,64.0,6.0,1
1030000091,83.0,82.0,7.0,1
1030000095,337.0,336.0,7.0,3
1030000096,123.0,122.0,7.0,1
1030000103,84.0,83.0,7.0,1
1030000104,53.0,52.0,5.0,1
1030000105,97.0,96.0,7.0,1
1030000107,78.0,77.0,7.0,1
1030000110,151.0,150.0,7.0,1
1030000116,209.0,208.0,7.0,1
1030000119,85.0,84.0,7.0,1
1030000122,675.5,674.5,7.0,2
1030000124,137.75,136.75,6.0,4
1030000126,87.5,86.5,5.0,2
1030000128,84.0,83.0,7.0,1
1030000129,2738.0,2737.0,7.0,1
1030000132,353.0,352.0,7.0,1
1030000133,49.5,48.5,5.0,2
1030000180,127.0,126.0,7.0,1
1030000182,95.0,94.0,7.0,1
1030000184,35.2,34.2,3.6,5
1030000185,64.66666666666667,63.666666666666664,4.333333333333333,9
1030000186,84.5,83.5,4.5,2
1030000187,445.0,444.0,7.0,1
1030000188,196.25,195.25,5.5,4
1030000189,84.0,83.0,7.0,1
1030000190,123.0,122.0,7.0,1
1030000202,100.0,99.0,7.0,1
1030000206,68.0,67.0,6.0,1
1030000223,72.0,71.0,7.0,1
1030000244,420.0,419.0,6.0,2
1030000248,550.5,549.5,7.0,2
1030000251,54.5,53.5,5.0,2
1030000257,281.0,280.0,6.0,3
1030000259,242.0,241.0,6.666666666666667,3
1030000261,130.0,129.0,5.5,6
1030000263,75.75,74.75,5.25,4
1030000266,67.0,66.0,6.0,1
1030000279,413.25,412.25,7.0,4
1030000281,403.0,402.0,7.0,1
1030000284,20.0,19.0,2.0,5
1030000285,52.0,51.0,5.0,2
1030000287,416.0,415.0,7.0,1
1030000289,143.25,142.25,5.0,4
1030000294,68.5,67.5,5.0,2
1030000297,281.5,280.5,6.0,2
1030000301,157.0,156.0,7.0,1
1030000304,54.0,53.0,5.0,2
1030000308,166.0,165.0,7.0,1
1030000309,116.25,115.25,5.0,4
1030000311,212.33333333333334,211.33333333333334,5.0,3
1030000313,124.4,123.4,5.4,5
1030000319,173.0,172.0,6.666666666666667,3
1030000321,278.0,277.0,5.5,2
1030000322,23.333333333333332,22.333333333333332,2.6666666666666665,3
1030000323,207.0,206.0,7.0,1
1030000325,106.33333333333333,105.33333333333333,3.3333333333333335,3
1030000326,56.5,55.5,4.5,2
1030000327,228.0,227.0,7.0,1
1030000329,303.0,302.0,7.0,1
1030000331,210.0,209.0,7.0,3
1030000333,175.5,174.5,4.5,2
1030000334,58.0,57.0,5.0,1
1030000335,214.0,213.0,7.0,2
1030000337,95.5,94.5,5.5,2
1030000339,148.0,147.0,7.0,1
1030000341,226.0,225.0,7.0,1
1030000343,135.0,134.0,7.0,1
1030000344,52.0,51.0,5.0,1
1030000345,164.0,163.0,7.0,1
1030000347,119.0,118.0,5.0,3
1030000350,123.0,122.0,7.0,1
1030000357,54.75,53.75,4.75,8
1030000359,50.25,49.25,3.75,4
1030000361,345.0,344.0,7.0,2
1030000367,201.4,200.4,6.0,5
1030000369,330.0,329.0,5.0,2
1030000370,293.5,292.5,7.0,2
1030000379,64.0,63.0,6.0,1
1030000399,20.0,19.0,2.3333333333333335,3
1030000401,55.0,54.0,5.0,1
1030000410,164.0,163.0,7.0,1
1030000418,51.0,50.0,5.0,1
1030000424,89.0,88.0,7.0,1
1030000425,168.0,167.0,4.0,2
1030000426,71.0,70.0,6.0,1
1030000429,187.0,186.0,7.0,1
1030000430,255.0,254.0,7.0,1
1030000431,298.0,297.0,7.0,1
1030000432,275.0,274.0,7.0,1
1030000433,186.0,185.0,7.0,1
1030000435,363.0,362.0,7.0,1
1030000436,121.5,120.5,7.0,2
1030000439,141.0,140.0,7.0,1
1030000441,175.0,174.0,7.0,1
1030000442,255.0,254.0,7.0,1
1030000445,404.5,403.5,7.0,2
1030000447,123.0,122.0,7.0,1
1030000449,108.5,107.5,5.5,4
1030000451,407.0,406.0,7.0,1
1030000452,620.0,619.0,7.0,3
1030000453,201.0,200.0,7.0,1
1030000454,691.0,690.0,7.0,1
1030000456,356.25,355.25,6.5,8
1030000459,63.4,62.4,4.0,5
1030000461,112.0,111.0,7.0,1
1030000462,82.2,81.2,4.4,5
1030000463,109.33333333333333,108.33333333333333,6.0,3
1030000464,48.333333333333336,47.333333333333336,3.3333333333333335,3
1030000465,88.0,87.0,7.0,1
1030000466,85.0,84.0,5.125,8
1030000467,351.0,350.0,7.0,1
1030000469,84.83333333333333,83.83333333333333,3.1666666666666665,6
1030000471,121.0,120.0,4.75,4
1030000473,70.0,69.0,6.0,1
1030000475,95.0,94.0,6.0,4
1030000476,86.0,85.0,7.0,1
1030000477,79.0,78.0,4.857142857142857,7
1030000478,61.0,60.0,6.0,1
1030000480,190.0,189.0,7.0,1
1030000481,207.0,206.0,7.0,2
1030000482,104.0,103.0,4.666666666666667,3
1030000486,54.0,53.0,5.0,2
1030000490,74.0,73.0,7.0,1
1030000491,516.0,515.0,7.0,1
1030000492,57.0,56.0,4.333333333333333,3
1030000493,101.0,100.0,7.0,1
1030000494,137.0,136.0,7.0,1
1030000498,165.25,164.25,6.5,4
1030000499,63.666666666666664,62.666666666666664,3.6666666666666665,3
1030000500,36.0,35.0,3.0,4
1040000001,84.0,83.0,7.0,1
1040000005,552.0,551.0,7.0,1
1040000006,94.0,93.0,7.0,1
1040000032,16.6,15.6,2.0,5
1040000033,18.1,17.1,2.1,10
1040000039,74.0,73.0,7.0,1
1040000040,69.0,68.0,6.0,1
1040000055,38.0,37.0,4.0,2
1040000060,57.0,56.0,5.0,1
1040000061,62.0,61.0,6.0,1
1040000065,79.5,78.5,4.0,2
1040000079,442.0,441.0,7.0,1
1040000094,194.0,193.0,7.0,1
1040000097,160.0,159.0,7.0,2
1040000100,754.0,753.0,7.0,1
1040000105,62.0,61.0,6.0,1
1040000113,43.0,42.0,4.0,2
1040000121,62.0,61.0,5.5,2
1040000123,37.0,36.0,4.0,2
1040000124,334.0,333.0,7.0,1
1040000125,43.5,42.5,4.0,4
1040000141,99.0,98.0,7.0,2
1040000142,65.2,64.2,4.2,5
1040000143,234.2,233.2,6.4,10
1040000148,61.0,60.0,6.0,2
1040000149,444.0,443.0,7.0,1
1040000150,268.7,267.7,6.0,10
1040000161,209.0,208.0,5.25,8
1040000180,143.8,142.8,5.5,10
1040000189,106.0,105.0,7.0,1
1040000190,190.0,189.0,5.5,8
1040000192,573.3333333333334,572.3333333333334,7.0,3
1040000195,154.4,153.4,5.0,5
1040000199,296.8,295.8,7.0,5
1040000201,119.0,118.0,5.833333333333333,6
1040000203,48.25,47.25,4.5,4
1040000204,77.0,76.0,7.0,1
1040000207,56.0,55.0,5.0,1
1040000220,187.28571428571428,186.28571428571428,6.428571428571429,7
1040000224,117.83333333333333,116.83333333333333,4.0,6
1040000229,212.0,211.0,5.0,2
1040000230,215.0,214.0,4.5,2
1040000231,192.0,191.0,7.0,1
1040000240,167.9,166.9,5.7,10
1040000241,196.33333333333334,195.33333333333334,5.166666666666667,6
1040000243,211.5,210.5,5.2,10
1040000246,321.0,320.0,7.0,1
1040000247,60.0,59.0,6.0,1
1040000249,123.0,122.0,4.0,2
1040000253,55.0,54.0,5.0,1
1040000256,90.0,89.0,7.0,1
1040000257,130.66666666666666,129.66666666666666,5.333333333333333,3
1040000258,61.0,60.0,6.0,1
1040000262,330.5,329.5,7.0,2
1040000264,64.8,63.8,5.8,5
1040000265,189.0,188.0,7.0,1
1040000266,85.83333333333333,84.83333333333333,5.166666666666667,6
1040000269,76.8,75.8,4.8,5
1040000270,108.6,107.6,4.6,5
1040000274,88.5,87.5,5.2,10
1040000276,49.5,48.5,3.4,10
1040000280,114.8,113.8,3.8,5
1040000281,97.5,96.5,5.0,10
1040000288,79.5,78.5,6.5,2
1040000297,91.0,90.0,7.0,1
1040000316,108.0,107.0,7.0,1
1040000320,92.0,91.0,7.0,1
1040000321,57.0,56.0,5.0,1
1040000322,54.0,53.0,5.0,1
1040000328,114.0,113.0,7.0,1
1040000333,95.0,94.0,7.0,1
1040000334,103.0,102.0,7.0,1
1040000337,199.0,198.0,4.0,2
1040000339,69.0,68.0,4.5,2
1040000341,62.0,61.0,6.0,1
1040000342,55.25,54.25,3.75,4
1040000343,100.0,99.0,7.0,1
1040000344,144.0,143.0,7.0,1
1040000345,128.2,127.2,5.6,5
1040000346,126.9,125.9,6.6,10
1040000347,84.0,83.0,7.0,1
1040000349,118.0,117.0,7.0,1
1040000364,67.0,66.0,6.0,1
1040000366,261.0,260.0,7.0,1
1040000381,42.0,41.0,4.0,2
1040000382,76.0,75.0,7.0,1
1040000392,265.0,264.0,4.333333333333333,3
1040000393,177.28571428571428,176.28571428571428,5.857142857142857,7
1040000394,98.0,97.0,3.0,4
1040000395,184.0,183.0,7.0,1
1040000397,263.5,262.5,7.0,2
1040000398,62.0,61.0,4.0,2
1040000399,53.6,52.6,3.6,10
1040000401,100.0,99.0,5.0,3
1040000402,279.0,278.0,7.0,1
1040000403,81.0,80.0,7.0,1
1040000404,310.0,309.0,7.0,1
1040000406,207.0,206.0,7.0,1
1040000409,206.0,205.0,7.0,1
1040000411,115.5,114.5,4.0,2
1040000413,130.0,129.0,7.0,1
1040000415,123.5,122.5,7.0,2
1040000416,62.0,61.0,6.0,1
1040000418,84.0,83.0,7.0,1
1040000420,382.0,381.0,7.0,1
1040000422,223.0,222.0,7.0,1
1040000424,125.0,124.0,7.0,1
1040000426,244.0,243.0,7.0,1
1040000429,30.0,29.0,3.0,2
1040000431,243.0,242.0,7.0,1
1040000433,117.0,116.0,7.0,1
1040000435,241.0,240.0,7.0,1
1040000437,204.0,203.0,7.0,1
1040000439,83.0,82.0,7.0,1
1040000440,182.0,181.0,7.0,1
1040000442,103.0,102.0,6.0,2
1040000443,119.0,118.0,7.0,1
1040000444,86.5,85.5,5.5,2
1040000446,188.0,187.0,7.0,1
1040000449,133.0,132.0,7.0,1
1040000451,243.0,242.0,7.0,1
1040000454,189.66666666666666,188.66666666666666,7.0,3
1040000457,92.0,91.0,5.333333333333333,3
1040000460,282.0,281.0,7.0,1
1040000477,63.0,62.0,6.0,1
1040000491,267.5,266.5,7.0,2
1040000493,63.0,62.0,6.0,1
1040000495,351.0,350.0,7.0,1
1040000497,625.0,624.0,7.0,1
1040000498,249.75,248.75,7.0,4
1040000499,358.0,357.0,7.0,1
1040000500,179.0,178.0,7.0,1
1050000001,90.0,89.0,7.0,1
1050000003,60.0,59.0,5.0,2
1050000004,962.0,961.0,7.0,1
1050000005,71.0,70.0,6.0,1
1050000007,88.5,87.5,6.5,2
1050000033,40.0,39.0,4.0,2
1050000037,54.0,53.0,5.0,1
1050000042,20.0,19.0,2.0,3
1050000058,79.0,78.0,7.0,1
1050000060,114.0,113.0,7.0,1
1050000063,62.5,61.5,5.0,2
1050000066,128.66666666666666,127.66666666666667,5.666666666666667,3
1050000067,44.0,43.0,4.0,2
1050000077,334.0,333.0,7.0,2
1050000082,39.0,38.0,3.7142857142857144,7
1050000083,75.75,74.75,5.5,4
1050000084,310.0,309.0,7.0,1
1050000087,216.0,215.0,7.0,1
1050000088,137.6,136.6,5.8,5
1050000090,208.0,207.0,7.0,1
1050000092,60.4,59.4,4.0,5
1050000094,134.0,133.0,7.0,1
1050000097,70.75,69.75,3.0,4
1050000098,94.5,93.5,4.5,2
1050000102,75.0,74.0,7.0,1
1050000107,134.0,133.0,7.0,1
1050000109,190.25,189.25,6.75,4
1050000111,85.4,84.4,6.0,5
1050000112,438.0,437.0,7.0,1
1050000114,95.8,94.8,5.0,5
1050000117,279.0,278.0,7.0,1
1050000118,96.33333333333333,95.33333333333333,4.666666666666667,3
1050000119,91.75,90.75,6.75,4
1050000120,172.0,171.0,7.0,1
1050000121,289.0,288.0,7.0,1
1050000125,128.0,127.0,4.5,2
1050000127,64.5,63.5,5.5,2
1050000134,39.25,38.25,3.75,4
1050000135,62.0,61.0,6.0,1
1050000141,123.0,122.0,6.0,2
1050000143,194.0,193.0,7.0,1
1050000145,115.75,114.75,4.0,4
1050000147,129.2,128.2,5.4,5
1050000149,78.5,77.5,4.0,10
1050000153,60.0,59.0,6.0,1
1050000154,54.5,53.5,5.0,2
1050000155,36.666666666666664,35.666666666666664,3.3333333333333335,3
1050000157,104.6,103.6,5.4,10
1050000160,126.75,125.75,7.0,4
1050000163,64.0,63.0,6.0,1
1050000166,295.0,294.0,7.0,1
1050000167,245.2,244.2,6.2,5
1050000172,264.6666666666667,263.6666666666667,7.0,3
1050000174,28.333333333333332,27.333333333333332,3.0,3
1050000175,151.77777777777777,150.77777777777777,5.333333333333333,9
1050000176,47.333333333333336,46.333333333333336,4.0,3
1050000180,233.0,232.0,5.25,4
1050000182,118.66666666666667,117.66666666666667,6.666666666666667,3
1050000184,47.5,46.5,3.25,4
1050000185,40.5,39.5,4.0,2
1050000186,47.0,46.0,4.5,2
1050000187,45.0,44.0,4.5,2
1050000188,125.0,124.0,7.0,1
1050000189,100.0,99.0,7.0,1
1050000190,30.77777777777778,29.77777777777778,2.888888888888889,9
1050000193,241.0,240.0,7.0,1
1050000194,345.0,344.0,7.0,3
1050000195,260.0,259.0,7.0,1
1050000196,99.33333333333333,98.33333333333333,4.333333333333333,3
1050000201,92.0,91.0,7.0,1
1050000202,977.0,976.0,7.0,1
1050000205,127.0,126.0,7.0,1
1050000207,85.0,84.0,7.0,1
1050000208,78.0,77.0,5.0,3
1050000209,143.5,142.5,7.0,2
1050000220,148.0,147.0,7.0,1
1050000221,82.5,81.5,4.0,2
1050000224,174.5,173.5,5.6,10
1050000225,84.0,83.0,7.0,1
1050000230,69.0,68.0,6.0,1
1050000235,106.0,105.0,7.0,1
1050000249,100.0,99.0,7.0,1
1050000253,66.0,65.0,6.0,1
1050000260,75.0,74.0,7.0,1
1050000263,581.6666666666666,580.6666666666666,7.0,3
1050000264,806.0,805.0,7.0,1
1050000265,424.0,423.0,7.0,2
1050000267,88.125,87.125,4.75,8
1050000269,263.0,262.0,4.5,2
1050000271,195.0,194.0,6.5,2
1050000274,86.0,85.0,7.0,1
1050000275,167.5,166.5,6.166666666666667,6
1050000277,81.625,80.625,5.125,8
1050000283,112.5,111.5,5.5,6
1050000285,105.5,104.5,6.5,2
1050000288,272.0,271.0,7.0,1
1050000290,168.5,167.5,7.0,2
1050000292,166.0,165.0,4.0,2
1050000294,343.0,342.0,7.0,1
1050000295,92.0,91.0,7.0,1
1050000296,71.28571428571429,70.28571428571429,4.714285714285714,7
1050000299,42.5,41.5,4.5,2
1050000302,49.0,48.0,3.25,4
1050000304,161.0,160.0,7.0,1
1050000310,39.5,38.5,3.5,2
1050000311,284.0,283.0,7.0,1
1050000312,268.0,267.0,7.0,1
1050000313,511.0,510.0,7.0,1
1050000314,482.0,481.0,7.0,1
1050000349,68.0,67.0,6.0,1
1050000365,391.0,390.0,7.0,1
1050000372,53.0,52.0,5.0,1
1050000384,180.0,179.0,7.0,1
1050000385,246.0,245.0,7.0,1
1050000386,296.0,295.0,7.0,1
1050000387,279.0,278.0,7.0,1
1050000388,230.0,229.0,7.0,1
1050000389,111.0,110.0,7.0,1
1050000390,169.0,168.0,7.0,1
1050000391,182.5,181.5,7.0,2
1050000392,350.0,349.0,7.0,1
1050000393,331.0,330.0,7.0,1
1050000394,174.0,173.0,7.0,1
1050000399,148.2,147.2,5.6,5
1050000402,288.5,287.5,5.0,2
1050000403,121.0,120.0,7.0,1
1050000404,70.0,69.0,6.0,1
1050000406,435.0,434.0,7.0,1
1050000408,771.0,770.0,7.0,1
1050000410,79.3,78.3,5.5,10
1050000411,108.0,107.0,7.0,1
1050000413,145.4,144.4,5.5,10
1050000418,258.0,257.0,7.0,1
1050000419,126.0,125.0,7.0,2
1050000420,318.0,317.0,7.0,1
1050000421,166.0,165.0,7.0,2
1050000422,798.0,797.0,7.0,1
1050000423,140.0,139.0,7.0,1
1050000424,95.5,94.5,5.0,2
1050000425,410.0,409.0,7.0,1
1050000426,509.0,508.0,7.0,1
1050000427,184.0,183.0,5.0,2
1050000428,223.0,222.0,7.0,1
1050000429,243.5,242.5,5.0,2
1050000430,210.0,209.0,7.0,1
1050000431,398.0,397.0,7.0,1
1050000432,525.0,524.0,7.0,1
1050000433,186.0,185.0,5.5,2
1050000434,272.0,271.0,6.5,2
1050000435,356.0,355.0,7.0,1
1050000436,265.0,264.0,7.0,1
1050000437,494.0,493.0,7.0,1
1050000438,213.0,212.0,7.0,1
1050000439,320.5,319.5,7.0,2
1050000440,229.0,228.0,7.0,1
1050000441,94.83333333333333,93.83333333333333,5.666666666666667,6
1050000442,232.0,231.0,7.0,1
1050000443,679.0,678.0,7.0,1
1050000444,336.3333333333333,335.3333333333333,5.333333333333333,3
1050000445,322.0,321.0,7.0,1
1050000446,625.0,624.0,7.0,1
1050000447,109.5,108.5,4.0,2
1050000448,677.0,676.0,7.0,1
1050000449,286.0,285.0,7.0,2
1050000450,364.0,363.0,7.0,1
1050000452,56.0,55.0,5.0,1
1050000453,278.0,277.0,7.0,2
1050000454,358.0,357.0,7.0,1
1050000455,416.0,415.0,7.0,1
1050000456,200.0,199.0,7.0,1
1050000457,519.0,518.0,7.0,1
1050000458,345.5,344.5,7.0,2
1050000459,225.5,224.5,5.5,2
1050000460,398.0,397.0,7.0,1
1050000461,286.0,285.0,7.0,1
1050000462,256.0,255.0,7.0,1
1050000463,213.0,212.0,7.0,1
1050000464,449.0,448.0,7.0,1
1050000465,393.5,392.5,7.0,2
1050000466,371.0,370.0,4.5,2
1050000467,325.0,324.0,7.0,1
1050000468,388.0,387.0,7.0,1
1050000469,336.0,335.0,6.0,2
1050000471,240.0,239.0,7.0,1
1050000472,690.0,689.0,7.0,1
1050000473,635.0,634.0,7.0,1
1050000474,238.0,237.0,7.0,1
1050000475,222.5,221.5,7.0,2
1050000476,278.0,277.0,7.0,1
1050000477,416.0,415.0,7.0,1
1050000478,222.0,221.0,7.0,3
1050000479,172.25,171.25,6.25,4
1050000480,340.0,339.0,7.0,1
1050000481,141.0,140.0,7.0,1
1050000482,486.0,485.0,7.0,1
1050000483,114.0,113.0,6.5,2
1050000484,251.0,250.0,5.75,4
1050000485,222.33333333333334,221.33333333333334,7.0,3
1050000486,100.0,99.0,3.3333333333333335,3
1050000487,85.0,84.0,7.0,1
1050000488,178.0,177.0,7.0,2
1050000489,231.0,230.0,7.0,1
1050000490,317.0,316.0,7.0,1
1050000491,335.0,334.0,7.0,1
1050000492,209.0,208.0,7.0,1
1050000493,239.0,238.0,7.0,2
1050000494,208.0,207.0,7.0,1
1050000495,229.0,228.0,7.0,1
1050000496,388.0,387.0,7.0,1
1050000497,565.5,564.5,7.0,2
1050000498,127.0,126.0,7.0,1
1050000499,316.0,315.0,7.0,1
1050000500,126.33333333333333,125.33333333333333,3.0,3
1060000001,83.0,82.0,7.0,1
1060000039,71.0,70.0,6.0,1
1060000052,83.0,82.0,7.0,1
1060000056,64.0,63.0,6.0,1
1060000064,27.5,26.5,3.0,2
1060000066,67.0,66.0,6.0,1
1060000068,67.0,66.0,6.0,1
1060000070,88.0,87.0,7.0,1
1060000072,65.0,64.0,6.0,1
1060000076,197.0,196.0,7.0,1
1060000079,87.0,86.0,7.0,1
1060000081,146.5,145.5,5.0,2
1060000083,91.0,90.0,7.0,1
1060000084,76.0,75.0,7.0,1
1060000086,105.0,104.0,7.0,1
1060000094,83.0,82.0,7.0,1
1060000103,150.4,149.4,5.2,5
1060000107,154.0,153.0,7.0,1
1060000112,389.57142857142856,388.57142857142856,6.571428571428571,7
1060000113,54.4,53.4,4.2,5
1060000126,396.0,395.0,7.0,1
1060000127,167.0,166.0,4.0,2
1060000129,263.0,262.0,7.0,1
1060000130,143.0,142.0,6.333333333333333,3
1060000131,236.0,235.0,7.0,1
1060000132,478.0,477.0,7.0,1
1060000133,386.0,385.0,7.0,1
1060000134,178.0,177.0,7.0,1
1060000135,44.0,43.0,4.0,2
1060000136,80.0,79.0,6.5,2
1060000137,121.0,120.0,7.0,1
1060000139,45.0,44.0,4.0,4
1060000141,31.5,30.5,3.5,2
1060000143,335.0,334.0,7.0,1
1060000147,31.0,30.0,3.0,2
1060000148,53.0,52.0,4.0,2
1060000157,72.5,71.5,6.0,2
1060000159,62.0,61.0,6.0,1
1060000164,62.0,61.0,6.0,1
1060000165,125.0,124.0,7.0,1
1060000178,80.0,79.0,7.0,1
1060000180,66.6,65.6,4.6,5
1060000181,177.8,176.8,5.6,10
1060000182,82.0,81.0,7.0,1
1060000183,123.0,122.0,7.0,1
1060000186,86.0,85.0,7.0,1
1060000198,100.0,99.0,7.0,1
1060000202,66.0,65.0,6.0,1
1060000208,76.0,75.0,7.0,1
1060000212,1129.5,1128.5,6.25,4
1060000215,553.0,552.0,7.0,1
1060000217,504.0,503.0,7.0,1
1060000220,249.0,248.0,7.0,1
1060000222,160.0,159.0,4.5,2
1060000224,220.0,219.0,7.0,1
1060000226,193.5,192.5,5.0,2
1060000228,341.0,340.0,7.0,1
1060000230,154.5,153.5,5.5,2
1060000232,303.0,302.0,7.0,1
1060000234,274.0,273.0,7.0,1
1060000238,386.0,385.0,7.0,1
1060000240,538.0,537.0,7.0,1
1060000242,372.0,371.0,7.0,1
1060000244,86.0,85.0,7.0,1
1060000247,199.0,198.0,5.5,2
1060000249,169.0,168.0,7.0,1
1060000250,77.66666666666667,76.66666666666667,4.333333333333333,3
1060000254,61.42857142857143,60.42857142857143,5.0,7
1060000285,394.5,393.5,5.5,4
1060000286,218.14285714285714,217.14285714285714,6.285714285714286,7
1060000287,40.0,39.0,4.0,2
1060000288,429.0,428.0,7.0,1
1060000289,70.0,69.0,5.5,2
1060000292,140.5,139.5,4.0,2
1060000297,220.0,219.0,4.0,2
1060000298,133.0,132.0,7.0,2
1060000301,483.0,482.0,7.0,1
1060000302,471.0,470.0,7.0,1
1060000304,167.0,166.0,4.0,2
1060000306,123.75,122.75,5.75,4
1060000307,57.0,56.0,5.0,1
1060000308,73.75,72.75,5.5,4
1060000310,302.0,301.0,7.0,1
1060000312,107.5,106.5,5.5,2
1060000314,307.0,306.0,7.0,1
1060000316,172.0,171.0,7.0,1
1060000318,98.5,97.5,4.0,4
1060000320,325.0,324.0,7.0,1
1060000322,220.0,219.0,6.0,3
1060000326,35.0,34.0,3.5,2
1060000329,129.0,128.0,7.0,1
1060000331,60.5,59.5,4.5,2
1060000335,64.0,63.0,6.0,1
1060000341,108.0,107.0,6.0,2
1060000342,163.0,162.0,7.0,1
1060000347,45.666666666666664,44.666666666666664,4.333333333333333,3
1060000348,86.0,85.0,7.0,1
1060000349,504.0,503.0,7.0,1
1060000363,85.0,84.0,7.0,1
1060000364,205.0,204.0,7.0,1
1060000365,255.0,254.0,7.0,1
1060000366,307.0,306.0,7.0,1
1060000367,290.0,289.0,7.0,1
1060000368,230.0,229.0,7.0,1
1060000369,127.0,126.0,7.0,1
1060000370,183.0,182.0,7.0,1
1060000371,125.33333333333333,124.33333333333333,6.666666666666667,3
1060000372,240.0,239.0,7.0,1
1060000373,114.0,113.0,7.0,1
1060000374,337.0,336.0,7.0,1
1060000375,180.0,179.0,7.0,1
1060000383,1019.0,1018.0,7.0,1
1060000387,550.0,549.0,7.0,1
1060000388,241.0,240.0,7.0,1
1060000390,393.0,392.0,7.0,1
1060000395,946.0,945.0,7.0,1
1060000396,175.0,174.0,5.5,2
1060000397,495.0,494.0,7.0,1
1060000398,439.0,438.0,7.0,1
1060000399,258.0,257.0,7.0,1
1060000400,61.0,60.0,6.0,1
1060000402,160.0,159.0,7.0,1
1060000403,101.66666666666667,100.66666666666667,3.3333333333333335,3
1060000404,360.0,359.0,7.0,1
1060000405,151.0,150.0,7.0,1
1060000406,268.5,267.5,7.0,2
1060000407,257.5,256.5,4.5,2
1060000408,100.0,99.0,5.0,3
1060000409,231.0,230.0,7.0,1
1060000410,601.0,600.0,7.0,1
1060000411,395.0,394.0,7.0,1
1060000412,284.0,283.0,7.0,1
1060000413,261.0,260.0,4.0,3
1060000414,135.0,134.0,5.0,2
1060000415,295.0,294.0,7.0,1
1060000416,242.0,241.0,7.0,1
1060000417,268.0,267.0,7.0,1
1060000418,55.5,54.5,4.5,4
1060000419,245.0,244.0,7.0,1
1060000420,293.0,292.0,7.0,1
1060000421,292.0,291.0,7.0,1
1060000422,321.0,320.0,7.0,1
1060000423,247.0,246.0,7.0,1
1060000424,479.0,478.0,7.0,1
1060000425,344.0,343.0,7.0,1
1060000426,222.0,221.0,5.2,5
1060000432,58.0,57.0,5.0,1
1060000437,63.0,62.0,6.0,1
1060000438,70.0,69.0,6.0,1
1060000441,50.0,49.0,5.0,1
1060000443,58.0,57.0,5.0,1
1060000451,64.0,63.0,6.0,1
1060000460,55.0,54.0,5.0,1
1060000461,44.0,43.0,4.0,2
1060000463,63.0,62.0,6.0,1
1060000465,100.0,99.0,7.0,1
1060000489,257.5,256.5,5.5,2
1060000490,155.0,154.0,4.5,2
1060000491,90.0,89.0,7.0,1
1060000493,79.0,78.0,7.0,1
1060000499,114.0,113.0,7.0,1
1060000500,188.0,187.0,7.0,2
1070000002,88.8,87.8,4.8,5
1070000005,52.0,51.0,5.0,1
1070000007,53.0,52.0,5.0,1
1070000008,86.0,85.0,7.0,1
1070000039,66.0,65.0,6.0,1
1070000046,54.0,53.0,5.0,1
1070000067,599.0,598.0,7.0,1
1070000077,198.14285714285714,197.14285714285714,5.714285714285714,7
1070000078,127.66666666666667,126.66666666666667,5.333333333333333,3
1070000079,130.0,129.0,7.0,1
1070000087,147.0,146.0,7.0,1
1070000089,130.0,129.0,7.0,2
1070000094,251.5,250.5,4.5,2
1070000095,109.0,108.0,5.0,2
1070000096,111.0,110.0,7.0,1
1070000097,47.0,46.0,4.5,2
1070000098,500.0,499.0,7.0,1
1070000101,123.0,122.0,7.0,1
1070000103,93.0,92.0,7.0,1
1070000106,112.0,111.0,7.0,1
1070000108,51.0,50.0,5.0,1
1070000109,61.0,60.0,6.0,1
1070000110,155.0,154.0,7.0,1
1070000111,79.25,78.25,4.75,4
1070000112,184.9,183.9,6.1,10
1070000113,84.0,83.0,7.0,1
1070000115,122.0,121.0,7.0,1
1070000127,100.0,99.0,7.0,1
1070000130,66.0,65.0,6.0,1
1070000133,83.0,82.0,7.0,1
1070000137,56.0,55.0,5.0,1
1070000140,899.0,898.0,4.0,2
1070000141,368.0,367.0,7.0,1
1070000143,177.0,176.0,7.0,1
1070000144,79.0,78.0,7.0,1
1070000147,274.6666666666667,273.6666666666667,7.0,3
1070000149,49.0,48.0,5.0,2
1070000152,126.0,125.0,7.0,1
1070000164,98.6,97.6,4.4,5
1070000166,69.0,68.0,6.0,1
1070000174,147.0,146.0,7.0,1
1070000176,162.66666666666666,161.66666666666666,6.0,3
1070000179,140.0,139.0,6.25,4
1070000181,360.0,359.0,7.0,1
1070000183,110.5,109.5,7.0,2
1070000185,198.0,197.0,7.0,1
1070000187,103.4,102.4,6.2,5
1070000189,99.0,98.0,4.0,2
1070000191,97.0,96.0,7.0,2
1070000192,54.0,53.0,5.0,1
1070000193,80.0,79.0,5.833333333333333,6
1070000194,195.0,194.0,5.5,2
1070000212,57.0,56.0,5.0,1
1070000224,260.0,259.0,7.0,1
1070000227,204.0,203.0,7.0,1
1070000228,246.0,245.0,7.0,1
1070000229,296.0,295.0,7.0,1
1070000230,280.0,279.0,7.0,1
1070000231,229.0,228.0,7.0,1
1070000232,281.0,280.0,7.0,1
1070000233,241.5,240.5,7.0,2
1070000234,238.0,237.0,7.0,1
1070000235,112.0,111.0,7.0,1
1070000236,335.0,334.0,7.0,1
1070000237,176.0,175.0,7.0,1
1070000238,122.0,121.0,7.0,1
1070000240,172.0,171.0,7.0,1
1070000241,195.0,194.0,7.0,1
1070000244,709.0,708.0,7.0,1
1070000248,234.0,233.0,7.0,1
1070000249,250.0,249.0,5.5,2
1070000250,221.0,220.0,7.0,1
1070000251,575.0,574.0,7.0,1
1070000252,851.0,850.0,7.0,1
1070000253,463.0,462.0,7.0,1
1070000254,187.0,186.0,7.0,1
1070000255,339.0,338.0,7.0,1
1070000256,230.0,229.0,7.0,1
1070000257,989.0,988.0,7.0,1
1070000258,559.0,558.0,7.0,2
1070000259,237.0,236.0,7.0,1
1070000260,317.0,316.0,7.0,1
1070000261,272.0,271.0,7.0,1
1070000262,93.0,92.0,7.0,3
1070000263,237.5,236.5,7.0,2
1070000264,198.5,197.5,5.0,2
1070000265,230.0,229.0,7.0,1
1070000266,392.0,391.0,5.5,2
1070000267,297.0,296.0,7.0,1
1070000268,454.0,453.0,7.0,1
1070000269,272.0,271.0,7.0,1
1070000270,288.6666666666667,287.6666666666667,5.333333333333333,3
1070000271,706.0,705.0,7.0,2
1070000272,242.0,241.0,7.0,1
1070000273,332.0,331.0,7.0,1
1070000274,130.0,129.0,7.0,1
1070000275,280.0,279.0,5.5,2
1070000276,385.0,384.0,7.0,1
1070000278,448.5,447.5,6.0,2
1070000279,281.0,280.0,7.0,1
1070000280,378.0,377.0,7.0,1
1070000281,458.0,457.0,7.0,1
1070000282,375.0,374.0,7.0,1
1070000283,387.0,386.0,7.0,2
1070000285,91.0,90.0,5.5,2
1070000286,478.0,477.0,7.0,1
1070000287,284.0,283.0,7.0,1
1070000288,206.5,205.5,7.0,2
1070000298,76.875,75.875,3.375,8
1070000299,111.1,110.1,5.9,10
1070000300,99.375,98.375,5.5,8
1070000302,128.0,127.0,7.0,1
1070000303,91.0,90.0,7.0,1
1070000304,46.5,45.5,4.0,2
1070000306,109.0,108.0,7.0,1
1070000309,81.0,80.0,7.0,1
1070000311,63.0,62.0,3.6666666666666665,3
1070000312,82.0,81.0,7.0,1
1070000313,56.0,55.0,5.0,2
1070000319,76.8,75.8,4.5,10
1070000323,359.25,358.25,7.0,8
1070000327,97.0,96.0,6.333333333333333,3
1070000331,59.666666666666664,58.666666666666664,5.333333333333333,3
1070000332,407.5,406.5,7.0,2
1070000333,200.0,199.0,7.0,1
1070000334,194.5,193.5,7.0,2
1070000335,484.0,483.0,7.0,1
1070000342,76.0,75.0,7.0,1
1070000350,81.5,80.5,6.5,2
1070000360,162.5,161.5,6.0,4
1070000363,460.0,459.0,7.0,1
1070000367,215.0,214.0,7.0,3
1070000368,34.0,33.0,3.4,5
1070000370,131.6,130.6,5.5,10
1070000372,54.5,53.5,5.0,2
1070000381,71.5,70.5,6.5,2
1070000386,132.28571428571428,131.28571428571428,6.0,7
1070000388,95.3,94.3,4.3,10
1070000390,89.6,88.6,5.9,10
1070000394,121.0,120.0,6.0,5
1070000398,26.5,25.5,3.0,2
1070000409,57.0,56.0,4.5,2
1070000412,1150.0,1149.0,7.0,1
1070000413,139.8,138.8,5.0,5
1070000415,106.6,105.6,5.1,10
1070000422,58.6,57.6,4.9,10
1070000424,174.5,173.5,6.0,4
1070000428,60.0,59.0,5.5,2
1070000430,80.22222222222223,79.22222222222223,5.222222222222222,9
1070000434,258.0,257.0,7.0,1
1070000436,86.33333333333333,85.33333333333333,5.0,3
1070000438,141.66666666666666,140.66666666666666,7.0,3
1070000442,112.0,111.0,4.75,4
1070000444,89.0,88.0,4.666666666666667,3
1070000446,196.0,195.0,7.0,3
1070000447,161.83333333333334,160.83333333333334,6.5,6
1070000448,605.0,604.0,7.0,1
1070000452,70.33333333333333,69.33333333333333,4.666666666666667,6
1070000457,187.42857142857142,186.42857142857142,5.571428571428571,7
1070000459,132.0,131.0,6.5,2
1070000461,388.5,387.5,7.0,2
1070000464,107.0,106.0,7.0,1
1070000465,905.0,904.0,7.0,1
1070000466,342.0,341.0,7.0,1
1070000468,388.0,387.0,7.0,1
1070000469,336.0,335.0,7.0,1
1070000470,84.5,83.5,5.75,4
1070000473,91.0,90.0,7.0,1
1070000475,99.0,98.0,7.0,1
1070000479,85.0,84.0,7.0,1
1070000486,73.0,72.0,5.0,2
1070000487,197.0,196.0,7.0,1
1070000488,75.5,74.5,4.5,2
1070000489,222.0,221.0,7.0,1
1070000490,156.0,155.0,7.0,1
1070000491,178.0,177.0,7.0,1
1070000492,131.0,130.0,7.0,1
1070000493,126.0,125.0,7.0,1
1070000494,188.0,187.0,7.0,1
1070000495,128.0,127.0,7.0,1
1070000498,136.0,135.0,7.0,1
1080000002,115.0,114.0,7.0,1
1080000006,95.0,94.0,7.0,1
1080000008,126.0,125.0,7.0,1
1080000010,71.0,70.0,6.0,1
1080000011,135.0,134.0,7.0,1
1080000012,154.0,153.0,7.0,1
1080000013,302.0,301.0,7.0,3
1080000014,181.7,180.7,5.6,10
1080000015,84.0,83.0,7.0,1
1080000017,123.0,122.0,7.0,1
1080000029,105.0,104.0,7.0,1
1080000033,33.5,32.5,3.0,2
1080000037,58.0,57.0,5.0,1
1080000040,332.6,331.6,5.8,5
1080000041,623.0,622.0,5.75,4
1080000042,152.0,151.0,7.0,1
1080000044,458.0,457.0,7.0,1
1080000046,125.33333333333333,124.33333333333333,7.0,3
1080000049,42.333333333333336,41.333333333333336,4.0,3
1080000051,383.0,382.0,7.0,1
1080000053,144.0,143.0,5.25,4
1080000055,309.0,308.0,7.0,1
1080000059,157.5,156.5,4.0,2
1080000061,127.6,126.6,4.5,10
1080000062,447.0,446.0,7.0,2
1080000063,384.0,383.0,7.0,1
1080000069,62.0,61.0,6.0,1
1080000079,50.0,49.0,4.5,2
1080000085,188.0,187.0,7.0,1
1080000086,246.0,245.0,7.0,1
1080000087,296.0,295.0,7.0,1
1080000088,139.0,138.0,7.0,2
1080000089,281.0,280.0,7.0,1
1080000090,238.0,237.0,7.0,1
1080000091,56.5,55.5,5.0,2
1080000092,336.0,335.0,7.0,1
1080000093,317.0,316.0,7.0,1
1080000094,55.0,54.0,5.0,1
1080000096,303.0,302.0,7.0,1
1080000099,78.0,77.0,7.0,1
1080000100,245.0,244.0,7.0,1
1080000101,68.0,67.0,5.0,2
1080000102,79.0,78.0,6.5,2
1080000103,95.5,94.5,4.5,2
1080000104,50.0,49.0,4.666666666666667,3
1080000105,59.5,58.5,5.0,2
1080000108,493.0,492.0,7.0,1
1080000109,155.0,154.0,7.0,1
1080000112,574.0,573.0,7.0,1
1080000115,374.0,373.0,7.0,1
1080000117,169.0,168.0,6.4,5
1080000119,134.33333333333334,133.33333333333334,6.333333333333333,3
1080000123,127.66666666666667,126.66666666666667,5.5,6
1080000124,17.666666666666668,16.666666666666668,2.0,3
1080000125,427.0,426.0,7.0,1
1080000127,119.25,118.25,4.75,4
1080000128,123.0,122.0,7.0,1
1080000129,123.0,122.0,6.25,4
1080000133,856.0,855.0,7.0,1
1080000135,115.0,114.0,6.0,4
1080000136,54.666666666666664,53.666666666666664,5.0,3
1080000137,106.0,105.0,5.0,2
1080000138,128.33333333333334,127.33333333333333,6.0,3
1080000139,72.0,71.0,7.0,1
1080000140,145.5,144.5,5.0,6
1080000141,80.0,79.0,4.833333333333333,6
1080000142,182.0,181.0,6.0,2
1080000143,184.0,183.0,7.0,1
1080000145,335.6,334.6,6.6,10
1080000146,167.42857142857142,166.42857142857142,6.285714285714286,7
1080000147,142.5,141.5,5.5,2
1080000148,217.42857142857142,216.42857142857142,5.428571428571429,7
1080000150,136.0,135.0,7.0,2
1080000151,149.0,148.0,7.0,1
1080000152,148.8,147.8,6.6,5
1080000153,28.5,27.5,3.0,2
1080000156,115.0,114.0,4.5,2
1080000160,62.5,61.5,6.0,2
1080000161,79.5,78.5,7.0,2
1080000162,59.0,58.0,5.0,1
1080000164,37.0,36.0,3.25,4
1080000165,210.0,209.0,7.0,1
1080000166,296.0,295.0,7.0,1
1080000167,178.0,177.0,7.0,1
1080000169,111.0,110.0,7.0,1
1080000170,39.0,38.0,3.8333333333333335,6
1080000172,186.9,185.9,5.3,10
1080000174,69.0,68.0,6.0,1
1080000175,63.0,62.0,6.0,1
1080000180,66.0,65.0,6.0,1
1080000185,113.0,112.0,7.0,1
1080000212,69.0,68.0,6.0,1
1080000223,69.0,68.0,6.0,1
1080000270,63.0,62.0,6.0,1
1080000275,65.0,64.0,6.0,1
1080000284,117.0,116.0,4.666666666666667,3
1080000286,162.5,161.5,7.0,2
1080000288,51.0,50.0,5.0,1
1080000291,34.0,33.0,3.0,2
1080000294,119.0,118.0,7.0,1
1080000296,61.0,60.0,5.0,2
1080000298,64.33333333333333,63.333333333333336,4.666666666666667,3
1080000300,111.0,110.0,7.0,1
1080000302,74.0,73.0,4.5,2
1080000304,267.0,266.0,7.0,1
1080000306,94.0,93.0,5.0,2
1080000308,295.0,294.0,7.0,1
1080000310,433.0,432.0,7.0,1
1080000311,255.0,254.0,7.0,2
1080000312,328.6666666666667,327.6666666666667,7.0,3
1080000313,226.0,225.0,6.5,2
1080000314,333.5,332.5,7.0,2
1080000316,101.5,100.5,4.5,2
1080000321,54.375,53.375,3.625,8
1080000322,54.125,53.125,4.625,8
1080000324,177.0,176.0,7.0,1
1080000326,269.0,268.0,7.0,1
1080000329,48.0,47.0,4.6,5
1080000334,132.0,131.0,5.75,4
1080000336,58.0,57.0,5.0,1
1080000339,117.5,116.5,7.0,2
1080000341,200.0,199.0,7.0,1
1080000363,55.5,54.5,5.5,2
1080000370,39.0,38.0,4.0,2
1080000375,95.0,94.0,4.0,2
1080000377,121.0,120.0,7.0,1
1080000379,164.8,163.8,6.2,5
1080000381,131.6,130.6,4.4,5
1080000383,877.0,876.0,7.0,1
1080000387,325.0,324.0,6.0,3
1080000400,157.0,156.0,4.375,8
1080000402,95.0,94.0,4.8,10
1080000404,169.375,168.375,6.875,8
1080000406,191.8,190.8,6.6,5
1080000409,168.8,167.8,6.8,5
1080000413,248.7,247.7,6.2,10
1080000417,232.5,231.5,5.9,10
1080000430,126.125,125.125,4.25,8
1080000440,218.0,217.0,7.0,1
1080000441,94.66666666666667,93.66666666666667,5.0,3
1080000445,116.0,115.0,7.0,1
1080000446,306.0,305.0,7.0,1
1080000447,106.5,105.5,5.5,2
1080000448,462.0,461.0,7.0,1
1080000449,580.0,579.0,7.0,1
1080000450,179.66666666666666,178.66666666666666,7.0,3
1080000453,84.0,83.0,7.0,1
1080000455,33.5,32.5,3.5,2
1080000457,522.0,521.0,5.333333333333333,3
1080000458,374.0,373.0,6.5,2
1080000459,123.77777777777777,122.77777777777777,4.222222222222222,9
1080000460,337.0,336.0,7.0,1
1080000461,740.0,739.0,7.0,1
1080000462,175.0,174.0,4.666666666666667,3
1080000463,949.0,948.0,7.0,1
1080000464,341.0,340.0,7.0,2
1080000465,148.1,147.1,5.4,10
1080000466,446.5,445.5,5.0,2
1080000467,196.5,195.5,7.0,2
1080000468,950.0,949.0,7.0,1
1080000469,696.0,695.0,7.0,1
1080000470,760.0,759.0,7.0,1
1080000471,344.0,343.0,7.0,2
1080000472,1166.5,1165.5,5.0,2
1080000473,521.0,520.0,7.0,1
1080000475,976.0,975.0,7.0,1
1080000476,70.0,69.0,6.0,2
1080000477,218.5,217.5,7.0,2
1080000478,72.66666666666667,71.66666666666667,5.333333333333333,3
1080000479,114.0,113.0,7.0,1
1080000480,158.0,157.0,6.5,2
1080000481,163.0,162.0,7.0,1
1080000482,178.5,177.5,4.5,2
1080000483,102.5,101.5,4.5,2
1080000484,165.5,164.5,4.5,2
1080000485,65.0,64.0,6.0,1
1080000486,51.0,50.0,5.0,1
1080000487,392.3333333333333,391.3333333333333,7.0,3
1080000488,92.0,91.0,7.0,1
1080000495,71.0,70.0,6.0,1
1090000002,92.0,91.0,7.0,1
1090000004,73.0,72.0,7.0,1
1090000031,80.25,79.25,6.0,4
1090000032,50.0,49.0,5.0,1
1090000033,76.0,75.0,5.0,3
1090000035,241.0,240.0,6.0,4
1090000039,72.0,71.0,7.0,1
1090000055,282.0,281.0,7.0,1
1090000062,126.0,125.0,7.0,1
1090000065,71.0,70.0,6.0,1
1090000066,591.0,590.0,7.0,1
1090000070,1010.0,1009.0,7.0,1
1090000071,400.3333333333333,399.3333333333333,7.0,3
1090000073,386.6666666666667,385.6666666666667,7.0,3
1090000074,384.0,383.0,7.0,1
1090000075,156.5,155.5,7.0,2
1090000076,1044.0,1043.0,7.0,1
1090000077,155.25,154.25,5.75,4
1090000079,63.0,62.0,6.0,1
1090000084,60.0,59.0,6.0,1
1090000085,208.75,207.75,5.5,4
1090000089,161.28571428571428,160.28571428571428,5.428571428571429,7
1090000095,196.5,195.5,4.9,10
1090000097,181.5,180.5,5.5,4
1090000098,338.3,337.3,6.9,10
1090000102,59.0,58.0,5.0,1
1090000103,232.3,231.3,5.9,10
1090000105,1184.0,1183.0,7.0,1
1090000111,165.0,164.0,7.0,2
1090000115,192.66666666666666,191.66666666666666,6.166666666666667,6
1090000116,248.0,247.0,7.0,1
1090000117,222.0,221.0,6.0,3
1090000118,62.0,61.0,4.25,4
1090000119,281.0,280.0,7.0,1
1090000120,191.71428571428572,190.71428571428572,6.142857142857143,7
1090000121,431.5,430.5,5.0,2
1090000122,377.0,376.0,7.0,1
1090000123,238.0,237.0,7.0,1
1090000126,74.0,73.0,7.0,1
1090000128,129.0,128.0,7.0,2
1090000131,127.0,126.0,7.0,1
1090000133,87.0,86.0,7.0,1
1090000134,90.0,89.0,7.0,1
1090000135,124.0,123.0,7.0,1
1090000136,85.66666666666667,84.66666666666667,6.333333333333333,3
1090000139,67.0,66.0,5.4,5
1090000140,181.75,180.75,6.125,8
1090000141,329.2857142857143,328.2857142857143,6.714285714285714,7
1090000142,84.0,83.0,7.0,1
1090000143,123.0,122.0,7.0,1
1090000155,101.0,100.0,7.0,1
1090000159,66.0,65.0,6.0,1
1090000166,55.0,54.0,4.285714285714286,7
1090000167,51.0,50.0,5.0,1
1090000168,80.85714285714286,79.85714285714286,4.857142857142857,7
1090000169,31.333333333333332,30.333333333333332,3.3333333333333335,3
1090000171,199.0,198.0,7.0,1
1090000172,121.0,120.0,4.5,2
1090000175,86.0,85.0,7.0,1
1090000181,86.0,85.0,7.0,1
1090000184,442.5,441.5,7.0,2
1090000186,210.0,209.0,7.0,1
1090000187,647.0,646.0,7.0,2
1090000188,87.0,86.0,7.0,1
1090000189,114.0,113.0,4.0,2
1090000191,839.0,838.0,7.0,1
1090000192,66.0,65.0,6.0,1
1090000193,186.2,185.2,5.8,5
1090000196,245.0,244.0,7.0,1
1090000197,72.33333333333333,71.33333333333333,5.333333333333333,3
1090000199,327.5,326.5,5.0,6
1090000201,487.0,486.0,7.0,1
1090000203,401.0,400.0,7.0,1
1090000205,561.5,560.5,7.0,2
1090000207,199.0,198.0,7.0,1
1090000209,113.33333333333333,112.33333333333333,6.0,3
1090000211,206.0,205.0,7.0,1
1090000213,115.0,114.0,7.0,1
1090000216,148.0,147.0,7.0,1
1090000224,306.6666666666667,305.6666666666667,7.0,6
1090000227,201.33333333333334,200.33333333333334,4.0,3
1090000228,130.0,129.0,7.0,1
1090000230,110.0,109.0,7.0,1
1090000232,78.0,77.0,7.0,1
1090000233,54.0,53.0,5.0,1
1090000237,377.6,376.6,5.4,5
1090000238,449.0,448.0,7.0,1
1090000239,287.0,286.0,7.0,1
1090000241,878.0,877.0,7.0,1
1090000242,505.0,504.0,7.0,1
1090000243,309.5,308.5,7.0,2
1090000244,1671.0,1670.0,7.0,1
1090000279,134.0,133.0,7.0,1
1090000280,362.0,361.0,7.0,1
1090000281,286.0,285.0,7.0,1
1090000282,242.0,241.0,7.0,1
1090000283,205.0,204.0,7.0,1
1090000284,104.0,103.0,7.0,1
1090000285,211.5,210.5,7.0,2
1090000286,368.0,367.0,7.0,1
1090000287,341.0,340.0,7.0,1
1090000288,87.5,86.5,6.0,2
1090000289,140.0,139.0,7.0,1
1090000290,125.0,124.0,7.0,1
1090000293,56.0,55.0,5.0,1
1090000298,1427.0,1426.0,7.0,1
1090000306,351.0,350.0,7.0,1
1090000315,370.0,369.0,7.0,1
1090000316,119.2,118.2,4.2,5
1090000318,228.0,227.0,7.0,1
1090000322,146.33333333333334,145.33333333333334,5.0,3
1090000324,162.5,161.5,7.0,4
1090000326,408.0,407.0,6.5,2
1090000328,117.4,116.4,7.0,5
1090000330,425.0,424.0,7.0,1
1090000332,96.5,95.5,4.5,2
1090000334,433.0,432.0,7.0,1
1090000336,107.75,106.75,6.5,4
1090000337,52.0,51.0,5.0,1
1090000338,670.0,669.0,7.0,1
1090000340,331.0,330.0,7.0,1
1090000341,128.0,127.0,7.0,1
1090000343,135.25,134.25,7.0,4
1090000344,161.0,160.0,7.0,1
1090000345,154.66666666666666,153.66666666666666,7.0,3
1090000346,730.0,729.0,7.0,1
1090000347,436.0,435.0,7.0,1
1090000348,253.0,252.0,7.0,1
1090000349,447.0,446.0,7.0,1
1090000350,409.0,408.0,7.0,1
1090000351,546.0,545.0,7.0,1
1090000352,305.0,304.0,7.0,1
1090000353,190.0,189.0,7.0,1
1090000354,183.0,182.0,7.0,1
1090000355,394.0,393.0,7.0,1
1090000364,104.0,103.0,5.571428571428571,7
1090000365,186.0,185.0,7.0,1
1090000367,265.0,264.0,7.0,1
1090000369,158.0,157.0,4.0,2
1090000371,209.5,208.5,5.5,2
1090000373,136.66666666666666,135.66666666666666,7.0,3
1090000375,197.33333333333334,196.33333333333334,5.666666666666667,3
1090000378,188.66666666666666,187.66666666666666,5.0,3
1090000380,241.0,240.0,7.0,1
1090000382,139.0,138.0,6.2,5
1090000384,242.0,241.0,6.5,2
1090000386,145.66666666666666,144.66666666666666,5.666666666666667,3
1090000388,130.66666666666666,129.66666666666666,6.0,3
1090000389,68.0,67.0,6.0,1
1090000390,133.5,132.5,5.5,4
1090000391,76.0,75.0,7.0,1
1090000393,147.6,146.6,5.8,5
1090000397,523.0,522.0,7.0,1
1090000399,113.0,112.0,4.0,6
1090000401,53.0,52.0,5.0,1
1090000403,22.4,21.4,2.3,10
1090000405,146.0,145.0,7.0,3
1090000407,126.85714285714286,125.85714285714286,5.285714285714286,7
1090000409,148.0,147.0,7.0,2
1090000411,162.66666666666666,161.66666666666666,6.0,3
1090000413,74.0,73.0,7.0,1
1090000414,98.375,97.375,5.375,8
1090000415,121.6,120.6,5.0,10
1090000416,80.0,79.0,7.0,1
1090000417,207.0,206.0,7.0,1
1090000418,82.5,81.5,4.5,2
1090000419,381.0,380.0,7.0,1
1090000420,284.0,283.0,7.0,1
1090000421,145.0,144.0,7.0,2
1090000422,182.66666666666666,181.66666666666666,7.0,3
1090000423,66.33333333333333,65.33333333333333,5.333333333333333,3
1090000424,33.666666666666664,32.666666666666664,3.3333333333333335,3
1090000425,312.0,311.0,7.0,1
1090000426,336.0,335.0,7.0,1
1090000427,125.5,124.5,7.0,2
1090000428,128.0,127.0,4.5,2
1090000429,330.0,329.0,7.0,1
1090000430,123.66666666666667,122.66666666666667,4.0,3
1090000431,407.0,406.0,7.0,1
1090000432,390.0,389.0,7.0,1
1090000433,102.5,101.5,4.5,2
1090000434,176.5,175.5,4.5,2
1090000435,235.0,234.0,7.0,1
1090000436,703.0,702.0,7.0,1
1090000437,142.0,141.0,7.0,2
1090000438,233.0,232.0,7.0,1
1090000439,82.5,81.5,4.75,4
1090000440,55.0,54.0,5.0,2
1090000441,100.33333333333333,99.33333333333333,5.666666666666667,3
1090000442,164.0,163.0,7.0,1
1090000449,71.0,70.0,6.0,1
1090000470,58.0,57.0,5.0,1
1090000471,212.16666666666666,211.16666666666666,7.0,6
1090000472,193.1,192.1,5.8,10
1090000473,446.0,445.0,7.0,2
1090000474,51.75,50.75,4.25,4
1090000479,263.0,262.0,7.0,1
1090000480,230.0,229.0,7.0,1
1090000481,525.0,524.0,7.0,1
1090000482,432.0,431.0,7.0,1
1090000483,268.0,267.0,7.0,1
1090000484,280.0,279.0,7.0,1
1090000485,230.5,229.5,7.0,2
1090000486,737.5,736.5,6.5,2
1090000487,187.0,186.0,7.0,2
1090000488,159.0,158.0,7.0,1
1090000489,132.0,131.0,7.0,1
1090000490,147.33333333333334,146.33333333333334,5.666666666666667,3
1090000491,345.0,344.0,7.0,1
1090000492,545.0,544.0,7.0,1
1090000493,128.0,127.0,7.0,1
1090000494,53.0,52.0,5.0,1
1090000495,291.0,290.0,7.0,1
1090000496,201.0,200.0,7.0,1
1090000497,422.0,421.0,7.0,1
1090000498,358.0,357.0,7.0,1
1090000499,109.0,108.0,7.0,1
1090000500,211.0,210.0,7.0,2
1100000001,74.0,73.0,7.0,1
1100000034,74.0,73.0,7.0,1
1100000071,61.0,60.0,6.0,1
1100000121,96.0,95.0,7.0,1
1100000122,211.0,210.0,3.6666666666666665,3
1100000127,136.3,135.3,4.9,10
1100000129,199.3,198.3,6.1,10
1100000131,266.8,265.8,6.0,10
1100000135,314.125,313.125,6.0,8
1100000137,140.6,139.6,6.5,10
1100000139,169.875,168.875,5.375,8
1100000141,160.0,159.0,7.0,1
1100000142,163.5,162.5,5.875,8
1100000144,64.33333333333333,63.333333333333336,5.0,6
1100000145,68.0,67.0,6.0,1
1100000147,112.0,111.0,7.0,1
1100000152,502.5,501.5,7.0,2
1100000154,219.875,218.875,7.0,8
1100000158,410.0,409.0,7.0,1
1100000162,615.0,614.0,6.0,2
1100000166,157.55555555555554,156.55555555555554,6.111111111111111,9
1100000167,363.75,362.75,7.0,4
1100000174,1109.0,1108.0,7.0,1
1100000175,172.0,171.0,7.0,1
1100000179,71.0,70.0,6.0,1
1100000180,368.0,367.0,7.0,1
1100000181,89.33333333333333,88.33333333333333,5.333333333333333,3
1100000182,204.0,203.0,7.0,1
1100000183,352.4,351.4,7.0,5
1100000195,272.0,271.0,7.0,6
1100000196,166.0,165.0,7.0,1
1100000197,131.0,130.0,7.0,1
1100000198,46.25,45.25,4.0,4
1100000199,292.0,291.0,7.0,1
1100000200,270.0,269.0,7.0,1
1100000201,125.0,124.0,4.5,2
1100000202,275.5,274.5,6.5,2
1100000203,143.0,142.0,7.0,1
1100000204,311.0,310.0,7.0,1
1100000205,174.66666666666666,173.66666666666666,4.666666666666667,3
1100000206,438.0,437.0,7.0,1
1100000207,137.5,136.5,5.0,2
1100000209,652.0,651.0,7.0,1
1100000217,141.25,140.25,5.5,8
1100000218,731.0,730.0,7.0,1
1100000220,453.0,452.0,7.0,1
1100000221,368.0,367.0,7.0,3
1100000222,602.0,601.0,7.0,2
1100000223,234.5,233.5,5.5,2
1100000224,171.4,170.4,6.4,5
1100000225,797.0,796.0,7.0,3
1100000227,204.0,203.0,4.5,2
1100000228,354.0,353.0,7.0,1
1100000229,128.66666666666666,127.66666666666667,6.666666666666667,3
1100000230,674.6666666666666,673.6666666666666,7.0,3
1100000231,334.5,333.5,7.0,2
1100000232,172.0,171.0,6.5,2
1100000233,452.5,451.5,7.0,2
1100000234,300.0,299.0,7.0,1
1100000236,213.0,212.0,7.0,1
1100000237,901.0,900.0,7.0,1
1100000238,159.0,158.0,7.0,1
1100000239,239.0,238.0,7.0,1
1100000240,295.6666666666667,294.6666666666667,5.666666666666667,3
1100000241,136.0,135.0,7.0,1
1100000242,216.0,215.0,7.0,1
1100000243,457.0,456.0,7.0,1
1100000244,56.0,55.0,4.5,2
1100000245,114.0,113.0,7.0,1
1100000246,102.5,101.5,5.0,2
1100000247,347.0,346.0,7.0,1
1100000248,1263.0,1262.0,7.0,1
1100000249,1132.0,1131.0,7.0,1
1100000250,426.0,425.0,7.0,1
1100000251,582.0,581.0,7.0,1
1100000252,254.0,253.0,7.0,1
1100000253,809.0,808.0,7.0,1
1100000254,272.5,271.5,7.0,2
1100000255,398.5,397.5,7.0,2
1100000256,1285.0,1284.0,7.0,1
1100000257,129.0,128.0,5.5,2
1100000258,257.5,256.5,5.5,2
1100000259,386.0,385.0,4.333333333333333,3
1100000260,495.0,494.0,7.0,1
1100000261,660.0,659.0,7.0,1
1100000262,150.0,149.0,5.333333333333333,6
1100000263,158.5,157.5,6.5,2
1100000264,218.0,217.0,7.0,1
1100000265,230.0,229.0,7.0,1
1100000266,331.0,330.0,7.0,1
1100000267,167.0,166.0,7.0,1
1100000268,50.0,49.0,4.5,2
1100000269,203.0,202.0,7.0,1
1100000270,117.0,116.0,7.0,1
1100000271,227.0,226.0,7.0,1
1100000272,572.5,571.5,5.0,2
1100000273,200.66666666666666,199.66666666666666,5.166666666666667,6
1100000274,969.0,968.0,7.0,1
1100000275,185.0,184.0,7.0,1
1100000276,475.0,474.0,6.25,4
1100000277,420.0,419.0,7.0,1
1100000278,93.5,92.5,5.0,2
1100000279,108.0,107.0,7.0,1
1100000280,175.0,174.0,7.0,1
1100000281,66.5,65.5,6.0,2
1100000282,126.0,125.0,7.0,1
1100000283,156.0,155.0,7.0,1
1100000284,186.0,185.0,4.5,2
1100000285,385.0,384.0,7.0,1
1100000286,621.0,620.0,7.0,1
1100000287,425.0,424.0,7.0,2
1100000288,118.0,117.0,7.0,1
1100000289,507.0,506.0,7.0,1
1100000290,313.0,312.0,7.0,1
1100000292,109.5,108.5,6.0,2
1100000293,234.0,233.0,4.5,2
1100000294,1499.0,1498.0,7.0,1
1100000295,395.5,394.5,7.0,2
1100000296,360.0,359.0,7.0,1
1100000297,230.0,229.0,7.0,1
1100000298,1225.0,1224.0,7.0,1
1100000300,55.0,54.0,4.5,2
1100000302,242.0,241.0,7.0,1
1100000303,705.0,704.0,7.0,1
1100000304,1032.0,1031.0,7.0,2
1100000305,533.0,532.0,7.0,1
1100000306,1141.0,1140.0,7.0,1
1100000307,570.0,569.0,7.0,1
1100000308,157.0,156.0,7.0,1
1100000309,618.0,617.0,7.0,1
1100000310,467.0,466.0,7.0,1
1100000311,219.0,218.0,5.666666666666667,3
1100000312,233.0,232.0,7.0,1
1100000313,122.0,121.0,7.0,1
1100000314,470.0,469.0,7.0,1
1100000315,102.0,101.0,4.5,2
1100000316,529.0,528.0,7.0,1
1100000317,367.0,366.0,7.0,1
1100000318,364.0,363.0,6.0,3
1100000319,579.0,578.0,7.0,1
1100000320,250.0,249.0,7.0,1
1100000321,220.0,219.0,7.0,1
1100000322,305.5,304.5,5.0,2
1100000323,101.6,100.6,4.4,5
1100000324,1532.0,1531.0,7.0,1
1100000325,703.0,702.0,7.0,2
1100000326,260.0,259.0,7.0,1
1100000327,313.6666666666667,312.6666666666667,5.333333333333333,6
1100000328,379.0,378.0,7.0,2
1100000330,652.0,651.0,7.0,2
1100000331,348.5,347.5,7.0,2
1100000333,156.33333333333334,155.33333333333334,5.666666666666667,3
1100000336,82.0,81.0,7.0,1
1100000337,60.0,59.0,5.666666666666667,3
1100000345,149.6,148.6,4.5,10
1100000346,428.0,427.0,7.0,1
1100000349,191.0,190.0,7.0,1
1100000351,56.0,55.0,3.0,3
1100000355,134.33333333333334,133.33333333333334,5.333333333333333,9
1100000357,253.28571428571428,252.28571428571428,6.142857142857143,7
1100000362,1418.0,1417.0,7.0,1
1100000367,166.0,165.0,7.0,1
1100000368,238.0,237.0,7.0,1
1100000370,214.0,213.0,7.0,1
1100000371,207.0,206.0,6.5,2
1100000372,234.0,233.0,7.0,1
1100000373,213.0,212.0,7.0,1
1100000374,79.5,78.5,6.0,2
1100000377,555.0,554.0,7.0,1
1100000378,59.833333333333336,58.833333333333336,4.5,6
1100000379,275.0,274.0,4.25,4
1100000380,224.0,223.0,7.0,1
1100000381,680.0,679.0,7.0,1
1100000382,84.8,83.8,4.8,5
1100000383,139.0,138.0,7.0,1
1100000384,125.0,124.0,7.0,1
1100000387,176.0,175.0,7.0,1
1100000389,24.2,23.2,2.6,5
1100000391,59.0,58.0,5.0,1
1100000393,956.0,955.0,7.0,1
1100000394,170.5,169.5,7.0,2
1100000395,56.5,55.5,4.6,10
1100000397,422.0,421.0,7.0,1
1100000399,76.6,75.6,6.0,5
1100000400,98.0,97.0,4.666666666666667,3
1100000401,52.0,51.0,5.0,1
1100000402,105.0,104.0,7.0,1
1100000404,116.0,115.0,7.0,1
1100000405,63.0,62.0,6.0,1
1100000406,184.33333333333334,183.33333333333334,6.333333333333333,3
1100000408,216.0,215.0,7.0,1
1100000413,145.5,144.5,7.0,2
1100000417,169.5,168.5,7.0,2
1100000419,301.0,300.0,7.0,1
1100000420,118.0,117.0,7.0,1
1100000421,890.0,889.0,7.0,1
1100000426,70.4,69.4,4.2,5
1100000429,725.0,724.0,7.0,1
1100000431,190.0,189.0,7.0,1
1100000433,222.2,221.2,5.6,5
1100000435,219.0,218.0,7.0,1
1100000441,83.0,82.0,7.0,1
1100000442,149.66666666666666,148.66666666666666,5.166666666666667,6
1100000443,64.0,63.0,6.0,1
1100000444,116.0,115.0,6.5,2
1100000445,112.66666666666667,111.66666666666667,5.666666666666667,3
1100000447,197.0,196.0,6.75,4
1100000449,193.0,192.0,7.0,1
1100000451,227.0,226.0,7.0,1
1100000453,124.0,123.0,7.0,1
1100000455,141.0,140.0,7.0,1
1100000457,426.0,425.0,7.0,1
1100000460,394.0,393.0,7.0,1
1100000462,160.0,159.0,7.0,1
1100000464,51.57142857142857,50.57142857142857,3.7142857142857144,7
1100000466,101.0,100.0,7.0,2
1100000468,81.9,80.9,4.8,10
1100000470,191.0,190.0,7.0,1
1100000472,36.2,35.2,3.6,5
1100000474,166.5,165.5,5.666666666666667,6
1100000475,60.0,59.0,6.0,1
1100000476,258.0,257.0,7.0,1
1100000478,96.5,95.5,4.5,2
1100000480,77.2,76.2,4.8,5
1100000481,35.0,34.0,3.5,2
1100000482,179.0,178.0,7.0,1
1100000485,180.0,179.0,7.0,1
1100000487,141.0,140.0,7.0,1
1100000488,327.0,326.0,7.0,2
1100000489,85.0,84.0,7.0,1
1100000490,72.7,71.7,4.1,10
1100000491,124.0,123.0,7.0,1
1100000492,592.0,591.0,7.0,1
1100000493,637.0,636.0,7.0,1
1100000494,467.0,466.0,7.0,1
1100000495,153.0,152.0,7.0,1
1110000002,80.0,79.0,5.5,2
1110000004,92.0,91.0,7.0,1
1110000007,157.0,156.0,7.0,1
1110000009,123.0,122.0,7.0,1
1110000010,51.0,50.0,5.0,1
1110000011,102.0,101.0,7.0,1
1110000013,581.0,580.0,7.0,1
1110000014,79.5,78.5,4.0,2
1110000016,312.0,311.0,5.333333333333333,3
1110000017,83.0,82.0,7.0,1
1110000019,75.0,74.0,7.0,1
1110000020,106.0,105.0,7.0,1
1110000032,101.0,100.0,7.0,1
1110000036,75.0,74.0,7.0,1
1110000042,130.5,129.5,6.25,4
1110000044,845.0,844.0,7.0,1
1110000046,173.625,172.625,5.875,8
1110000048,154.2,153.2,5.6,5
1110000051,151.0,150.0,7.0,1
1110000053,249.0,248.0,7.0,1
1110000057,369.0,368.0,7.0,1
1110000059,116.0,115.0,6.0,7
1110000061,134.66666666666666,133.66666666666666,4.333333333333333,3
1110000064,283.0,282.0,7.0,1
1110000067,129.33333333333334,128.33333333333334,6.666666666666667,3
1110000069,106.0,105.0,4.666666666666667,3
1110000070,71.33333333333333,70.33333333333333,3.0,3
1110000072,60.0,59.0,6.0,1
1110000078,248.0,247.0,7.0,1
1110000081,311.0,310.0,7.0,1
1110000084,112.0,111.0,6.666666666666667,3
1110000089,173.0,172.0,7.0,1
1110000093,633.0,632.0,7.0,1
1110000094,97.33333333333333,96.33333333333333,5.333333333333333,3
1110000118,345.0,344.0,7.0,1
1110000120,55.0,54.0,5.0,1
1110000121,177.0,176.0,7.0,1
1110000122,610.0,609.0,7.0,1
1110000123,55.0,54.0,5.0,1
1110000129,131.0,130.0,7.0,1
1110000131,216.0,215.0,7.0,1
1110000144,79.0,78.0,7.0,1
1110000192,112.0,111.0,7.0,1
1110000193,158.5,157.5,4.5,4
1110000194,26.0,25.0,2.5,4
1110000197,97.0,96.0,7.0,1
1110000200,208.5,207.5,5.3,10
1110000209,134.57142857142858,133.57142857142858,6.142857142857143,7
1110000211,407.2857142857143,406.2857142857143,7.0,7
1110000217,225.83333333333334,224.83333333333334,4.666666666666667,6
1110000221,194.0,193.0,7.0,1
1110000222,292.2857142857143,291.2857142857143,6.714285714285714,7
1110000224,773.3333333333334,772.3333333333334,7.0,3
1110000225,226.0,225.0,7.0,2
1110000226,85.0,84.0,7.0,1
1110000228,194.75,193.75,6.75,4
1110000233,331.75,330.75,5.0,4
1110000237,140.6,139.6,4.8,10
1110000239,194.6,193.6,4.7,10
1110000241,70.0,69.0,6.0,1
1110000242,279.2,278.2,5.8,5
1110000244,332.2,331.2,5.8,5
1110000248,207.6,206.6,5.8,10
1110000258,477.0,476.0,7.0,1
1110000259,156.5,155.5,5.5,4
1110000260,159.0,158.0,7.0,1
1110000261,193.0,192.0,7.0,1
1110000271,689.0,688.0,7.0,1
1110000274,497.0,496.0,7.0,1
1110000275,528.0,527.0,7.0,1
1110000276,278.0,277.0,5.5,2
1110000277,591.0,590.0,7.0,1
1110000278,281.0,280.0,7.0,1
1110000279,459.0,458.0,7.0,1
1110000280,281.0,280.0,7.0,2
1110000281,968.0,967.0,7.0,1
1110000282,215.0,214.0,7.0,1
1110000283,205.0,204.0,7.0,1
1110000284,119.0,118.0,7.0,1
1110000285,191.0,190.0,7.0,1
1110000286,356.0,355.0,7.0,1
1110000287,351.0,350.0,7.0,1
1110000288,163.0,162.0,7.0,1
1110000289,166.5,165.5,4.5,2
1110000290,304.5,303.5,7.0,2
1110000291,232.0,231.0,7.0,1
1110000292,216.0,215.0,6.0,4
1110000293,480.0,479.0,6.333333333333333,3
1110000294,307.0,306.0,7.0,1
1110000295,1022.0,1021.0,7.0,2
1110000296,218.0,217.0,7.0,1
1110000297,116.0,115.0,7.0,1
1110000298,138.0,137.0,7.0,1
1110000299,147.5,146.5,4.5,4
1110000300,57.0,56.0,4.5,2
1110000301,164.0,163.0,7.0,1
1110000302,128.0,127.0,7.0,1
1110000303,951.0,950.0,7.0,1
1110000304,373.0,372.0,7.0,1
1110000305,167.0,166.0,5.0,2
1110000306,346.0,345.0,7.0,1
1110000307,382.5,381.5,7.0,2
1110000308,259.5,258.5,7.0,2
1110000309,197.66666666666666,196.66666666666666,5.333333333333333,3
1110000310,357.0,356.0,4.5,2
1110000311,393.5,392.5,4.5,2
1110000312,411.0,410.0,7.0,1
1110000313,221.0,220.0,7.0,1
1110000315,728.0,727.0,7.0,1
1110000316,60.0,59.0,6.0,1
1110000317,195.0,194.0,7.0,2
1110000318,448.0,447.0,7.0,1
1110000319,219.66666666666666,218.66666666666666,6.666666666666667,3
1110000320,155.4,154.4,4.8,5
1110000321,173.2,172.2,4.0,5
1110000322,386.5,385.5,7.0,2
1110000323,722.0,721.0,7.0,1
1110000324,1022.0,1021.0,7.0,1
1110000325,515.5,514.5,7.0,2
1110000326,144.5,143.5,6.0,4
1110000327,175.0,174.0,5.75,4
1110000328,393.5,392.5,5.0,2
1110000329,767.0,766.0,7.0,1
1110000330,157.75,156.75,6.75,4
1110000331,724.0,723.0,7.0,2
1110000332,207.77777777777777,206.77777777777777,5.444444444444445,9
1110000333,375.0,374.0,7.0,2
1110000334,145.5,144.5,6.5,2
1110000335,575.0,574.0,4.5,2
1110000336,333.3333333333333,332.3333333333333,7.0,3
1110000337,828.0,827.0,7.0,1
1110000338,330.6666666666667,329.6666666666667,6.666666666666667,3
1110000339,94.5,93.5,4.0,2
1110000340,162.0,161.0,7.0,2
1110000341,185.5,184.5,7.0,2
1110000342,78.0,77.0,7.0,1
1110000343,567.0,566.0,7.0,2
1110000344,310.5,309.5,7.0,2
1110000345,429.25,428.25,7.0,4
1110000346,486.6666666666667,485.6666666666667,7.0,3
1110000347,337.0,336.0,7.0,3
1110000348,525.0,524.0,7.0,2
1110000349,341.0,340.0,7.0,1
1110000350,349.0,348.0,7.0,1
1110000351,479.0,478.0,7.0,1
1110000352,236.5,235.5,7.0,2
1110000353,264.0,263.0,7.0,2
1110000354,282.5,281.5,4.5,2
1110000355,307.5,306.5,7.0,2
1110000356,405.0,404.0,7.0,1
1110000359,491.0,490.0,7.0,2
1110000360,368.0,367.0,7.0,2
1110000361,115.0,114.0,5.2,5
1110000362,440.6666666666667,439.6666666666667,7.0,3
1110000364,177.0,176.0,7.0,1
1110000365,141.0,140.0,7.0,1
1110000366,144.0,143.0,7.0,1
1110000367,145.0,144.0,7.0,1
1110000368,79.0,78.0,7.0,1
1110000381,105.33333333333333,104.33333333333333,5.0,3
1110000384,105.0,104.0,7.0,1
1110000387,152.0,151.0,7.0,1
1110000388,381.0,380.0,7.0,1
1110000389,114.33333333333333,113.33333333333333,3.6666666666666665,3
1110000390,100.5,99.5,5.0,2
1110000392,120.5,119.5,4.5,2
1110000393,124.0,123.0,7.0,1
1110000394,447.0,446.0,7.0,1
1110000395,277.0,276.0,7.0,4
1110000396,268.0,267.0,7.0,1
1110000397,179.0,178.0,7.0,1
1110000398,193.0,192.0,7.0,1
1110000399,258.0,257.0,7.0,1
1110000400,66.0,65.0,6.0,2
1110000401,111.66666666666667,110.66666666666667,5.0,3
1110000402,305.0,304.0,7.0,1
1110000403,112.5,111.5,7.0,2
1110000404,356.0,355.0,7.0,1
1110000405,521.0,520.0,7.0,1
1110000406,389.0,388.0,7.0,1
1110000407,263.0,262.0,7.0,1
1110000408,132.0,131.0,7.0,1
1110000409,113.5,112.5,5.5,2
1110000410,186.5,185.5,5.833333333333333,6
1110000411,780.5,779.5,7.0,2
1110000412,127.0,126.0,7.0,1
1110000413,321.0,320.0,7.0,1
1110000414,345.0,344.0,7.0,1
1110000415,156.0,155.0,7.0,1
1110000416,340.0,339.0,7.0,1
1110000417,200.0,199.0,6.5,2
1110000418,381.0,380.0,7.0,1
1110000419,77.5,76.5,5.5,2
1110000420,168.33333333333334,167.33333333333334,5.0,3
1110000421,422.0,421.0,7.0,1
1110000422,474.0,473.0,7.0,1
1110000423,126.0,125.0,6.5,2
1110000424,210.5,209.5,7.0,2
1110000425,58.5,57.5,5.5,2
1110000426,81.25,80.25,5.5,4
1110000427,324.5,323.5,7.0,2
1110000428,184.0,183.0,7.0,1
1110000429,98.0,97.0,7.0,1
1110000430,75.0,74.0,7.0,1
1110000431,491.0,490.0,7.0,1
1110000432,456.0,455.0,7.0,1
1110000433,92.0,91.0,5.0,2
1110000434,996.0,995.0,7.0,1
1110000435,449.0,448.0,7.0,1
1110000436,239.0,238.0,7.0,1
1110000437,579.0,578.0,7.0,1
1110000438,273.0,272.0,7.0,1
1110000439,386.0,385.0,7.0,1
1110000440,200.5,199.5,6.0,2
1110000441,660.0,659.0,7.0,1
1110000442,314.0,313.0,7.0,1
1110000443,309.0,308.0,7.0,1
1110000444,379.0,378.0,7.0,1
1110000445,560.0,559.0,7.0,1
1110000446,255.0,254.0,6.333333333333333,3
1110000447,502.0,501.0,7.0,2
1110000448,712.0,711.0,7.0,1
1110000449,283.0,282.0,7.0,1
1110000450,163.33333333333334,162.33333333333334,6.666666666666667,3
1110000451,538.0,537.0,7.0,1
1110000452,617.0,616.0,7.0,1
1110000458,107.0,106.0,7.0,1
1110000462,591.5,590.5,7.0,2
1110000476,96.4,95.4,4.4,5
1110000484,479.0,478.0,7.0,1
1110000488,171.1,170.1,5.9,10
1110000493,106.0,105.0,4.8,5
1110000495,187.0,186.0,4.0,2
1110000499,86.0,85.0,7.0,1
1110000500,343.0,342.0,6.4,5
1120000001,158.0,157.0,7.0,1
1120000002,52.0,51.0,5.0,1
1120000004,93.0,92.0,7.0,1
1120000006,285.0,284.0,7.0,1
1120000008,74.0,73.0,7.0,1
1120000009,51.0,50.0,5.0,1
1120000010,187.0,186.0,7.0,1
1120000011,249.2,248.2,6.2,5
1120000012,331.0,330.0,6.5,4
1120000013,86.0,85.0,7.0,1
1120000015,109.0,108.0,7.0,1
1120000020,50.0,49.0,5.0,1
1120000029,102.0,101.0,7.0,1
1120000032,86.0,85.0,7.0,1
1120000036,75.0,74.0,7.0,1
1120000053,171.33333333333334,170.33333333333334,4.666666666666667,3
1120000055,785.0,784.0,7.0,1
1120000058,273.6,272.6,6.4,5
1120000060,70.66666666666667,69.66666666666667,4.333333333333333,3
1120000062,109.5,108.5,7.0,2
1120000064,372.0,371.0,7.0,1
1120000066,103.0,102.0,7.0,1
1120000069,555.0,554.0,7.0,1
1120000072,112.33333333333333,111.33333333333333,5.0,3
1120000075,75.0,74.0,6.0,2
1120000076,110.6,109.6,4.4,5
1120000079,71.5,70.5,5.0,2
1120000080,192.0,191.0,7.0,1
1120000083,387.0,386.0,7.0,1
1120000086,223.0,222.0,7.0,1
1120000088,408.0,407.0,7.0,1
1120000090,102.0,101.0,5.333333333333333,3
1120000092,387.0,386.0,7.0,1
1120000095,82.0,81.0,7.0,1
1120000097,194.0,193.0,7.0,1
1120000099,137.0,136.0,7.0,1
1120000102,409.0,408.0,7.0,1
1120000104,408.0,407.0,7.0,1
1120000106,199.0,198.0,7.0,1
1120000111,57.0,56.0,5.25,4
1120000113,372.0,371.0,7.0,1
1120000115,80.0,79.0,6.5,2
1120000120,213.0,212.0,7.0,1
1120000123,86.0,85.0,7.0,2
1120000126,143.0,142.0,7.0,1
1120000129,101.0,100.0,5.5,2
1120000132,177.0,176.0,7.0,1
1120000135,102.0,101.0,7.0,2
1120000138,364.0,363.0,7.0,1
1120000141,53.0,52.0,5.0,1
1120000143,74.0,73.0,7.0,1
1120000146,166.0,165.0,7.0,2
1120000149,778.0,777.0,7.0,1
1120000150,515.0,514.0,7.0,1
1120000178,306.0,305.0,7.0,1
1120000180,55.0,54.0,5.0,1
1120000182,177.0,176.0,7.0,1
1120000183,236.0,235.0,7.0,1
1120000190,77.0,76.0,7.0,1
1120000191,78.0,77.0,7.0,1
1120000222,69.0,68.0,6.0,1
1120000238,68.0,67.0,6.0,1
1120000240,60.75,59.75,4.375,8
1120000242,50.2,49.2,4.2,5
1120000244,157.0,156.0,7.0,2
1120000246,181.66666666666666,180.66666666666666,6.0,6
1120000247,526.0,525.0,7.0,1
1120000248,172.0,171.0,5.0,2
1120000249,136.33333333333334,135.33333333333334,6.0,6
1120000250,206.0,205.0,7.0,1
1120000251,143.0,142.0,4.5,2
1120000252,240.5,239.5,7.0,2
1120000253,243.0,242.0,7.0,1
1120000254,183.0,182.0,5.333333333333333,3
1120000255,366.0,365.0,7.0,1
1120000256,62.375,61.375,5.5,8
1120000257,99.11111111111111,98.11111111111111,5.111111111111111,9
1120000258,156.25,155.25,6.0,4
1120000259,182.0,181.0,5.333333333333333,3
1120000261,104.3,103.3,4.8,10
1120000276,178.75,177.75,6.0,4
1120000278,166.0,165.0,7.0,1
1120000279,75.0,74.0,7.0,1
1120000280,77.0,76.0,6.0,2
1120000281,65.0,64.0,6.0,1
1120000289,172.88888888888889,171.88888888888889,5.111111111111111,9
1120000291,196.6,195.6,5.2,10
1120000293,81.0,80.0,7.0,1
1120000300,552.0,551.0,7.0,1
1120000302,236.5,235.5,7.0,2
1120000304,259.0,258.0,3.6666666666666665,3
1120000317,92.0,91.0,7.0,1
1120000319,203.0,202.0,2.857142857142857,7
1120000320,82.0,81.0,4.75,4
1120000321,65.0,64.0,6.0,1
1120000322,89.0,88.0,7.0,1
1120000323,124.7,123.7,5.6,10
1120000325,50.666666666666664,49.666666666666664,4.666666666666667,3
1120000327,166.2,165.2,4.2,10
1120000329,97.2,96.2,4.7,10
1120000331,121.77777777777777,120.77777777777777,6.333333333333333,9
1120000332,89.6,88.6,4.0,10
1120000334,45.333333333333336,44.333333333333336,3.0,3
1120000335,64.0,63.0,4.5,2
1120000338,95.0,94.0,5.5,4
1120000339,30.0,29.0,3.0,2
1120000343,27.5,26.5,2.5,2
1120000345,154.375,153.375,5.75,8
1120000348,52.0,51.0,5.0,2
1120000349,120.5,119.5,7.0,2
1120000350,47.666666666666664,46.666666666666664,3.6666666666666665,6
1120000351,73.0,72.0,5.333333333333333,3
1120000353,38.5,37.5,3.75,4
1120000355,185.0,184.0,7.0,1
1120000357,47.0,46.0,4.5,2
1120000360,75.0,74.0,7.0,1
1120000362,65.0,64.0,6.0,1
1120000367,34.0,33.0,3.5,2
1120000369,51.0,50.0,5.0,1
1120000371,199.2,198.2,5.5,10
1120000375,430.0,429.0,7.0,1
1120000378,187.0,186.0,6.5,6
1120000382,321.0,320.0,5.285714285714286,7
1120000384,155.7,154.7,5.6,10
1120000388,115.0,114.0,7.0,1
1120000390,153.0,152.0,5.571428571428571,7
1120000392,81.5,80.5,5.5,10
1120000397,413.5,412.5,4.5,2
1120000399,158.2,157.2,6.6,5
1120000408,118.1,117.1,5.5,10
1120000410,79.4,78.4,5.5,10
1120000411,196.0,195.0,4.8,5
1120000412,107.57142857142857,106.57142857142857,5.428571428571429,7
1120000413,74.5,73.5,4.0,4
1120000414,48.0,47.0,4.5,2
1120000416,234.66666666666666,233.66666666666666,7.0,3
1120000418,219.33333333333334,218.33333333333334,5.0,3
1120000422,235.14285714285714,234.14285714285714,6.714285714285714,7
1120000424,88.25,87.25,5.0,4
1120000426,110.0,109.0,7.0,1
1120000428,358.3333333333333,357.3333333333333,7.0,3
1120000431,124.5,123.5,5.5,10
1120000433,189.2,188.2,5.9,10
1120000435,82.0,81.0,5.25,4
1120000436,152.0,151.0,7.0,1
1120000437,532.0,531.0,7.0,1
1120000439,246.8,245.8,6.0,5
1120000440,317.0,316.0,7.0,1
1120000441,180.75,179.75,5.75,4
1120000442,407.0,406.0,6.5,4
1120000443,383.5,382.5,7.0,2
1120000444,269.3333333333333,268.3333333333333,5.0,3
1120000445,200.5,199.5,4.0,2
1120000446,230.0,229.0,6.6,5
1120000447,69.0,68.0,6.0,1
1120000454,232.0,231.0,7.0,1
1120000456,71.0,70.0,6.0,1
1120000457,78.0,77.0,7.0,1
1120000458,112.0,111.0,7.0,1
1120000462,393.0,392.0,7.0,1
1120000463,257.0,256.0,7.0,2
1120000464,170.0,169.0,7.0,1
1120000465,492.0,491.0,7.0,1
1120000466,139.0,138.0,7.0,1
1120000467,230.33333333333334,229.33333333333334,5.666666666666667,3
1120000468,433.0,432.0,7.0,1
1120000469,170.0,169.0,7.0,1
1120000470,114.33333333333333,113.33333333333333,3.6666666666666665,3
1120000471,510.0,509.0,7.0,1
1120000472,175.0,174.0,7.0,1
1120000473,269.0,268.0,7.0,1
1120000474,243.0,242.0,7.0,1
1120000475,618.0,617.0,7.0,1
1120000476,310.0,309.0,7.0,1
1120000477,531.0,530.0,7.0,1
1120000478,88.0,87.0,4.5,2
1120000479,1142.0,1141.0,7.0,1
1120000480,496.0,495.0,7.0,1
1120000481,276.0,275.0,7.0,1
1120000482,71.0,70.0,6.0,1
1120000483,349.0,348.0,7.0,1
1120000484,262.0,261.0,7.0,1
1120000485,161.0,160.0,7.0,1
1120000486,255.0,254.0,7.0,1
1120000487,149.5,148.5,7.0,2
1120000488,192.5,191.5,4.0,2
1120000489,284.6666666666667,283.6666666666667,5.0,3
1120000490,122.0,121.0,7.0,1
1120000491,116.0,115.0,7.0,1
1120000492,148.0,147.0,5.5,2
1120000493,277.0,276.0,7.0,1
1120000494,1143.0,1142.0,7.0,1
1120000495,670.0,669.0,7.0,1
1120000496,145.0,144.0,5.4,5
1120000500,164.0,163.0,7.0,1
1130000002,40.0,39.0,3.5,4
1130000006,166.0,165.0,7.0,1
1130000007,51.0,50.0,5.0,1
1130000008,187.5,186.5,5.0,2
1130000009,237.66666666666666,236.66666666666666,5.666666666666667,3
1130000010,86.0,85.0,7.0,1
1130000012,109.0,108.0,7.0,1
1130000026,100.0,99.0,7.0,1
1130000046,288.0,287.0,7.0,1
1130000047,1044.0,1043.0,7.0,1
1130000048,186.66666666666666,185.66666666666666,4.5,6
1130000050,320.0,319.0,7.0,1
1130000053,340.0,339.0,7.0,1
1130000054,170.0,169.0,5.5,2
1130000056,131.33333333333334,130.33333333333334,6.666666666666667,3
1130000059,40.5,39.5,3.5,2
1130000060,50.0,49.0,5.0,1
1130000064,173.0,172.0,7.0,2
1130000066,125.66666666666667,124.66666666666667,4.0,3
1130000067,49.2,48.2,3.8,5
1130000069,193.0,192.0,7.0,1
1130000072,230.5,229.5,7.0,2
1130000073,224.0,223.0,7.0,1
1130000075,49.0,48.0,4.0,3
1130000077,110.0,109.0,5.5,2
1130000078,139.0,138.0,7.0,1
1130000080,92.0,91.0,7.0,1
1130000083,297.0,296.0,7.0,1
1130000086,503.0,502.0,7.0,1
1130000089,208.0,207.0,7.0,1
1130000092,66.33333333333333,65.33333333333333,4.333333333333333,3
1130000094,154.0,153.0,7.0,1
1130000096,96.0,95.0,7.0,1
1130000097,101.66666666666667,100.66666666666667,5.666666666666667,3
1130000099,61.0,60.0,5.333333333333333,3
1130000100,255.0,254.0,7.0,1
1130000101,332.0,331.0,7.0,1
1130000122,75.0,74.0,7.0,1
1130000136,301.0,300.0,7.0,1
1130000138,55.0,54.0,5.0,1
1130000148,176.0,175.0,7.0,1
1130000149,611.0,610.0,7.0,1
1130000155,126.0,125.0,7.0,1
1130000157,80.0,79.0,7.0,1
1130000184,36.666666666666664,35.666666666666664,3.3333333333333335,3
1130000195,69.0,68.0,6.0,1
1130000217,97.0,96.0,7.0,1
1130000218,598.0,597.0,7.0,1
1130000227,378.3333333333333,377.3333333333333,6.0,3
1130000229,207.0,206.0,6.142857142857143,7
1130000241,214.6,213.6,5.5,10
1130000247,77.0,76.0,7.0,1
1130000261,187.0,186.0,7.0,1
1130000262,254.5,253.5,4.5,2
1130000270,39.5,38.5,4.0,2
1130000274,271.0,270.0,7.0,1
1130000275,798.0,797.0,7.0,1
1130000276,561.0,560.0,7.0,1
1130000277,710.0,709.0,7.0,1
1130000278,135.0,134.0,7.0,1
1130000279,182.25,181.25,6.0,4
1130000280,459.0,458.0,7.0,1
1130000281,542.0,541.0,7.0,1
1130000282,109.0,108.0,7.0,1
1130000283,338.0,337.0,7.0,1
1130000284,262.0,261.0,7.0,1
1130000285,232.66666666666666,231.66666666666666,5.666666666666667,3
1130000286,242.0,241.0,7.0,2
1130000287,509.0,508.0,7.0,1
1130000288,768.0,767.0,7.0,1
1130000289,305.6666666666667,304.6666666666667,6.333333333333333,3
1130000290,140.0,139.0,7.0,1
1130000291,610.0,609.0,7.0,1
1130000292,305.0,304.0,7.0,1
1130000303,217.0,216.0,7.0,1
1130000304,71.0,70.0,5.666666666666667,3
1130000305,57.0,56.0,5.0,1
1130000306,58.5,57.5,5.0,2
1130000307,58.0,57.0,5.0,1
1130000308,273.0,272.0,7.0,1
1130000311,83.0,82.0,7.0,1
1130000313,481.0,480.0,7.0,1
1130000315,218.0,217.0,6.0,2
1130000317,59.25,58.25,3.75,4
1130000319,216.0,215.0,7.0,1
1130000320,67.0,66.0,6.0,2
1130000321,285.0,284.0,7.0,1
1130000322,52.0,51.0,5.0,1
1130000323,222.0,221.0,7.0,1
1130000325,144.0,143.0,7.0,1
1130000328,316.0,315.0,7.0,1
1130000330,46.57142857142857,45.57142857142857,3.5714285714285716,7
1130000332,323.0,322.0,7.0,1
1130000334,191.0,190.0,7.0,1
1130000336,471.0,470.0,7.0,1
1130000338,145.0,144.0,7.0,2
1130000341,52.0,51.0,5.0,1
1130000343,124.0,123.0,7.0,2
1130000344,101.0,100.0,7.0,1
1130000345,201.0,200.0,7.0,1
1130000349,100.0,99.0,7.0,2
1130000351,146.0,145.0,6.5,2
1130000354,27.5,26.5,2.5,2
1130000358,69.5,68.5,5.0,2
1130000360,220.0,219.0,7.0,1
1130000362,119.5,118.5,5.5,2
1130000365,182.0,181.0,7.0,1
1130000368,71.66666666666667,70.66666666666667,5.0,3
1130000373,194.0,193.0,5.2,5
1130000381,45.25,44.25,4.25,4
1130000383,83.33333333333333,82.33333333333333,3.6666666666666665,3
1130000384,238.0,237.0,5.5,2
1130000386,230.0,229.0,7.0,1
1130000387,229.0,228.0,7.0,1
1130000388,341.0,340.0,7.0,1
1130000389,110.5,109.5,5.5,2
1130000394,115.33333333333333,114.33333333333333,5.666666666666667,3
1130000395,80.0,79.0,5.333333333333333,3
1130000402,137.0,136.0,7.0,1
1130000403,56.0,55.0,5.0,1
1130000405,257.0,256.0,7.0,1
1130000409,178.0,177.0,7.0,1
1130000414,243.0,242.0,5.2,5
1130000418,123.25,122.25,5.5,4
1130000421,328.3333333333333,327.3333333333333,7.0,3
1130000422,288.0,287.0,7.0,3
1130000423,445.0,444.0,7.0,1
1130000424,274.0,273.0,5.0,2
1130000425,173.33333333333334,172.33333333333334,6.666666666666667,3
1130000426,431.0,430.0,7.0,1
1130000436,148.0,147.0,7.0,1
1130000439,271.0,270.0,7.0,1
1130000440,203.0,202.0,7.0,1
1130000441,247.0,246.0,7.0,1
1130000442,120.25,119.25,5.25,4
1130000444,362.0,361.0,7.0,1
1130000446,432.0,431.0,7.0,1
1130000447,507.0,506.0,7.0,1
1130000448,110.5,109.5,5.5,2
1130000449,203.0,202.0,7.0,2
1130000451,147.0,146.0,7.0,1
1130000452,397.0,396.0,7.0,1
1130000453,103.0,102.0,5.0,2
1130000455,281.0,280.0,7.0,1
1130000456,123.0,122.0,7.0,1
1130000457,168.5,167.5,7.0,2
1130000458,443.0,442.0,7.0,1
1130000465,219.0,218.0,7.0,1
1130000466,174.0,173.0,7.0,1
1130000467,203.0,202.0,7.0,1
1130000468,121.0,120.0,7.0,1
1130000482,220.0,219.0,7.0,2
1130000483,203.66666666666666,202.66666666666666,4.333333333333333,3
1130000486,103.25,102.25,4.75,4
1130000487,113.0,112.0,7.0,1
1130000488,96.0,95.0,6.0,4
1130000489,119.5,118.5,7.0,2
1130000490,176.0,175.0,5.5,2
1130000491,187.0,186.0,7.0,1
1130000492,63.75,62.75,4.0,8
1130000495,272.3333333333333,271.3333333333333,7.0,3
1130000496,190.0,189.0,7.0,1
1130000497,244.0,243.0,7.0,1
1130000498,97.5,96.5,5.5,2
1130000499,610.0,609.0,7.0,1
1140000002,68.0,67.0,4.0,2
1140000004,92.0,91.0,7.0,1
1140000006,27.5,26.5,3.0,2
1140000007,133.5,132.5,7.0,2
1140000009,122.0,121.0,4.5,2
1140000013,183.0,182.0,7.0,1
1140000015,92.0,91.0,7.0,1
1140000016,44.0,43.0,4.0,2
1140000017,496.0,495.0,7.0,2
1140000018,109.42857142857143,108.42857142857143,4.142857142857143,7
1140000019,86.0,85.0,7.0,1
1140000021,109.0,108.0,7.0,1
1140000035,100.0,99.0,7.0,1
1140000039,75.0,74.0,7.0,1
1140000054,66.0,65.0,6.0,1
1140000062,78.5,77.5,4.0,2
1140000065,288.3333333333333,287.3333333333333,7.0,3
1140000066,51.0,50.0,5.0,1
1140000067,278.8,277.8,6.4,10
1140000069,1083.0,1082.0,7.0,1
1140000072,137.0,136.0,6.25,4
1140000075,111.0,110.0,7.0,1
1140000078,337.0,336.0,7.0,1
1140000081,184.5,183.5,5.0,2
1140000084,199.5,198.5,5.0,2
1140000087,173.5,172.5,4.5,2
1140000089,290.5,289.5,7.0,2
1140000091,437.0,436.0,7.0,1
1140000094,134.0,133.0,7.0,1
1140000099,306.3333333333333,305.3333333333333,6.666666666666667,3
1140000102,458.0,457.0,7.0,1
1140000104,1342.0,1341.0,7.0,1
1140000105,115.0,114.0,7.0,1
1140000108,76.0,75.0,7.0,1
1140000109,476.0,475.0,7.0,1
1140000110,716.0,715.0,7.0,1
1140000128,28.333333333333332,27.333333333333332,3.3333333333333335,3
1140000138,55.0,54.0,5.0,1
1140000142,97.25,96.25,5.5,4
1140000143,215.0,214.0,7.0,1
1140000145,217.0,216.0,7.0,1
1140000147,415.0,414.0,7.0,1
1140000149,231.0,230.0,7.0,1
1140000152,228.0,227.0,5.333333333333333,3
1140000158,178.5,177.5,7.0,2
1140000161,106.5,105.5,5.0,2
1140000163,276.0,275.0,7.0,1
1140000164,327.0,326.0,7.0,1
1140000165,91.0,90.0,7.0,1
1140000169,61.0,60.0,6.0,1
1140000175,341.0,340.0,7.0,1
1140000177,55.0,54.0,5.0,1
1140000178,177.0,176.0,7.0,1
1140000179,612.0,611.0,7.0,1
1140000188,78.0,77.0,7.0,1
1140000220,69.0,68.0,6.0,1
1140000299,221.33333333333334,220.33333333333334,7.0,3
1140000301,51.666666666666664,50.666666666666664,3.6666666666666665,3
1140000303,411.0,410.0,7.0,1
1140000304,89.0,88.0,7.0,1
1140000306,83.0,82.0,7.0,1
1140000308,127.0,126.0,7.0,1
1140000309,185.0,184.0,7.0,3
1140000310,128.8,127.8,5.0,5
1140000311,2056.0,2055.0,7.0,1
1140000312,891.0,890.0,7.0,1
1140000314,670.5,669.5,7.0,2
1140000315,422.6666666666667,421.6666666666667,5.0,3
1140000318,673.0,672.0,7.0,1
1140000319,134.0,133.0,7.0,1
1140000337,110.0,109.0,7.0,1
1140000339,29.5,28.5,3.0,2
1140000349,279.42857142857144,278.42857142857144,5.571428571428571,7
1140000353,154.3,153.3,5.9,10
1140000356,188.0,187.0,7.0,1
1140000357,208.0,207.0,5.0,2
1140000358,403.0,402.0,7.0,1
1140000360,129.0,128.0,6.5,2
1140000361,550.0,549.0,7.0,1
1140000362,550.0,549.0,7.0,1
1140000363,415.0,414.0,7.0,1
1140000364,252.0,251.0,7.0,1
1140000366,661.0,660.0,7.0,1
1140000367,284.0,283.0,7.0,1
1140000368,263.0,262.0,7.0,1
1140000369,240.0,239.0,7.0,1
1140000370,157.5,156.5,7.0,2
1140000371,310.0,309.0,7.0,1
1140000372,251.0,250.0,7.0,1
1140000374,297.6666666666667,296.6666666666667,6.0,3
1140000375,252.0,251.0,7.0,1
1140000377,431.5,430.5,7.0,2
1140000378,194.0,193.0,7.0,2
1140000379,438.0,437.0,7.0,1
1140000380,223.0,222.0,6.0,2
1140000381,400.0,399.0,7.0,1
1140000383,462.0,461.0,7.0,1
1140000384,212.0,211.0,7.0,1
1140000385,74.0,73.0,7.0,1
1140000387,733.0,732.0,7.0,1
1140000389,646.0,645.0,7.0,1
1140000391,304.0,303.0,7.0,3
1140000393,230.33333333333334,229.33333333333334,6.666666666666667,3
1140000395,350.0,349.0,7.0,1
1140000397,146.0,145.0,4.833333333333333,6
1140000399,130.16666666666666,129.16666666666666,5.666666666666667,6
1140000405,183.0,182.0,7.0,1
1140000406,72.5,71.5,4.5,2
1140000407,173.0,172.0,7.0,1
1140000408,94.5,93.5,5.5,2
1140000409,161.0,160.0,7.0,1
1140000410,190.0,189.0,7.0,1
1140000411,51.0,50.0,4.333333333333333,3
1140000412,166.0,165.0,7.0,1
1140000413,140.0,139.0,7.0,1
1140000414,98.0,97.0,7.0,1
1140000415,298.0,297.0,7.0,1
1140000416,181.0,180.0,7.0,1
1140000417,52.75,51.75,4.25,4
1140000418,81.0,80.0,5.5,2
1140000419,137.0,136.0,7.0,1
1140000420,144.0,143.0,7.0,1
1140000421,205.0,204.0,7.0,1
1140000422,211.0,210.0,7.0,1
1140000423,161.0,160.0,7.0,1
1140000424,54.0,53.0,5.0,1
1140000430,307.0,306.0,4.0,2
1140000431,504.5,503.5,5.0,2
1140000432,75.0,74.0,7.0,1
1140000436,181.5,180.5,6.0,2
1140000437,113.0,112.0,7.0,1
1140000439,126.0,125.0,6.333333333333333,3
1140000440,50.0,49.0,5.0,2
1140000441,216.66666666666666,215.66666666666666,6.0,3
1140000443,63.714285714285715,62.714285714285715,4.285714285714286,7
1140000444,64.0,63.0,6.0,1
1140000445,145.0,144.0,5.0,2
1140000447,177.5,176.5,7.0,2
1140000449,60.5,59.5,4.0,2
1140000451,71.0,70.0,5.5,4
1140000453,70.0,69.0,4.0,5
1140000454,277.0,276.0,7.0,1
1140000459,50.0,49.0,5.0,1
1140000463,199.0,198.0,7.0,1
1140000464,402.3333333333333,401.3333333333333,5.666666666666667,3
1140000466,608.0,607.0,7.0,1
1140000467,53.0,52.0,4.0,3
1140000469,112.75,111.75,6.75,4
1140000471,224.5,223.5,7.0,2
1140000475,371.0,370.0,7.0,1
1140000479,118.0,117.0,7.0,3
1140000482,87.0,86.0,7.0,1
1140000484,506.0,505.0,7.0,1
1140000485,32.0,31.0,3.0,2
1140000486,244.0,243.0,7.0,1
1140000489,311.0,310.0,7.0,1
1140000494,68.0,67.0,6.0,1
1140000495,191.5,190.5,7.0,2
1140000496,323.0,322.0,4.5,2
970000001,286.0,285.0,7.0,1
970000002,53.0,52.0,5.0,1
970000003,42.5,41.5,4.0,2
970000015,30.0,29.0,3.1,10
970000018,69.0,68.0,6.0,1
970000019,124.5,123.5,6.5,2
970000032,55.0,54.0,5.0,1
970000037,137.33333333333334,136.33333333333334,5.666666666666667,3
970000038,116.33333333333333,115.33333333333333,5.666666666666667,3
970000040,76.0,75.0,7.0,1
970000058,17.666666666666668,16.666666666666668,2.0,3
970000060,16.0,15.0,2.2,5
970000061,65.0,64.0,6.0,1
970000072,609.0,608.0,7.0,2
970000078,119.75,118.75,4.0,4
970000084,52.0,51.0,5.0,1
970000094,137.0,136.0,7.0,1
970000109,64.0,63.0,6.0,1
970000117,88.0,87.0,7.0,1
970000128,120.0,119.0,7.0,1
970000129,63.5,62.5,4.0,2
970000132,55.0,54.0,4.5,2
970000139,125.0,124.0,7.0,1
970000142,107.0,106.0,7.0,1
970000146,81.0,80.0,7.0,1
970000155,71.0,70.0,6.0,1
970000157,28.5,27.5,3.0,2
970000159,67.0,66.0,6.0,1
970000161,67.0,66.0,6.0,1
970000166,100.0,99.0,7.0,1
970000171,283.0,282.0,7.0,1
970000172,34.5,33.5,3.5,2
970000175,134.0,133.0,7.0,1
970000177,60.0,59.0,6.0,1
970000180,90.0,89.0,7.0,1
970000181,107.0,106.0,7.0,1
970000182,249.4,248.4,7.0,5
970000183,825.0,824.0,7.0,1
970000184,382.3333333333333,381.3333333333333,7.0,3
970000185,257.0,256.0,7.0,2
970000186,370.0,369.0,7.0,3
970000187,65.0,64.0,6.0,1
970000189,137.8,136.8,6.4,5
970000190,60.0,59.0,6.0,1
970000191,120.0,119.0,7.0,1
970000192,655.0,654.0,7.0,1
970000193,443.0,442.0,7.0,1
970000194,518.0,517.0,7.0,1
970000195,285.0,284.0,7.0,2
970000196,390.0,389.0,6.333333333333333,3
970000197,313.5,312.5,7.0,2
970000198,153.0,152.0,7.0,1
970000199,307.0,306.0,5.0,2
970000200,399.0,398.0,7.0,2
970000201,378.0,377.0,7.0,1
970000202,381.0,380.0,5.0,3
970000203,239.66666666666666,238.66666666666666,7.0,3
970000204,429.0,428.0,7.0,2
970000205,120.5,119.5,7.0,2
970000206,1143.0,1142.0,7.0,1
970000207,115.33333333333333,114.33333333333333,6.333333333333333,3
970000208,366.5,365.5,6.5,2
970000209,829.0,828.0,7.0,1
970000210,543.0,542.0,7.0,1
970000211,194.5,193.5,5.0,2
970000212,313.0,312.0,7.0,1
970000213,179.0,178.0,5.75,8
970000214,925.0,924.0,7.0,1
970000215,370.3333333333333,369.3333333333333,5.666666666666667,3
970000216,602.5,601.5,5.5,4
970000217,404.6666666666667,403.6666666666667,6.0,3
970000218,243.75,242.75,7.0,4
970000219,524.0,523.0,5.333333333333333,3
970000220,497.0,496.0,7.0,1
970000221,639.0,638.0,7.0,2
970000222,491.0,490.0,7.0,1
970000223,670.0,669.0,7.0,1
970000224,890.0,889.0,7.0,1
970000225,218.0,217.0,5.333333333333333,3
970000227,139.0,138.0,7.0,1
970000228,98.0,97.0,7.0,1
970000229,160.0,159.0,7.0,1
970000230,81.33333333333333,80.33333333333333,5.0,3
970000231,750.0,749.0,7.0,1
970000232,171.0,170.0,7.0,1
970000233,258.0,257.0,7.0,1
970000234,315.0,314.0,7.0,1
970000236,294.0,293.0,7.0,1
970000237,496.0,495.0,7.0,1
970000238,274.0,273.0,7.0,2
970000239,29.428571428571427,28.428571428571427,2.7142857142857144,7
970000240,133.0,132.0,7.0,1
970000241,749.0,748.0,7.0,1
970000242,94.0,93.0,5.5,2
970000243,138.5,137.5,6.5,2
970000244,198.0,197.0,7.0,1
970000245,471.0,470.0,7.0,1
970000246,52.0,51.0,5.0,1
970000248,43.5,42.5,4.0,2
970000252,206.0,205.0,7.0,1
970000254,70.66666666666667,69.66666666666667,4.333333333333333,3
970000255,106.0,105.0,7.0,1
970000256,354.0,353.0,7.0,2
970000257,209.33333333333334,208.33333333333334,6.833333333333333,6
970000260,50.0,49.0,5.0,1
970000277,70.0,69.0,6.0,1
970000283,193.0,192.0,7.0,1
970000284,115.42857142857143,114.42857142857143,4.714285714285714,7
970000286,67.0,66.0,6.0,1
970000289,297.6666666666667,296.6666666666667,6.333333333333333,3
970000290,55.0,54.0,5.0,1
970000292,204.0,203.0,6.333333333333333,3
970000294,98.33333333333333,97.33333333333333,5.333333333333333,3
970000296,54.4,53.4,3.4,5
970000298,197.0,196.0,7.0,2
970000300,211.0,210.0,7.0,1
970000302,174.0,173.0,7.0,1
970000304,433.0,432.0,7.0,1
970000308,168.0,167.0,5.0,2
970000310,60.0,59.0,6.0,1
970000312,67.0,66.0,6.0,1
970000313,133.0,132.0,7.0,1
970000315,91.0,90.0,6.5,2
970000321,231.0,230.0,7.0,1
970000322,222.0,221.0,6.0,2
970000325,58.0,57.0,5.0,1
970000328,259.0,258.0,7.0,1
970000333,321.0,320.0,4.0,2
970000337,189.125,188.125,5.625,8
970000339,444.0,443.0,7.0,2
970000340,314.0,313.0,5.0,2
970000343,109.0,108.0,7.0,2
970000344,151.5,150.5,6.5,2
970000347,253.0,252.0,7.0,1
970000348,65.0,64.0,6.0,1
970000350,140.5,139.5,7.0,2
970000353,30.5,29.5,3.0,2
970000365,201.5,200.5,5.0,2
970000368,46.5,45.5,4.5,2
970000372,71.0,70.0,6.0,1
970000405,184.5,183.5,7.0,2
970000412,109.0,108.0,7.0,1
970000415,330.0,329.0,7.0,1
970000418,172.0,171.0,7.0,1
970000420,113.0,112.0,7.0,2
970000422,128.0,127.0,7.0,1
970000425,188.0,187.0,7.0,1
970000428,72.5,71.5,5.0,2
970000429,53.0,52.0,4.5,2
970000430,82.0,81.0,7.0,1
970000435,57.0,56.0,5.0,1
970000440,515.0,514.0,7.0,2
970000443,402.0,401.0,7.0,1
970000445,485.7142857142857,484.7142857142857,6.571428571428571,7
970000447,41.8,40.8,3.4,5
970000458,1062.0,1061.0,7.0,1
970000460,270.0,269.0,7.0,1
970000461,45.5,44.5,4.5,2
970000462,413.0,412.0,7.0,1
970000464,410.0,409.0,7.0,1
970000465,495.0,494.0,7.0,1
970000466,359.0,358.0,7.0,1
970000467,191.0,190.0,7.0,1
970000468,254.5,253.5,7.0,2
970000469,359.8,358.8,6.6,5
970000470,58.5,57.5,4.0,2
970000471,377.3333333333333,376.3333333333333,7.0,3
970000472,410.0,409.0,6.142857142857143,7
970000473,171.5,170.5,5.5,2
970000474,536.0,535.0,7.0,1
970000475,147.0,146.0,7.0,1
970000476,462.0,461.0,7.0,1
970000477,899.0,898.0,7.0,1
970000478,401.0,400.0,7.0,1
970000479,332.0,331.0,7.0,1
970000480,206.0,205.0,6.0,3
970000481,644.0,643.0,7.0,2
970000482,122.75,121.75,5.5,4
970000483,458.0,457.0,7.0,1
970000484,169.5,168.5,5.0,6
970000485,706.0,705.0,7.0,1
970000486,122.0,121.0,7.0,1
970000487,451.0,450.0,7.0,2
970000488,725.5,724.5,7.0,2
970000496,86.0,85.0,7.0,1
980000001,62.0,61.0,6.0,1
980000016,89.0,88.0,7.0,1
980000032,360.0,359.0,7.0,1
980000064,186.0,185.0,7.0,1
980000090,59.0,58.0,5.0,1
980000095,72.0,71.0,7.0,1
980000097,120.0,119.0,7.0,1
980000098,28.5,27.5,3.0,2
980000100,67.0,66.0,6.0,1
980000102,67.0,66.0,6.0,1
980000106,63.0,62.0,6.0,1
980000107,342.0,341.0,7.0,1
980000109,59.333333333333336,58.333333333333336,3.6666666666666665,3
980000112,70.0,69.0,6.0,1
980000115,32.0,31.0,3.0,2
980000117,153.0,152.0,7.0,1
980000120,85.0,84.0,7.0,1
980000121,94.0,93.0,7.0,1
980000123,114.0,113.0,7.0,1
980000124,195.0,194.0,5.0,2
980000125,252.0,251.0,7.0,1
980000126,222.5,221.5,4.5,2
980000127,2270.0,2269.0,7.0,1
980000128,60.75,59.75,3.625,8
980000131,1069.0,1068.0,7.0,1
980000133,140.0,139.0,6.5,2
980000134,295.0,294.0,7.0,1
980000135,476.0,475.0,7.0,1
980000136,181.0,180.0,7.0,1
980000137,226.66666666666666,225.66666666666666,7.0,3
980000138,54.0,53.0,4.5,4
980000139,37.666666666666664,36.666666666666664,3.6666666666666665,3
980000142,148.0,147.0,7.0,1
980000146,27.333333333333332,26.333333333333332,3.0,3
980000148,83.0,82.0,7.0,1
980000149,24.5,23.5,2.5,4
980000150,106.0,105.0,7.0,1
980000151,154.2,153.2,6.8,5
980000152,412.0,411.0,7.0,3
980000155,52.0,51.0,5.0,1
980000173,70.0,69.0,6.0,1
980000178,91.0,90.0,7.0,1
980000185,343.3333333333333,342.3333333333333,5.0,3
980000188,90.0,89.0,7.0,1
980000189,64.0,63.0,6.0,1
980000193,230.5,229.5,4.5,2
980000196,124.0,123.0,7.0,1
980000198,56.0,55.0,5.0,1
980000199,94.0,93.0,7.0,1
980000203,107.0,106.0,7.0,1
980000206,106.0,105.0,7.0,1
980000207,92.0,91.0,7.0,1
980000208,367.0,366.0,7.0,1
980000214,188.0,187.0,5.75,4
980000215,341.0,340.0,7.0,2
980000217,222.0,221.0,7.0,1
980000219,355.0,354.0,7.0,1
980000221,370.0,369.0,7.0,1
980000223,1227.0,1226.0,7.0,1
980000225,411.0,410.0,7.0,1
980000227,236.5,235.5,6.5,2
980000229,378.0,377.0,7.0,1
980000231,298.0,297.0,7.0,1
980000233,217.0,216.0,7.0,1
980000235,234.0,233.0,7.0,1
980000237,378.0,377.0,7.0,2
980000239,500.0,499.0,7.0,1
980000241,281.0,280.0,4.0,2
980000243,304.0,303.0,7.0,1
980000244,1139.0,1138.0,7.0,1
980000266,125.0,124.0,7.0,1
980000296,413.0,412.0,7.0,1
980000299,67.0,66.0,6.0,1
980000301,86.0,85.0,7.0,1
980000307,221.0,220.0,7.0,1
980000310,174.0,173.0,7.0,1
980000316,458.0,457.0,7.0,1
980000317,227.5,226.5,4.0,2
980000318,88.0,87.0,4.0,3
980000319,134.0,133.0,7.0,1
980000321,428.0,427.0,7.0,1
980000323,194.5,193.5,5.5,2
980000324,27.0,26.0,3.0,2
980000325,168.66666666666666,167.66666666666666,6.666666666666667,3
980000327,207.0,206.0,7.0,1
980000329,437.0,436.0,7.0,1
980000333,341.0,340.0,5.666666666666667,3
980000335,325.0,324.0,7.0,1
980000337,59.0,58.0,5.0,1
980000338,417.0,416.0,7.0,1
980000342,108.0,107.0,7.0,1
980000344,63.0,62.0,6.0,1
980000347,265.3333333333333,264.3333333333333,7.0,3
980000348,322.5,321.5,7.0,2
980000352,469.0,468.0,7.0,2
980000354,430.0,429.0,7.0,1
980000359,521.0,520.0,7.0,1
980000361,889.0,888.0,7.0,1
980000363,283.0,282.0,7.0,1
980000366,772.0,771.0,7.0,1
980000367,208.0,207.0,7.0,1
980000368,444.0,443.0,7.0,1
980000369,107.0,106.0,5.0,2
980000370,101.0,100.0,5.333333333333333,3
980000371,379.0,378.0,7.0,1
980000372,131.0,130.0,7.0,1
980000373,281.0,280.0,7.0,3
980000374,190.0,189.0,6.5,2
980000375,519.0,518.0,7.0,1
980000376,707.0,706.0,7.0,1
980000377,101.5,100.5,4.0,2
980000378,304.0,303.0,7.0,1
980000379,519.5,518.5,5.0,2
980000380,142.0,141.0,7.0,2
980000381,458.5,457.5,7.0,2
980000382,176.0,175.0,5.5,2
980000383,732.0,731.0,7.0,1
980000384,591.0,590.0,7.0,1
980000385,857.0,856.0,7.0,1
980000386,390.0,389.0,6.0,3
980000387,137.0,136.0,7.0,1
980000388,231.0,230.0,7.0,1
980000389,589.0,588.0,7.0,1
980000390,606.0,605.0,7.0,1
980000391,117.0,116.0,7.0,1
980000392,467.0,466.0,7.0,1
980000393,364.0,363.0,7.0,1
980000394,201.25,200.25,5.75,4
980000395,1244.0,1243.0,7.0,1
980000396,137.5,136.5,7.0,2
980000397,400.75,399.75,5.5,4
980000398,391.0,390.0,7.0,1
980000400,134.0,133.0,7.0,1
980000401,792.0,791.0,7.0,1
980000402,256.0,255.0,7.0,1
980000403,99.0,98.0,7.0,1
980000404,126.0,125.0,7.0,1
980000405,220.2,219.2,5.2,5
980000406,189.0,188.0,7.0,1
980000407,299.0,298.0,7.0,1
980000408,160.0,159.0,7.0,1
980000409,156.25,155.25,4.75,4
980000410,425.0,424.0,7.0,1
980000411,81.0,80.0,5.0,5
980000412,397.0,396.0,7.0,1
980000413,72.0,71.0,7.0,1
980000414,65.0,64.0,6.0,1
980000415,169.5,168.5,3.5,6
980000416,493.0,492.0,7.0,1
980000417,336.0,335.0,7.0,1
980000418,195.0,194.0,7.0,3
980000421,215.0,214.0,7.0,1
980000422,310.0,309.0,7.0,1
980000423,235.0,234.0,7.0,1
980000424,438.0,437.0,7.0,1
980000434,656.0,655.0,7.0,1
980000435,47.0,46.0,4.4,5
980000436,165.0,164.0,7.0,1
980000437,286.0,285.0,7.0,1
980000438,152.0,151.0,7.0,1
980000439,333.0,332.0,7.0,1
980000440,566.0,565.0,7.0,1
980000441,120.0,119.0,7.0,1
980000442,36.333333333333336,35.333333333333336,3.6666666666666665,3
980000444,85.0,84.0,7.0,1
980000450,259.3333333333333,258.3333333333333,6.666666666666667,3
980000453,119.5,118.5,5.5,4
980000457,260.75,259.75,6.0,4
980000460,420.0,419.0,7.0,1
980000464,242.0,241.0,7.0,1
980000467,264.0,263.0,6.666666666666667,3
980000471,374.0,373.0,7.0,1
980000477,118.14285714285714,117.14285714285714,4.714285714285714,7
980000479,103.0,102.0,6.0,3
980000480,66.0,65.0,6.0,1
980000481,311.5,310.5,5.0,2
980000485,134.66666666666666,133.66666666666666,5.333333333333333,3
980000486,102.0,101.0,7.0,1
980000490,124.0,123.0,7.0,1
980000492,102.0,101.0,6.5,2
980000495,111.66666666666667,110.66666666666667,5.0,3
980000499,376.0,375.0,7.0,1
990000003,190.0,189.0,7.0,1
990000006,54.0,53.0,5.0,1
990000018,56.0,55.0,5.0,1
990000022,79.0,78.0,7.0,1
990000027,1833.0,1832.0,7.0,1
990000038,140.0,139.0,7.0,2
990000043,60.2,59.2,4.4,5
990000045,61.0,60.0,5.0,2
990000050,344.0,343.0,7.0,1
990000052,217.0,216.0,5.666666666666667,3
990000053,63.0,62.0,6.0,1
990000056,98.0,97.0,7.0,1
990000076,28.0,27.0,3.0,2
990000080,156.0,155.0,7.0,1
990000083,116.0,115.0,7.0,1
990000101,67.2,66.2,5.6,5
990000114,64.0,63.0,6.0,1
990000122,71.0,70.0,6.0,1
990000124,28.5,27.5,3.0,2
990000126,67.0,66.0,6.0,1
990000128,67.0,66.0,6.0,1
990000132,89.0,88.0,7.0,1
990000135,58.0,57.0,5.0,1
990000136,468.0,467.0,7.0,1
990000137,120.0,119.0,7.0,1
990000142,57.0,56.0,5.0,1
990000143,68.0,67.0,6.0,1
990000148,164.0,163.0,4.333333333333333,3
990000150,191.0,190.0,7.0,2
990000153,109.0,108.0,7.0,1
990000155,154.0,153.0,7.0,1
990000156,186.8,185.8,5.8,5
990000160,231.33333333333334,230.33333333333334,4.0,3
990000161,459.1666666666667,458.1666666666667,7.0,6
990000166,375.4,374.4,5.8,5
990000172,372.0,371.0,7.0,1
990000180,264.3333333333333,263.3333333333333,6.666666666666667,3
990000184,54.5,53.5,4.0,2
990000187,94.85714285714286,93.85714285714286,5.571428571428571,7
990000192,151.0,150.0,7.0,1
990000193,283.0,282.0,5.5,2
990000194,272.0,271.0,7.0,1
990000198,225.0,224.0,7.0,1
990000199,165.0,164.0,7.0,1
990000205,30.5,29.5,3.0,2
990000207,254.33333333333334,253.33333333333334,7.0,3
990000219,103.25,102.25,5.625,8
990000220,621.0,620.0,7.0,1
990000221,68.0,67.0,5.0,3
990000222,94.0,93.0,7.0,2
990000228,64.0,63.0,6.0,1
990000229,69.0,68.0,6.0,1
990000233,57.0,56.0,5.0,1
990000234,89.0,88.0,7.0,1
990000235,239.0,238.0,4.5,2
990000237,78.33333333333333,77.33333333333333,5.333333333333333,3
990000238,162.4,161.4,6.4,5
990000239,109.0,108.0,6.5,2
990000240,153.5,152.5,6.5,2
990000241,405.0,404.0,7.0,1
990000242,261.0,260.0,7.0,1
990000243,189.25,188.25,4.75,4
990000244,77.6,76.6,4.6,5
990000245,87.0,86.0,4.5,2
990000246,51.666666666666664,50.666666666666664,4.666666666666667,3
990000247,219.0,218.0,7.0,1
990000248,89.66666666666667,88.66666666666667,5.666666666666667,3
990000249,61.0,60.0,6.0,1
990000250,489.0,488.0,7.0,1
990000251,559.0,558.0,7.0,1
990000252,267.5,266.5,7.0,2
990000254,142.0,141.0,7.0,1
990000256,73.0,72.0,7.0,1
990000257,75.0,74.0,4.5,2
990000258,48.75,47.75,3.5,4
990000261,41.25,40.25,3.25,4
990000263,45.0,44.0,4.4,5
990000264,580.0,579.0,7.0,1
990000265,117.9,116.9,5.2,10
990000268,77.0,76.0,7.0,1
990000287,855.0,854.0,7.0,1
990000289,274.0,273.0,7.0,2
990000292,49.0,48.0,4.0,7
990000294,124.5,123.5,6.666666666666667,6
990000296,65.6,64.6,5.8,5
990000297,470.0,469.0,7.0,1
990000300,276.0,275.0,7.0,1
990000302,640.0,639.0,7.0,2
990000304,183.0,182.0,7.0,1
990000306,84.5,83.5,7.0,2
990000307,1036.0,1035.0,7.0,1
990000308,223.0,222.0,6.25,4
990000311,77.0,76.0,7.0,1
990000312,62.0,61.0,6.0,1
990000323,68.5,67.5,5.125,8
990000324,66.0,65.0,4.5,4
990000328,77.0,76.0,4.5,2
990000331,107.0,106.0,4.5,4
990000333,91.0,90.0,4.25,8
990000335,331.0,330.0,7.0,1
990000337,190.0,189.0,7.0,1
990000338,88.0,87.0,5.5,2
990000339,180.66666666666666,179.66666666666666,5.0,3
990000361,67.0,66.0,6.0,1
990000373,100.0,99.0,7.0,1
990000374,724.0,723.0,7.0,1
990000376,226.0,225.0,7.0,2
990000377,473.0,472.0,7.0,1
990000379,188.0,187.0,7.0,2
990000382,177.0,176.0,4.0,4
990000383,130.0,129.0,7.0,1
990000386,50.0,49.0,5.0,1
990000387,605.0,604.0,7.0,2
990000388,137.33333333333334,136.33333333333334,5.666666666666667,3
990000391,94.0,93.0,7.0,1
990000392,442.3333333333333,441.3333333333333,7.0,3
990000396,343.0,342.0,7.0,1
990000398,340.0,339.0,7.0,1
990000400,430.5,429.5,5.0,2
990000404,135.5,134.5,7.0,2
990000408,100.0,99.0,5.0,2
990000431,53.0,52.0,5.0,1
990000442,55.0,54.0,5.0,1
990000445,50.0,49.0,4.0,2
990000449,369.25,368.25,5.625,8
990000450,172.0,171.0,7.0,1
990000451,187.0,186.0,7.0,1
990000459,140.0,139.0,7.0,1
990000460,63.333333333333336,62.333333333333336,5.333333333333333,3
990000466,59.75,58.75,4.75,4
990000469,531.0,530.0,7.0,1
990000471,425.0,424.0,7.0,1
990000474,151.66666666666666,150.66666666666666,4.333333333333333,3
990000476,213.0,212.0,7.0,2
990000480,128.1,127.1,5.4,10
990000481,175.0,174.0,7.0,1
990000482,72.0,71.0,7.0,1
990000483,385.0,384.0,7.0,2
990000485,111.0,110.0,5.166666666666667,6
990000489,227.0,226.0,7.0,1
990000490,258.0,257.0,7.0,1
990000491,267.0,266.0,7.0,1
