speech_id,year,decade,total_tokens,unique_tokens,hapax_count,total_adjectives,unique_adjectives,subordinate_clause_count,sentence_count
970000001,1981,1980s,286,144,102,15,12,25,1
970000002,1981,1980s,53,30,17,0,0,4,1
970000003,1981,1980s,78,52,42,2,2,9,2
970000015,1981,1980s,357,248,213,6,6,3,16
970000018,1981,1980s,67,43,32,4,4,6,1
970000019,1981,1980s,249,110,68,20,16,26,2
970000032,1981,1980s,55,40,34,3,3,2,1
970000037,1981,1980s,410,153,85,18,13,35,3
970000038,1981,1980s,347,154,98,26,18,31,3
970000040,1981,1980s,74,46,35,1,1,5,1
970000058,1981,1980s,50,26,18,1,1,3,3
970000060,1981,1980s,79,57,50,2,2,2,5
970000061,1981,1980s,65,37,26,2,2,2,1
970000072,1981,1980s,1174,165,76,70,17,42,2
970000078,1981,1980s,477,129,61,8,7,8,4
970000084,1981,1980s,52,39,31,4,4,3,1
970000094,1981,1980s,129,60,34,11,6,9,1
970000109,1981,1980s,59,36,25,4,3,4,1
970000117,1981,1980s,88,54,40,2,2,9,1
970000128,1981,1980s,120,71,50,10,9,12,1
970000129,1981,1980s,127,60,33,5,4,22,2
970000132,1981,1980s,110,67,48,4,3,8,2
970000139,1981,1980s,123,74,57,8,8,10,1
970000142,1981,1980s,107,57,33,8,6,19,1
970000146,1981,1980s,80,43,26,7,5,10,1
970000155,1981,1980s,70,49,39,4,4,5,1
970000157,1981,1980s,57,38,25,4,4,4,2
970000159,1981,1980s,66,48,35,6,5,4,1
970000161,1981,1980s,66,30,21,4,4,1,1
970000166,1981,1980s,97,65,52,5,5,1,1
970000171,1981,1980s,268,141,104,22,19,19,1
970000172,1981,1980s,66,48,38,3,3,6,2
970000175,1981,1980s,134,78,58,3,3,7,1
970000177,1981,1980s,58,45,38,4,4,2,1
970000180,1981,1980s,88,54,39,5,4,4,1
970000181,1981,1980s,103,71,56,6,5,5,1
970000182,1981,1980s,1228,447,284,101,66,106,5
970000183,1981,1980s,813,318,218,70,51,55,1
970000184,1981,1980s,1113,354,214,97,55,79,3
970000185,1981,1980s,496,216,134,48,32,39,2
970000186,1981,1980s,1088,398,257,134,73,69,3
970000187,1981,1980s,65,40,30,5,4,6,1
970000189,1981,1980s,679,285,192,79,55,54,5
970000190,1981,1980s,60,45,37,5,5,2,1
970000191,1981,1980s,118,84,69,15,15,10,1
970000192,1981,1980s,635,267,183,62,46,27,1
970000193,1981,1980s,421,167,109,40,34,26,1
970000194,1981,1980s,514,222,142,38,27,49,1
970000195,1981,1980s,562,233,165,50,38,32,2
970000196,1981,1980s,1152,320,153,109,53,80,3
970000197,1981,1980s,596,210,129,40,33,53,2
970000198,1981,1980s,153,90,61,10,9,9,1
970000199,1981,1980s,604,268,189,72,51,29,2
970000200,1981,1980s,781,301,193,71,51,89,2
970000201,1981,1980s,360,164,106,30,22,22,1
970000202,1981,1980s,1102,388,248,151,68,58,3
970000203,1981,1980s,703,256,165,95,47,66,3
970000204,1981,1980s,792,290,175,67,42,62,2
970000205,1981,1980s,234,124,83,19,16,18,2
970000206,1981,1980s,1127,409,278,103,67,81,1
970000207,1981,1980s,343,166,123,42,24,25,3
970000208,1981,1980s,725,310,211,68,46,48,2
970000209,1981,1980s,809,310,202,73,49,52,1
970000210,1981,1980s,529,236,169,74,36,23,1
970000211,1981,1980s,383,174,119,44,27,27,2
970000212,1981,1980s,312,144,94,34,22,29,1
970000213,1981,1980s,1403,429,252,113,65,104,8
970000214,1981,1980s,888,326,189,99,51,48,1
970000215,1981,1980s,1057,303,172,134,48,66,3
970000216,1981,1980s,2371,675,405,245,133,169,4
970000217,1981,1980s,1182,485,342,144,91,90,3
970000218,1981,1980s,963,392,259,89,70,70,4
970000219,1981,1980s,1532,415,242,141,61,105,3
970000220,1981,1980s,486,205,136,53,37,43,1
970000221,1981,1980s,1222,439,270,134,83,76,2
970000222,1981,1980s,488,248,173,58,42,38,1
970000223,1981,1980s,646,266,177,79,56,33,1
970000224,1981,1980s,872,337,217,85,51,59,1
970000225,1981,1980s,649,278,181,75,51,57,3
970000227,1981,1980s,135,87,66,7,6,10,1
970000228,1981,1980s,94,51,33,4,4,6,1
970000229,1981,1980s,149,79,53,8,7,8,1
970000230,1981,1980s,241,135,99,24,23,17,3
970000231,1981,1980s,747,317,207,42,28,39,1
970000232,1981,1980s,169,100,74,19,19,11,1
970000233,1981,1980s,252,143,111,22,21,15,1
970000234,1981,1980s,311,146,105,26,24,18,1
970000236,1981,1980s,292,144,105,29,19,13,1
970000237,1981,1980s,478,193,122,28,23,40,1
970000238,1981,1980s,542,254,185,43,34,45,2
970000239,1981,1980s,178,102,77,8,8,10,7
970000240,1981,1980s,131,90,70,17,15,10,1
970000241,1981,1980s,743,353,258,68,49,58,1
970000242,1981,1980s,186,106,68,15,13,19,2
970000243,1981,1980s,274,133,87,19,18,23,2
970000244,1981,1980s,194,113,82,22,20,11,1
970000245,1981,1980s,470,217,143,47,34,33,1
970000246,1981,1980s,52,34,27,3,3,1,1
970000248,1981,1980s,87,46,28,4,3,8,2
970000252,1981,1980s,191,112,89,14,12,9,1
970000254,1981,1980s,208,99,59,7,4,6,3
970000255,1981,1980s,101,56,37,4,2,5,1
970000256,1981,1980s,701,277,193,52,33,67,2
970000257,1981,1980s,1238,468,322,105,70,130,6
970000260,1981,1980s,50,28,17,0,0,2,1
970000277,1981,1980s,70,39,27,2,2,7,1
970000283,1981,1980s,191,105,74,15,13,17,1
970000284,1981,1980s,787,309,203,61,45,73,7
970000286,1981,1980s,66,54,46,5,5,4,1
970000289,1981,1980s,889,313,185,63,40,75,3
970000290,1981,1980s,55,37,28,2,2,5,1
970000292,1981,1980s,601,220,144,34,23,56,3
970000294,1981,1980s,289,143,89,18,13,31,3
970000296,1981,1980s,269,119,74,12,12,36,5
970000298,1981,1980s,387,144,86,32,19,46,2
970000300,1981,1980s,211,102,69,11,10,20,1
970000302,1981,1980s,175,76,44,9,7,27,1
970000304,1981,1980s,421,169,113,19,19,47,1
970000308,1981,1980s,332,135,85,19,18,42,2
970000310,1981,1980s,58,35,24,2,2,4,1
970000312,1981,1980s,67,35,20,3,3,3,1
970000313,1981,1980s,131,70,41,4,4,11,1
970000315,1981,1980s,178,76,44,6,4,18,2
970000321,1981,1980s,230,111,68,15,11,23,1
970000322,1981,1980s,444,185,112,40,32,41,2
970000325,1981,1980s,58,34,23,5,5,5,1
970000328,1981,1980s,250,122,82,16,14,30,1
970000333,1981,1980s,634,213,125,50,31,74,2
970000337,1981,1980s,1463,503,317,147,80,116,8
970000339,1981,1980s,875,337,223,81,59,76,2
970000340,1981,1980s,612,204,112,37,22,55,2
970000343,1981,1980s,205,103,73,10,9,17,2
970000344,1981,1980s,287,103,60,10,8,40,2
970000347,1981,1980s,238,112,75,12,11,24,1
970000348,1981,1980s,63,46,40,4,4,4,1
970000350,1981,1980s,278,122,76,15,12,33,2
970000353,1981,1980s,61,39,30,1,1,4,2
970000365,1981,1980s,379,164,117,16,16,30,2
970000368,1981,1980s,93,58,40,9,6,11,2
970000372,1981,1980s,70,49,39,6,5,7,1
970000405,1981,1980s,352,148,92,28,20,24,2
970000412,1981,1980s,109,63,45,13,10,10,1
970000415,1981,1980s,327,140,93,20,19,32,1
970000418,1981,1980s,170,110,81,9,9,14,1
970000420,1981,1980s,223,121,84,11,11,29,2
970000422,1981,1980s,128,71,49,5,5,14,1
970000425,1981,1980s,187,93,58,3,3,16,1
970000428,1981,1980s,145,70,45,7,5,13,2
970000429,1981,1980s,104,69,54,9,9,15,2
970000430,1981,1980s,72,21,7,1,1,11,1
970000435,1981,1980s,54,45,38,4,4,1,1
970000440,1981,1980s,1025,383,239,85,72,108,2
970000443,1981,1980s,397,173,111,33,19,31,1
970000445,1981,1980s,3295,677,356,204,96,179,7
970000447,1981,1980s,205,131,106,13,13,10,5
970000458,1981,1980s,1037,352,198,125,58,74,1
970000460,1981,1980s,269,145,108,22,20,21,1
970000461,1981,1980s,90,59,43,4,4,7,2
970000462,1981,1980s,400,185,121,35,24,27,1
970000464,1981,1980s,392,191,140,37,29,17,1
970000465,1981,1980s,484,204,131,60,36,37,1
970000466,1981,1980s,350,163,103,39,29,18,1
970000467,1981,1980s,183,121,91,17,13,12,1
970000468,1981,1980s,488,227,159,40,25,39,2
970000469,1981,1980s,1749,605,391,173,87,120,5
970000470,1981,1980s,116,83,68,11,10,7,2
970000471,1981,1980s,1106,410,263,96,57,92,3
970000472,1981,1980s,2825,726,408,245,142,197,7
970000473,1981,1980s,343,178,126,38,30,19,2
970000474,1981,1980s,528,233,153,54,37,29,1
970000475,1981,1980s,143,97,75,22,18,9,1
970000476,1981,1980s,450,211,150,43,35,34,1
970000477,1981,1980s,868,372,262,95,70,53,1
970000478,1981,1980s,380,198,158,33,32,19,1
970000479,1981,1980s,317,176,127,40,35,22,1
970000480,1981,1980s,606,284,199,36,34,57,3
970000481,1981,1980s,1278,489,323,128,91,142,2
970000482,1981,1980s,483,214,150,39,36,55,4
970000483,1981,1980s,452,200,144,29,23,46,1
970000484,1981,1980s,1009,398,260,110,72,77,6
970000485,1981,1980s,677,297,204,66,52,39,1
970000486,1981,1980s,122,84,63,11,10,11,1
970000487,1981,1980s,881,360,242,58,41,60,2
970000488,1981,1980s,1399,395,234,115,58,69,2
970000496,1981,1980s,86,62,50,6,5,8,1
980000001,1983,1980s,58,35,25,0,0,3,1
980000016,1983,1980s,88,53,40,2,2,9,1
980000032,1983,1980s,357,152,98,27,21,18,1
980000064,1983,1980s,182,76,40,12,8,12,1
980000090,1983,1980s,58,44,36,2,2,4,1
980000095,1983,1980s,71,50,40,3,3,5,1
980000097,1983,1980s,120,62,35,2,2,12,1
980000098,1983,1980s,57,38,25,4,4,4,2
980000100,1983,1980s,66,49,37,6,5,5,1
980000102,1983,1980s,66,30,21,4,4,1,1
980000106,1983,1980s,63,43,32,3,3,6,1
980000107,1983,1980s,338,148,102,20,17,30,1
980000109,1983,1980s,177,97,68,11,9,18,3
980000112,1983,1980s,70,45,32,6,4,4,1
980000115,1983,1980s,64,41,29,8,6,4,2
980000117,1983,1980s,152,84,56,16,14,9,1
980000120,1983,1980s,84,47,33,4,3,5,1
980000121,1983,1980s,92,59,40,6,5,9,1
980000123,1983,1980s,112,66,47,7,6,8,1
980000124,1983,1980s,377,194,131,34,21,21,2
980000125,1983,1980s,254,148,111,38,26,16,1
980000126,1983,1980s,438,188,122,36,28,35,2
980000127,1983,1980s,2202,645,369,158,94,197,1
980000128,1983,1980s,464,213,142,40,30,19,8
980000131,1983,1980s,1057,424,273,99,64,68,1
980000133,1983,1980s,269,149,110,30,26,15,2
980000134,1983,1980s,293,171,132,24,16,25,1
980000135,1983,1980s,474,217,149,43,33,33,1
980000136,1983,1980s,179,116,95,21,14,12,1
980000137,1983,1980s,675,277,181,49,40,60,3
980000138,1983,1980s,216,127,99,24,20,15,4
980000139,1983,1980s,112,69,52,10,10,9,3
980000142,1983,1980s,139,73,54,8,7,8,1
980000146,1983,1980s,80,47,31,6,4,2,3
980000148,1983,1980s,82,56,48,4,4,2,1
980000149,1983,1980s,97,83,75,3,3,2,4
980000150,1983,1980s,101,56,37,4,2,5,1
980000151,1983,1980s,760,283,188,65,43,78,5
980000152,1983,1980s,1215,391,222,97,67,136,3
980000155,1983,1980s,51,30,19,1,1,2,1
980000173,1983,1980s,70,39,27,2,2,7,1
980000178,1983,1980s,91,57,42,5,5,5,1
980000185,1983,1980s,1020,308,167,71,44,79,3
980000188,1983,1980s,90,62,49,4,4,8,1
980000189,1983,1980s,64,43,32,3,3,8,1
980000193,1983,1980s,455,176,103,29,25,43,2
980000196,1983,1980s,119,61,34,2,1,16,1
980000198,1983,1980s,56,46,39,3,3,7,1
980000199,1983,1980s,94,62,43,6,5,9,1
980000203,1983,1980s,106,62,44,2,2,6,1
980000206,1983,1980s,106,50,28,4,4,7,1
980000207,1983,1980s,92,55,34,0,0,7,1
980000208,1983,1980s,358,154,92,16,16,38,1
980000214,1983,1980s,748,297,204,41,31,72,4
980000215,1983,1980s,681,297,206,60,49,55,2
980000217,1983,1980s,220,105,67,10,8,16,1
980000219,1983,1980s,352,159,114,28,24,33,1
980000221,1983,1980s,369,180,126,27,24,39,1
980000223,1983,1980s,1213,380,234,77,57,98,1
980000225,1983,1980s,407,148,85,18,11,46,1
980000227,1983,1980s,475,173,104,25,19,52,2
980000229,1983,1980s,375,195,147,30,27,39,1
980000231,1983,1980s,298,120,71,24,12,15,1
980000233,1983,1980s,216,117,79,14,13,25,1
980000235,1983,1980s,234,127,89,16,12,18,1
980000237,1983,1980s,753,291,179,56,42,57,2
980000239,1983,1980s,499,212,140,31,24,50,1
980000241,1983,1980s,560,192,118,33,21,68,2
980000243,1983,1980s,291,118,68,18,13,21,1
980000244,1983,1980s,1117,388,243,86,62,95,1
980000266,1983,1980s,124,67,41,1,1,12,1
980000296,1983,1980s,397,159,98,39,26,20,1
980000299,1983,1980s,66,43,31,6,6,6,1
980000301,1983,1980s,83,50,36,5,4,11,1
980000307,1983,1980s,219,140,113,15,11,14,1
980000310,1983,1980s,174,101,77,15,15,13,1
980000316,1983,1980s,456,176,109,27,23,45,1
980000317,1983,1980s,451,205,137,41,31,36,2
980000318,1983,1980s,258,135,98,25,20,21,3
980000319,1983,1980s,133,85,63,12,10,10,1
980000321,1983,1980s,426,183,122,19,15,40,1
980000323,1983,1980s,380,180,119,41,31,23,2
980000324,1983,1980s,52,45,40,3,3,2,2
980000325,1983,1980s,502,267,198,53,42,23,3
980000327,1983,1980s,202,119,83,16,13,13,1
980000329,1983,1980s,436,189,125,33,21,37,1
980000333,1983,1980s,1012,350,197,97,58,97,3
980000335,1983,1980s,316,161,117,28,23,32,1
980000337,1983,1980s,57,41,35,1,1,2,1
980000338,1983,1980s,417,196,140,24,21,44,1
980000342,1983,1980s,109,77,59,6,6,12,1
980000344,1983,1980s,63,48,38,2,2,7,1
980000347,1983,1980s,783,292,189,69,52,50,3
980000348,1983,1980s,634,282,190,46,37,45,2
980000352,1983,1980s,908,345,230,101,54,54,2
980000354,1983,1980s,419,181,118,34,20,28,1
980000359,1983,1980s,511,217,147,28,23,48,1
980000361,1983,1980s,882,341,217,121,59,60,1
980000363,1983,1980s,263,119,78,30,16,10,1
980000366,1983,1980s,762,311,208,84,52,40,1
980000367,1983,1980s,206,108,72,17,14,14,1
980000368,1983,1980s,440,221,152,47,33,31,1
980000369,1983,1980s,209,112,73,20,16,7,2
980000370,1983,1980s,297,167,121,23,23,20,3
980000371,1983,1980s,378,204,148,43,30,27,1
980000372,1983,1980s,125,77,56,9,9,8,1
980000373,1983,1980s,804,319,209,77,47,55,3
980000374,1983,1980s,366,193,154,38,35,24,2
980000375,1983,1980s,515,244,174,46,33,36,1
980000376,1983,1980s,690,322,231,77,65,52,1
980000377,1983,1980s,201,109,81,16,16,11,2
980000378,1983,1980s,301,168,123,23,21,27,1
980000379,1983,1980s,1023,351,224,93,59,79,2
980000380,1983,1980s,284,147,109,47,33,14,2
980000381,1983,1980s,906,339,212,100,55,55,2
980000382,1983,1980s,349,168,117,35,28,19,2
980000383,1983,1980s,691,280,185,79,50,45,1
980000384,1983,1980s,590,241,162,52,37,35,1
980000385,1983,1980s,851,358,235,73,47,55,1
980000386,1983,1980s,1141,375,221,151,69,89,3
980000387,1983,1980s,131,92,75,7,7,8,1
980000388,1983,1980s,225,118,87,13,11,20,1
980000389,1983,1980s,584,237,148,50,41,43,1
980000390,1983,1980s,595,275,193,55,37,39,1
980000391,1983,1980s,113,79,61,9,6,8,1
980000392,1983,1980s,461,214,152,46,40,42,1
980000393,1983,1980s,362,192,144,55,41,30,1
980000394,1983,1980s,757,225,117,55,31,45,4
980000395,1983,1980s,1219,450,288,111,75,76,1
980000396,1983,1980s,270,144,103,20,18,21,2
980000397,1983,1980s,1560,409,202,105,51,115,4
980000398,1983,1980s,388,192,132,43,32,34,1
980000400,1983,1980s,133,85,64,10,10,7,1
980000401,1983,1980s,780,284,171,67,43,42,1
980000402,1983,1980s,251,123,82,20,18,15,1
980000403,1983,1980s,99,69,53,4,3,7,1
980000404,1983,1980s,121,82,66,9,9,8,1
980000405,1983,1980s,1070,424,291,93,58,69,5
980000406,1983,1980s,189,108,77,14,11,14,1
980000407,1983,1980s,297,133,86,28,22,21,1
980000408,1983,1980s,154,97,75,15,10,14,1
980000409,1983,1980s,601,226,135,44,24,44,4
980000410,1983,1980s,424,202,143,48,33,26,1
980000411,1983,1980s,399,211,155,35,27,20,5
980000412,1983,1980s,392,200,149,34,30,23,1
980000413,1983,1980s,71,48,35,9,8,4,1
980000414,1983,1980s,60,49,43,4,4,6,1
980000415,1983,1980s,975,307,174,78,38,57,6
980000416,1983,1980s,488,216,160,48,35,29,1
980000417,1983,1980s,332,171,125,19,17,31,1
980000418,1983,1980s,575,263,181,37,27,48,3
980000421,1983,1980s,213,113,84,16,11,24,1
980000422,1983,1980s,300,134,89,12,10,23,1
980000423,1983,1980s,229,136,106,25,24,16,1
980000424,1983,1980s,424,200,135,28,21,24,1
980000434,1983,1980s,640,282,189,55,37,40,1
980000435,1983,1980s,234,116,73,18,13,22,5
980000436,1983,1980s,164,94,67,15,10,15,1
980000437,1983,1980s,276,126,87,10,10,16,1
980000438,1983,1980s,148,83,57,10,9,10,1
980000439,1983,1980s,325,165,119,26,21,32,1
980000440,1983,1980s,559,223,133,37,19,44,1
980000441,1983,1980s,119,78,57,6,4,6,1
980000442,1983,1980s,108,80,66,7,7,12,3
980000444,1983,1980s,85,65,52,5,5,4,1
980000450,1983,1980s,760,360,256,61,49,58,3
980000453,1983,1980s,475,224,161,32,30,48,4
980000457,1983,1980s,1036,409,270,81,60,74,4
980000460,1983,1980s,416,205,152,34,31,31,1
980000464,1983,1980s,242,125,89,7,7,18,1
980000467,1983,1980s,778,344,239,52,40,61,3
980000471,1983,1980s,372,181,132,25,22,32,1
980000477,1983,1980s,828,305,182,66,45,86,7
980000479,1983,1980s,308,132,76,16,13,30,3
980000480,1983,1980s,66,41,30,7,7,6,1
980000481,1983,1980s,622,273,183,46,37,65,2
980000485,1983,1980s,400,160,107,23,14,40,3
980000486,1983,1980s,102,59,47,6,2,6,1
980000490,1983,1980s,124,76,53,5,5,10,1
980000492,1983,1980s,207,113,78,14,12,21,2
980000495,1983,1980s,334,154,102,13,13,37,3
980000499,1983,1980s,375,179,122,21,16,45,1
990000003,1985,1980s,186,95,70,5,5,9,1
990000006,1985,1980s,53,33,23,1,1,0,1
990000018,1985,1980s,56,24,19,1,1,1,1
990000022,1985,1980s,77,44,26,3,3,9,1
990000027,1985,1980s,1765,418,221,98,44,97,1
990000038,1985,1980s,275,106,70,6,5,14,2
990000043,1985,1980s,299,135,92,14,12,26,5
990000045,1985,1980s,122,73,52,9,7,13,2
990000050,1985,1980s,341,167,112,28,25,25,1
990000052,1985,1980s,638,270,175,54,42,49,3
990000053,1985,1980s,61,33,21,2,2,1,1
990000056,1985,1980s,95,64,51,11,7,9,1
990000076,1985,1980s,55,32,22,1,1,1,2
990000080,1985,1980s,156,77,45,7,6,16,1
990000083,1985,1980s,115,72,50,6,6,14,1
990000101,1985,1980s,299,82,33,18,7,15,5
990000114,1985,1980s,59,35,23,5,3,3,1
990000122,1985,1980s,70,49,39,4,4,5,1
990000124,1985,1980s,57,38,25,4,4,4,2
990000126,1985,1980s,66,48,35,6,5,4,1
990000128,1985,1980s,66,30,21,4,4,1,1
990000132,1985,1980s,85,57,46,2,2,4,1
990000135,1985,1980s,58,41,33,5,5,3,1
990000136,1985,1980s,453,181,106,30,24,42,1
990000137,1985,1980s,120,64,44,7,7,11,1
990000142,1985,1980s,56,41,33,3,3,5,1
990000143,1985,1980s,65,49,39,3,3,5,1
990000148,1985,1980s,490,196,128,35,27,49,3
990000150,1985,1980s,380,166,109,28,21,37,2
990000153,1985,1980s,109,69,53,12,10,11,1
990000155,1985,1980s,150,85,58,6,5,16,1
990000156,1985,1980s,916,367,246,62,45,69,5
990000160,1985,1980s,678,268,169,51,37,54,3
990000161,1985,1980s,2718,659,371,149,96,203,6
990000166,1985,1980s,1826,519,308,174,84,149,5
990000172,1985,1980s,365,192,146,32,28,30,1
990000180,1985,1980s,786,291,182,88,52,59,3
990000184,1985,1980s,109,62,43,2,2,12,2
990000187,1985,1980s,645,248,150,62,31,48,7
990000192,1985,1980s,151,77,51,7,3,14,1
990000193,1985,1980s,564,239,162,40,34,53,2
990000194,1985,1980s,267,157,122,27,23,17,1
990000198,1985,1980s,223,108,70,12,9,14,1
990000199,1985,1980s,165,79,48,9,7,17,1
990000205,1985,1980s,61,43,35,1,1,4,2
990000207,1985,1980s,756,311,205,66,51,68,3
990000219,1985,1980s,825,313,197,70,46,64,8
990000220,1985,1980s,615,254,170,52,40,46,1
990000221,1985,1980s,203,119,91,19,18,16,3
990000222,1985,1980s,188,104,72,12,10,16,2
990000228,1985,1980s,60,30,20,3,3,1,1
990000229,1985,1980s,68,49,38,5,5,4,1
990000233,1985,1980s,54,30,18,2,2,8,1
990000234,1985,1980s,87,57,43,3,3,5,1
990000235,1985,1980s,467,195,129,22,19,59,2
990000237,1985,1980s,230,107,66,10,10,28,3
990000238,1985,1980s,805,295,184,68,44,81,5
990000239,1985,1980s,210,116,79,22,17,15,2
990000240,1985,1980s,294,138,95,17,16,14,2
990000241,1985,1980s,392,201,154,22,19,40,1
990000242,1985,1980s,257,131,91,22,18,16,1
990000243,1985,1980s,752,311,211,96,49,56,4
990000244,1985,1980s,383,200,139,30,26,37,5
990000245,1985,1980s,171,105,82,11,11,13,2
990000246,1985,1980s,152,94,68,12,11,9,3
990000247,1985,1980s,214,106,62,17,12,26,1
990000248,1985,1980s,260,134,95,17,16,18,3
990000249,1985,1980s,60,46,36,6,6,3,1
990000250,1985,1980s,463,170,96,29,20,40,1
990000251,1985,1980s,553,269,201,47,40,49,1
990000252,1985,1980s,525,225,155,36,26,41,2
990000254,1985,1980s,137,80,62,7,7,8,1
990000256,1985,1980s,72,47,38,4,4,2,1
990000257,1985,1980s,149,81,53,5,3,8,2
990000258,1985,1980s,191,149,139,7,4,4,4
990000261,1985,1980s,164,138,131,3,3,2,4
990000263,1985,1980s,222,163,141,0,0,8,5
990000264,1985,1980s,574,240,170,40,33,62,1
990000265,1985,1980s,1246,403,242,94,67,120,11
990000268,1985,1980s,76,45,29,2,2,10,1
990000287,1985,1980s,847,292,178,70,48,58,1
990000289,1985,1980s,538,224,144,32,31,46,2
990000292,1985,1980s,334,126,73,14,10,42,7
990000294,1985,1980s,738,194,91,29,20,89,6
990000296,1985,1980s,325,136,87,15,13,26,5
990000297,1985,1980s,465,189,103,20,17,47,1
990000300,1985,1980s,274,131,84,10,8,34,1
990000302,1985,1980s,1256,389,245,84,59,111,2
990000304,1985,1980s,183,88,55,5,5,19,1
990000306,1985,1980s,166,90,56,3,3,16,2
990000307,1985,1980s,1032,351,206,68,54,102,1
990000308,1985,1980s,887,263,145,47,33,105,4
990000311,1985,1980s,74,49,36,9,6,5,1
990000312,1985,1980s,62,40,29,3,3,5,1
990000323,1985,1980s,549,202,113,34,24,56,8
990000324,1985,1980s,263,124,77,12,8,35,4
990000328,1985,1980s,151,86,62,9,9,15,2
990000331,1985,1980s,425,186,124,24,22,35,4
990000333,1985,1980s,715,240,136,34,24,68,8
990000335,1985,1980s,331,144,88,18,16,35,1
990000337,1985,1980s,189,80,47,6,6,24,1
990000338,1985,1980s,175,92,58,8,8,24,2
990000339,1985,1980s,539,205,127,34,29,59,3
990000361,1985,1980s,67,38,26,2,2,6,1
990000373,1985,1980s,97,61,40,3,2,9,1
990000374,1985,1980s,711,232,136,46,35,37,1
990000376,1985,1980s,448,215,153,39,31,34,2
990000377,1985,1980s,472,176,114,26,22,45,1
990000379,1985,1980s,350,134,80,16,15,34,2
990000382,1985,1980s,629,235,148,52,35,48,4
990000383,1985,1980s,125,70,48,7,5,8,1
990000386,1985,1980s,50,28,18,1,1,4,1
990000387,1985,1980s,1183,378,228,105,69,87,2
990000388,1985,1980s,395,180,114,35,25,31,3
990000391,1985,1980s,92,60,46,4,4,12,1
990000392,1985,1980s,1288,393,228,86,57,103,3
990000396,1985,1980s,339,149,99,25,21,26,1
990000398,1985,1980s,339,120,65,23,10,40,1
990000400,1985,1980s,838,314,187,55,34,87,2
990000404,1985,1980s,260,117,81,22,20,27,2
990000408,1985,1980s,196,87,47,7,4,23,2
990000431,1985,1980s,52,38,29,2,2,5,1
990000442,1985,1980s,54,36,25,6,4,4,1
990000445,1985,1980s,96,54,36,7,5,12,2
990000449,1985,1980s,2889,550,255,198,85,180,8
990000450,1985,1980s,170,104,79,17,14,13,1
990000451,1985,1980s,185,101,71,11,11,15,1
990000459,1985,1980s,125,71,49,9,9,6,1
990000460,1985,1980s,163,83,63,7,7,9,3
990000466,1985,1980s,215,146,123,15,15,7,4
990000469,1985,1980s,522,243,177,52,32,47,1
990000471,1985,1980s,416,216,162,41,38,30,1
990000474,1985,1980s,444,227,172,49,42,32,3
990000476,1985,1980s,421,208,142,43,31,31,2
990000480,1985,1980s,1573,542,353,109,68,132,19
990000481,1985,1980s,167,108,82,11,11,10,1
990000482,1985,1980s,66,50,41,5,5,6,1
990000483,1985,1980s,734,318,222,84,61,62,2
990000485,1985,1980s,634,242,144,68,37,58,6
990000489,1985,1980s,226,104,69,11,10,13,1
990000490,1985,1980s,253,118,75,18,15,22,1
990000491,1985,1980s,262,138,96,21,18,15,1
1000000001,1987,1980s,164,105,84,11,10,11,3
1000000003,1987,1980s,183,97,78,8,6,3,1
1000000004,1987,1980s,71,49,42,3,3,0,1
1000000005,1987,1980s,172,90,59,5,3,11,1
1000000006,1987,1980s,140,68,46,8,4,8,1
1000000007,1987,1980s,193,154,135,1,1,3,4
1000000010,1987,1980s,485,208,138,44,33,44,2
1000000011,1987,1980s,2074,673,425,178,129,199,7
1000000029,1987,1980s,69,41,29,2,2,6,1
1000000040,1987,1980s,1354,399,230,91,60,85,1
1000000042,1987,1980s,1361,459,276,114,78,112,3
1000000044,1987,1980s,451,171,107,26,19,45,2
1000000046,1987,1980s,232,133,98,24,19,27,1
1000000048,1987,1980s,333,140,88,21,14,38,1
1000000050,1987,1980s,486,205,136,29,19,61,1
1000000052,1987,1980s,363,153,91,13,11,33,2
1000000054,1987,1980s,359,142,76,23,15,41,1
1000000056,1987,1980s,353,148,94,18,14,42,2
1000000059,1987,1980s,420,205,140,33,23,36,8
1000000060,1987,1980s,897,351,232,68,53,91,11
1000000088,1987,1980s,105,67,47,7,7,4,1
1000000096,1987,1980s,83,48,34,5,4,11,1
1000000103,1987,1980s,73,43,33,4,4,6,1
1000000109,1987,1980s,92,56,41,4,4,4,1
1000000114,1987,1980s,81,50,36,3,3,4,1
1000000115,1987,1980s,260,116,69,7,6,15,1
1000000116,1987,1980s,351,130,70,10,8,20,1
1000000117,1987,1980s,523,176,100,29,19,42,1
1000000118,1987,1980s,510,194,121,30,26,47,1
1000000119,1987,1980s,688,225,127,45,34,52,1
1000000122,1987,1980s,373,188,130,35,26,36,1
1000000123,1987,1980s,237,137,102,33,26,16,1
1000000124,1987,1980s,127,70,46,14,10,8,5
1000000132,1987,1980s,395,161,99,31,22,33,1
1000000135,1987,1980s,251,125,76,21,19,14,1
1000000136,1987,1980s,265,135,92,20,17,17,1
1000000138,1987,1980s,519,228,156,51,33,32,2
1000000141,1987,1980s,912,317,197,70,51,61,4
1000000143,1987,1980s,379,183,120,40,27,34,2
1000000145,1987,1980s,389,187,125,37,31,28,1
1000000146,1987,1980s,3822,864,470,336,141,258,2
1000000148,1987,1980s,1998,427,235,133,49,199,6
1000000149,1987,1980s,3113,660,382,172,87,274,5
1000000151,1987,1980s,1240,405,235,115,66,90,4
1000000152,1987,1980s,960,335,205,85,54,79,3
1000000154,1987,1980s,5703,1126,576,462,208,595,8
1000000158,1987,1980s,951,341,201,79,53,123,2
1000000161,1987,1980s,309,91,55,17,9,16,3
1000000168,1987,1980s,190,58,28,13,8,2,1
1000000171,1987,1980s,133,106,96,5,5,1,16
1000000172,1987,1980s,90,46,26,3,3,8,1
1000000178,1987,1980s,53,34,24,1,1,1,1
1000000204,1987,1980s,77,47,33,3,3,7,1
1000000213,1987,1980s,118,53,33,6,5,15,3
1000000216,1987,1980s,66,35,23,3,2,3,1
1000000234,1987,1980s,51,33,26,1,1,1,1
1000000267,1987,1980s,268,109,59,19,16,15,5
1000000268,1987,1980s,49,33,24,3,3,1,2
1000000269,1987,1980s,996,89,15,76,14,34,4
1000000280,1987,1980s,88,45,30,4,4,6,1
1000000281,1987,1980s,73,49,34,4,4,8,1
1000000282,1987,1980s,100,56,40,4,4,10,1
1000000283,1987,1980s,51,39,31,2,2,4,1
1000000286,1987,1980s,64,47,39,3,3,5,1
1000000292,1987,1980s,64,42,32,7,6,10,1
1000000300,1987,1980s,210,101,77,2,2,3,1
1000000306,1987,1980s,68,45,32,3,3,5,2
1000000308,1987,1980s,54,41,35,1,1,5,1
1000000310,1987,1980s,103,73,59,10,9,8,2
1000000314,1987,1980s,70,54,46,4,4,3,1
1000000315,1987,1980s,366,199,146,30,29,23,1
1000000316,1987,1980s,1453,574,376,79,67,122,13
1000000317,1987,1980s,2544,683,395,215,121,225,8
1000000319,1987,1980s,1787,451,253,114,60,212,23
1000000320,1987,1980s,308,156,110,31,25,19,2
1000000329,1987,1980s,377,144,79,24,12,35,3
1000000331,1987,1980s,155,77,42,16,13,16,1
1000000332,1987,1980s,77,54,44,6,6,7,2
1000000339,1987,1980s,612,279,194,57,51,50,2
1000000341,1987,1980s,778,294,186,69,51,61,1
1000000342,1987,1980s,1153,371,214,114,64,85,4
1000000343,1987,1980s,362,167,107,34,27,23,3
1000000344,1987,1980s,356,186,142,35,31,30,1
1000000345,1987,1980s,2231,587,316,204,102,165,2
1000000346,1987,1980s,881,299,178,52,38,54,1
1000000347,1987,1980s,442,218,155,47,32,34,3
1000000348,1987,1980s,212,122,91,17,13,19,1
1000000349,1987,1980s,190,110,79,18,15,14,1
1000000350,1987,1980s,375,178,122,34,28,15,1
1000000351,1987,1980s,417,208,139,44,35,40,1
1000000352,1987,1980s,381,199,133,32,25,28,2
1000000353,1987,1980s,616,291,211,64,52,47,3
1000000354,1987,1980s,564,255,174,43,37,42,3
1000000358,1987,1980s,84,53,36,6,5,8,1
1000000360,1987,1980s,1699,502,281,140,82,159,4
1000000362,1987,1980s,307,143,90,37,26,25,3
1000000363,1987,1980s,457,211,136,38,31,33,2
1000000366,1987,1980s,66,36,21,5,4,6,1
1000000368,1987,1980s,782,220,119,69,32,64,1
1000000371,1987,1980s,193,67,22,16,7,8,1
1000000377,1987,1980s,138,73,49,9,5,17,1
1000000378,1987,1980s,66,43,33,7,5,6,3
1000000384,1987,1980s,92,56,40,8,7,6,1
1000000387,1987,1980s,330,127,65,16,11,29,3
1000000391,1987,1980s,364,131,73,16,11,40,2
1000000395,1987,1980s,645,188,91,49,23,85,5
1000000397,1987,1980s,580,216,133,42,30,73,3
1000000398,1987,1980s,1069,309,181,81,40,112,7
1000000400,1987,1980s,232,110,67,16,14,21,5
1000000403,1987,1980s,457,170,98,36,23,55,1
1000000407,1987,1980s,1223,355,202,65,43,129,8
1000000409,1987,1980s,733,245,148,45,32,92,2
1000000412,1987,1980s,123,62,40,6,3,8,1
1000000413,1987,1980s,1279,341,189,81,48,113,2
1000000415,1987,1980s,1167,303,165,68,44,126,4
1000000417,1987,1980s,440,183,116,31,22,56,3
1000000419,1987,1980s,58,38,27,5,4,2,1
1000000422,1987,1980s,59,47,39,3,3,6,2
1000000432,1987,1980s,853,253,141,37,29,106,10
1000000434,1987,1980s,384,172,114,20,16,41,2
1000000442,1987,1980s,164,80,51,10,6,14,1
1000000444,1987,1980s,154,71,43,4,4,16,3
1000000452,1987,1980s,85,43,25,5,2,8,1
1000000460,1987,1980s,456,166,94,20,12,57,3
1000000461,1987,1980s,319,165,117,18,14,32,5
1000000463,1987,1980s,374,152,88,29,16,44,1
1000000465,1987,1980s,579,236,153,36,31,65,4
1000000466,1987,1980s,160,88,58,6,6,18,2
1000000467,1987,1980s,91,65,51,3,3,11,1
1000000468,1987,1980s,61,44,35,6,4,7,1
1000000470,1987,1980s,57,43,33,1,1,4,1
1000000472,1987,1980s,738,220,118,34,23,87,4
1000000474,1987,1980s,384,184,127,32,26,32,4
1000000475,1987,1980s,577,225,133,38,28,63,1
1000000477,1987,1980s,702,230,142,48,33,75,4
1000000479,1987,1980s,841,243,144,62,25,88,2
1000000483,1987,1980s,71,40,27,4,4,12,2
1000000484,1987,1980s,64,44,30,3,3,3,1
1000000485,1987,1980s,81,43,27,9,7,7,1
1000000486,1987,1980s,163,76,49,18,10,10,1
1000000494,1987,1980s,87,57,40,3,3,11,2
1000000498,1987,1980s,81,48,34,5,4,6,1
1010000001,1989,1980s,50,28,16,0,0,3,1
1010000002,1989,1980s,69,39,27,1,1,5,1
1010000003,1989,1980s,54,34,26,2,2,2,1
1010000011,1989,1980s,52,32,23,1,1,1,1
1010000042,1989,1980s,73,44,29,3,3,9,1
1010000043,1989,1980s,61,39,30,4,4,7,1
1010000056,1989,1980s,147,70,49,9,5,11,1
1010000058,1989,1980s,91,56,43,3,3,3,3
1010000062,1989,1980s,63,42,32,0,0,6,1
1010000066,1989,1980s,302,117,78,9,6,13,1
1010000070,1989,1980s,138,64,38,12,6,5,1
1010000085,1989,1980s,197,83,46,9,6,13,1
1010000089,1989,1980s,59,35,23,5,3,3,1
1010000093,1989,1980s,55,37,24,3,3,4,2
1010000094,1989,1980s,67,50,38,6,5,5,1
1010000095,1989,1980s,66,31,22,4,4,1,1
1010000096,1989,1980s,87,47,32,5,4,3,1
1010000097,1989,1980s,62,43,35,3,3,5,1
1010000099,1989,1980s,70,45,31,7,6,4,1
1010000103,1989,1980s,1092,450,308,94,64,92,3
1010000104,1989,1980s,1950,650,412,181,85,141,9
1010000105,1989,1980s,1071,489,357,121,97,92,2
1010000107,1989,1980s,164,95,67,10,10,23,1
1010000108,1989,1980s,302,166,122,29,26,21,1
1010000109,1989,1980s,614,280,189,54,41,53,2
1010000110,1989,1980s,377,190,133,34,29,32,3
1010000111,1989,1980s,555,246,164,54,31,39,3
1010000112,1989,1980s,233,141,106,29,25,10,1
1010000113,1989,1980s,323,168,124,23,21,7,1
1010000114,1989,1980s,512,242,173,39,31,43,3
1010000117,1989,1980s,51,43,38,6,6,0,2
1010000118,1989,1980s,112,82,71,7,6,5,1
1010000130,1989,1980s,258,155,115,21,16,19,1
1010000131,1989,1980s,1411,154,57,39,11,47,2
1010000181,1989,1980s,216,129,101,10,10,17,2
1010000182,1989,1980s,102,83,75,3,3,5,1
1010000183,1989,1980s,102,65,51,6,6,3,4
1010000184,1989,1980s,51,34,30,2,2,0,1
1010000185,1989,1980s,639,506,438,7,5,14,12
1010000186,1989,1980s,154,67,45,4,2,9,1
1010000187,1989,1980s,1001,403,264,101,72,86,5
1010000188,1989,1980s,1931,668,444,151,107,185,6
1010000190,1989,1980s,51,28,17,0,0,2,1
1010000207,1989,1980s,66,38,25,2,2,6,1
1010000209,1989,1980s,58,35,25,3,3,6,1
1010000218,1989,1980s,1608,374,182,103,62,103,1
1010000220,1989,1980s,841,229,119,61,36,72,2
1010000222,1989,1980s,390,190,139,39,29,24,2
1010000224,1989,1980s,955,372,246,87,70,70,1
1010000226,1989,1980s,350,131,76,17,10,55,1
1010000228,1989,1980s,444,166,105,21,15,44,4
1010000230,1989,1980s,197,101,65,6,6,18,1
1010000232,1989,1980s,709,268,162,52,43,75,1
1010000235,1989,1980s,694,248,146,35,24,74,2
1010000236,1989,1980s,2427,617,344,171,99,155,5
1010000245,1989,1980s,212,87,44,6,5,22,1
1010000259,1989,1980s,85,48,33,6,6,8,1
1010000266,1989,1980s,70,59,52,3,3,3,2
1010000280,1989,1980s,148,75,51,7,6,13,1
1010000283,1989,1980s,329,141,95,11,10,27,3
1010000290,1989,1980s,224,118,86,12,7,15,1
1010000291,1989,1980s,112,71,54,6,6,13,1
1010000302,1989,1980s,160,77,43,11,8,18,2
1010000308,1989,1980s,920,354,221,85,56,82,1
1010000309,1989,1980s,407,165,109,28,22,27,1
1010000310,1989,1980s,242,112,69,7,6,13,1
1010000311,1989,1980s,292,120,69,9,7,18,1
1010000312,1989,1980s,408,145,81,23,14,37,1
1010000313,1989,1980s,226,108,67,11,8,8,1
1010000314,1989,1980s,356,128,72,23,17,20,1
1010000316,1989,1980s,1020,358,217,87,62,90,6
1010000318,1989,1980s,159,101,79,16,13,12,1
1010000320,1989,1980s,467,181,107,46,25,37,1
1010000322,1989,1980s,522,225,141,47,33,39,1
1010000324,1989,1980s,691,259,170,53,26,34,1
1010000328,1989,1980s,55,42,35,3,3,7,2
1010000330,1989,1980s,513,218,152,33,28,47,4
1010000331,1989,1980s,51,37,28,0,0,3,1
1010000332,1989,1980s,1922,545,316,156,77,209,8
1010000341,1989,1980s,128,76,52,4,3,4,2
1010000342,1989,1980s,63,37,21,5,4,4,1
1010000343,1989,1980s,124,74,60,8,7,3,1
1010000352,1989,1980s,228,145,118,17,17,18,2
1010000353,1989,1980s,287,165,121,20,18,16,1
1010000354,1989,1980s,500,180,113,57,25,57,2
1010000355,1989,1980s,389,168,106,28,25,45,1
1010000356,1989,1980s,644,287,205,50,43,48,1
1010000358,1989,1980s,446,245,176,51,37,31,1
1010000359,1989,1980s,385,196,132,44,32,24,3
1010000360,1989,1980s,494,248,184,52,40,34,3
1010000361,1989,1980s,307,147,100,36,26,26,1
1010000362,1989,1980s,327,198,157,28,25,24,3
1010000363,1989,1980s,376,231,181,57,39,15,6
1010000364,1989,1980s,748,402,308,62,50,53,5
1010000365,1989,1980s,224,149,110,22,17,11,1
1010000366,1989,1980s,293,160,130,33,23,22,1
1010000367,1989,1980s,790,318,202,77,50,68,2
1010000368,1989,1980s,413,198,137,31,25,26,3
1010000369,1989,1980s,583,220,130,49,23,54,1
1010000370,1989,1980s,167,90,65,16,15,7,1
1010000371,1989,1980s,663,290,182,64,41,42,2
1010000372,1989,1980s,643,304,208,70,43,55,1
1010000373,1989,1980s,768,280,174,42,30,65,1
1010000374,1989,1980s,853,348,223,78,58,66,3
1010000375,1989,1980s,748,305,204,87,56,48,3
1010000376,1989,1980s,2036,683,439,153,97,172,5
1010000377,1989,1980s,631,257,144,73,43,57,2
1010000378,1989,1980s,1163,427,254,114,76,98,4
1010000379,1989,1980s,491,217,139,32,24,40,1
1010000380,1989,1980s,99,64,43,4,4,12,1
1010000381,1989,1980s,605,281,191,70,44,55,2
1010000382,1989,1980s,1264,440,276,112,72,83,2
1010000383,1989,1980s,823,314,200,62,44,90,4
1010000384,1989,1980s,396,195,133,52,36,34,1
1010000385,1989,1980s,373,190,140,39,29,26,1
1010000386,1989,1980s,458,173,107,45,25,32,1
1010000387,1989,1980s,426,191,123,44,29,19,1
1010000388,1989,1980s,407,217,164,42,38,35,1
1010000389,1989,1980s,539,232,161,30,28,22,1
1010000390,1989,1980s,1427,511,321,204,93,93,1
1010000391,1989,1980s,619,235,139,53,33,64,2
1010000392,1989,1980s,1011,369,241,90,64,86,1
1010000393,1989,1980s,395,204,155,27,24,22,1
1010000394,1989,1980s,475,209,144,32,25,40,1
1010000395,1989,1980s,1021,366,215,122,61,79,3
1010000396,1989,1980s,789,256,132,117,43,37,1
1010000397,1989,1980s,51,40,30,4,4,2,2
1010000398,1989,1980s,758,276,159,80,51,50,2
1010000399,1989,1980s,110,74,57,13,10,6,1
1010000400,1989,1980s,330,166,114,31,27,13,1
1010000401,1989,1980s,134,86,68,12,10,8,1
1010000402,1989,1980s,897,389,270,78,55,62,1
1010000403,1989,1980s,481,214,147,64,37,30,2
1010000404,1989,1980s,682,259,169,71,50,59,2
1010000405,1989,1980s,303,163,118,28,23,13,1
1010000406,1989,1980s,1379,458,255,123,68,113,3
1010000407,1989,1980s,381,160,108,27,25,14,1
1010000408,1989,1980s,737,305,199,68,53,62,2
1010000409,1989,1980s,236,131,92,19,19,20,2
1010000410,1989,1980s,147,78,54,10,9,5,1
1010000411,1989,1980s,333,161,107,27,23,26,1
1010000412,1989,1980s,1330,390,225,150,68,102,2
1010000413,1989,1980s,81,54,41,9,8,7,1
1010000414,1989,1980s,344,166,114,31,28,28,1
1010000415,1989,1980s,603,259,170,62,41,61,1
1010000416,1989,1980s,1187,489,348,110,70,93,3
1010000417,1989,1980s,462,209,147,47,34,35,1
1010000418,1989,1980s,1108,403,264,104,63,92,1
1010000419,1989,1980s,200,111,77,18,16,16,1
1010000420,1989,1980s,457,194,121,44,33,35,5
1010000421,1989,1980s,723,244,136,61,33,62,1
1010000422,1989,1980s,369,198,150,34,24,30,2
1010000423,1989,1980s,265,157,123,41,29,18,1
1010000424,1989,1980s,805,298,188,83,42,48,1
1010000425,1989,1980s,554,190,102,71,37,56,2
1010000426,1989,1980s,348,174,118,48,33,33,1
1010000427,1989,1980s,1133,395,237,111,62,102,3
1010000428,1989,1980s,233,132,94,23,17,15,1
1010000429,1989,1980s,421,206,145,47,33,25,1
1010000430,1989,1980s,228,154,128,26,25,19,1
1010000431,1989,1980s,694,320,228,67,47,48,8
1010000432,1989,1980s,493,222,152,63,40,29,1
1010000433,1989,1980s,260,146,104,24,21,24,1
1010000434,1989,1980s,112,66,46,8,6,4,1
1010000435,1989,1980s,319,168,119,33,22,24,1
1010000436,1989,1980s,1012,375,243,89,56,73,3
1010000437,1989,1980s,791,302,198,68,35,55,4
1010000438,1989,1980s,581,280,199,52,44,58,1
1010000439,1989,1980s,335,169,121,21,19,19,1
1010000440,1989,1980s,877,379,279,78,65,67,4
1010000441,1989,1980s,257,123,82,26,18,20,1
1010000442,1989,1980s,488,237,166,66,50,37,2
1010000443,1989,1980s,353,177,125,29,23,20,1
1010000444,1989,1980s,288,153,109,15,12,21,2
1010000445,1989,1980s,247,141,103,28,23,20,1
1010000446,1989,1980s,193,98,67,18,14,11,2
1010000447,1989,1980s,783,286,179,93,51,54,1
1010000448,1989,1980s,1345,598,434,97,73,110,17
1010000449,1989,1980s,373,187,132,29,22,31,1
1010000450,1989,1980s,191,105,74,19,17,13,1
1010000451,1989,1980s,350,160,96,42,22,29,1
1010000452,1989,1980s,286,179,139,32,27,19,4
1010000453,1989,1980s,926,426,301,72,51,76,10
1010000454,1989,1980s,344,145,92,22,15,22,2
1010000455,1989,1980s,159,96,75,16,13,12,1
1010000456,1989,1980s,429,173,117,32,23,21,1
1010000457,1989,1980s,586,274,201,61,46,42,1
1010000458,1989,1980s,278,174,135,27,23,22,2
1010000459,1989,1980s,127,89,68,13,11,7,1
1010000460,1989,1980s,1098,374,226,75,53,89,8
1010000461,1989,1980s,340,162,96,36,26,25,1
1010000462,1989,1980s,393,189,131,34,29,19,1
1010000463,1989,1980s,215,121,89,17,15,17,2
1010000464,1989,1980s,318,159,113,24,20,18,3
1010000465,1989,1980s,465,209,141,57,24,29,1
1010000466,1989,1980s,104,72,50,11,8,12,1
1010000467,1989,1980s,408,206,149,33,26,30,2
1010000468,1989,1980s,180,98,62,10,8,11,2
1010000469,1989,1980s,165,101,75,18,11,18,1
1010000470,1989,1980s,313,170,133,26,25,13,1
1010000471,1989,1980s,271,158,117,29,27,25,2
1010000472,1989,1980s,213,117,90,18,15,9,2
1010000473,1989,1980s,278,202,174,12,12,7,11
1010000483,1989,1980s,97,62,46,7,7,2,1
1010000484,1989,1980s,377,158,102,28,22,21,1
1010000495,1989,1980s,100,62,48,6,6,8,1
1010000496,1989,1980s,112,68,52,4,4,10,1
1010000497,1989,1980s,257,129,94,14,12,21,1
1010000498,1989,1980s,482,228,169,37,28,31,1
1020000001,1991,1990s,68,37,23,2,2,3,1
1020000029,1991,1990s,69,43,30,2,2,4,1
1020000037,1991,1990s,76,45,31,3,3,10,1
1020000074,1991,1990s,64,41,33,4,4,4,1
1020000077,1991,1990s,704,194,103,44,21,40,6
1020000084,1991,1990s,187,95,66,8,7,15,1
1020000088,1991,1990s,112,69,52,10,8,7,1
1020000098,1991,1990s,54,35,25,4,2,5,1
1020000105,1991,1990s,379,156,90,14,10,33,1
1020000108,1991,1990s,490,184,112,19,16,56,3
1020000112,1991,1990s,269,120,67,20,15,33,3
1020000115,1991,1990s,563,199,112,28,23,63,4
1020000121,1991,1990s,125,70,41,5,3,10,1
1020000122,1991,1990s,82,44,28,5,4,8,1
1020000125,1991,1990s,148,77,48,6,6,18,1
1020000131,1991,1990s,276,119,75,13,10,28,1
1020000135,1991,1990s,537,188,113,24,16,59,1
1020000138,1991,1990s,502,170,95,21,20,71,2
1020000139,1991,1990s,134,73,40,3,3,15,1
1020000141,1991,1990s,359,134,79,15,11,45,12
1020000142,1991,1990s,94,58,41,1,1,16,1
1020000145,1991,1990s,76,46,29,0,0,10,2
1020000154,1991,1990s,194,105,71,9,9,21,1
1020000159,1991,1990s,2258,779,518,177,126,213,10
1020000160,1991,1990s,835,334,212,78,58,60,7
1020000161,1991,1990s,105,67,49,5,5,8,1
1020000162,1991,1990s,275,141,101,22,21,19,1
1020000163,1991,1990s,3135,295,105,71,17,113,2
1020000173,1991,1990s,102,69,55,2,2,3,3
1020000175,1991,1990s,85,61,49,6,5,5,1
1020000176,1991,1990s,187,96,66,7,5,10,3
1020000178,1991,1990s,142,104,89,6,6,2,1
1020000179,1991,1990s,66,40,28,4,2,3,2
1020000182,1991,1990s,61,27,17,0,0,2,1
1020000183,1991,1990s,1135,369,235,78,46,92,7
1020000184,1991,1990s,82,56,48,6,6,8,1
1020000185,1991,1990s,122,70,54,6,6,10,1
1020000202,1991,1990s,66,38,25,2,2,6,1
1020000211,1991,1990s,75,44,28,5,4,2,1
1020000216,1991,1990s,1665,441,243,119,76,105,1
1020000217,1991,1990s,1385,453,276,106,77,131,1
1020000218,1991,1990s,387,115,52,21,11,20,1
1020000220,1991,1990s,1044,349,207,71,40,80,2
1020000221,1991,1990s,700,249,143,41,29,62,2
1020000223,1991,1990s,715,276,177,38,31,67,4
1020000227,1991,1990s,631,213,114,51,26,53,1
1020000229,1991,1990s,278,145,101,24,17,33,1
1020000231,1991,1990s,206,101,61,12,9,19,2
1020000234,1991,1990s,69,38,22,3,3,4,1
1020000235,1991,1990s,75,51,38,1,1,7,1
1020000236,1991,1990s,56,38,26,1,1,3,1
1020000239,1991,1990s,78,44,26,1,1,12,1
1020000240,1991,1990s,91,50,29,0,0,6,1
1020000242,1991,1990s,454,153,77,42,17,60,4
1020000246,1991,1990s,499,185,113,29,20,60,2
1020000248,1991,1990s,319,129,73,23,19,35,1
1020000250,1991,1990s,288,157,112,22,20,30,1
1020000252,1991,1990s,366,148,91,38,25,25,1
1020000253,1991,1990s,195,117,86,26,17,10,1
1020000255,1991,1990s,170,93,67,10,10,21,1
1020000257,1991,1990s,234,107,71,7,7,32,6
1020000259,1991,1990s,301,138,94,15,12,30,3
1020000261,1991,1990s,220,105,67,11,9,28,3
1020000263,1991,1990s,178,94,56,11,10,19,1
1020000268,1991,1990s,184,95,66,5,5,27,1
1020000271,1991,1990s,321,142,82,11,10,42,1
1020000277,1991,1990s,94,57,39,7,5,10,1
1020000282,1991,1990s,88,58,42,5,5,8,3
1020000292,1991,1990s,107,73,59,8,8,11,1
1020000298,1991,1990s,111,69,46,4,4,15,1
1020000300,1991,1990s,836,238,125,29,18,102,1
1020000307,1991,1990s,65,44,33,4,3,7,1
1020000317,1991,1990s,81,51,38,3,3,8,1
1020000318,1991,1990s,177,88,54,7,5,20,1
1020000319,1991,1990s,53,34,23,0,0,6,1
1020000320,1991,1990s,114,68,48,8,8,15,1
1020000326,1991,1990s,66,30,16,2,2,12,1
1020000333,1991,1990s,71,48,36,3,3,3,1
1020000346,1991,1990s,55,34,23,3,3,7,1
1020000349,1991,1990s,184,104,81,19,19,10,1
1020000350,1991,1990s,242,113,71,7,6,13,1
1020000351,1991,1990s,346,140,80,12,10,20,1
1020000352,1991,1990s,307,135,90,14,14,34,1
1020000353,1991,1990s,171,88,53,10,8,5,2
1020000354,1991,1990s,94,57,39,4,3,2,1
1020000355,1991,1990s,1287,391,218,86,60,91,1
1020000356,1991,1990s,139,24,8,1,1,23,1
1020000358,1991,1990s,277,150,116,21,21,18,1
1020000360,1991,1990s,220,98,57,12,9,21,1
1020000361,1991,1990s,267,130,93,18,14,31,3
1020000362,1991,1990s,173,107,81,13,8,15,1
1020000363,1991,1990s,222,109,68,11,10,12,1
1020000364,1991,1990s,197,102,71,14,13,21,1
1020000365,1991,1990s,160,92,57,13,11,10,1
1020000366,1991,1990s,384,187,123,53,36,28,2
1020000367,1991,1990s,221,107,65,21,13,28,1
1020000368,1991,1990s,152,72,47,8,5,23,1
1020000369,1991,1990s,224,108,70,22,12,22,2
1020000370,1991,1990s,224,114,72,12,11,25,2
1020000371,1991,1990s,256,135,90,23,14,25,1
1020000372,1991,1990s,229,112,71,25,14,17,2
1020000373,1991,1990s,251,112,66,11,9,29,2
1020000375,1991,1990s,781,274,160,39,32,86,3
1020000377,1991,1990s,290,162,116,22,21,23,1
1020000379,1991,1990s,726,272,185,67,41,53,1
1020000381,1991,1990s,279,165,123,22,19,32,1
1020000384,1991,1990s,389,156,95,29,20,16,1
1020000387,1991,1990s,188,109,78,11,9,13,2
1020000391,1991,1990s,797,246,140,34,25,96,5
1020000392,1991,1990s,749,276,162,50,37,71,2
1020000393,1991,1990s,2118,477,239,105,69,261,16
1020000394,1991,1990s,296,138,83,24,17,29,1
1020000396,1991,1990s,570,237,147,28,23,60,3
1020000397,1991,1990s,102,59,38,9,9,10,1
1020000398,1991,1990s,425,188,125,29,22,34,2
1020000399,1991,1990s,107,67,46,4,4,19,3
1020000400,1991,1990s,171,89,61,14,13,13,1
1020000401,1991,1990s,1387,379,206,77,54,184,15
1020000405,1991,1990s,4827,1015,550,387,196,517,37
1020000406,1991,1990s,253,123,84,22,20,20,1
1020000417,1991,1990s,75,46,38,1,1,1,1
1020000422,1991,1990s,1957,538,367,167,66,95,23
1020000423,1991,1990s,1309,497,322,110,74,88,7
1020000424,1991,1990s,408,183,118,42,30,35,1
1020000425,1991,1990s,248,127,82,27,13,19,1
1020000426,1991,1990s,1510,537,347,93,70,129,4
1020000427,1991,1990s,347,174,132,18,17,16,1
1020000428,1991,1990s,461,200,128,56,32,26,1
1020000429,1991,1990s,135,92,76,17,15,4,1
1020000430,1991,1990s,195,99,72,8,8,10,1
1020000431,1991,1990s,481,228,159,36,30,43,2
1020000432,1991,1990s,220,109,72,18,17,18,1
1020000433,1991,1990s,312,155,108,27,21,30,1
1020000434,1991,1990s,253,154,116,34,30,16,2
1020000435,1991,1990s,458,209,143,56,32,53,1
1020000436,1991,1990s,308,147,103,23,19,17,1
1020000437,1991,1990s,58,48,42,4,4,2,1
1020000438,1991,1990s,666,301,212,84,54,27,1
1020000439,1991,1990s,731,290,186,92,54,45,1
1020000440,1991,1990s,329,160,117,26,21,12,2
1020000441,1991,1990s,316,145,89,23,14,22,1
1020000442,1991,1990s,80,51,36,5,5,3,1
1020000443,1991,1990s,279,124,78,20,17,12,2
1020000444,1991,1990s,317,163,110,31,22,21,1
1020000445,1991,1990s,583,238,162,52,32,51,1
1020000446,1991,1990s,219,121,84,18,14,18,1
1020000447,1991,1990s,672,335,248,68,51,60,1
1020000448,1991,1990s,276,156,112,22,20,20,2
1020000449,1991,1990s,370,194,140,29,22,34,1
1020000450,1991,1990s,761,346,245,77,61,34,1
1020000451,1991,1990s,200,116,89,16,12,5,2
1020000452,1991,1990s,261,125,83,18,15,25,1
1020000453,1991,1990s,308,150,106,21,19,21,5
1020000454,1991,1990s,200,115,83,21,19,17,2
1020000455,1991,1990s,222,124,89,19,18,8,2
1020000456,1991,1990s,494,227,161,33,25,42,2
1020000457,1991,1990s,88,64,48,4,4,6,1
1020000458,1991,1990s,169,88,66,15,14,17,1
1020000459,1991,1990s,623,260,174,60,33,54,2
1020000460,1991,1990s,1789,639,421,226,109,130,2
1020000461,1991,1990s,283,156,113,18,17,13,2
1020000462,1991,1990s,202,123,93,15,14,22,1
1020000463,1991,1990s,684,324,238,39,38,53,3
1020000464,1991,1990s,345,152,106,26,19,28,1
1020000465,1991,1990s,243,118,76,24,17,13,1
1020000466,1991,1990s,266,128,84,17,12,13,1
1020000467,1991,1990s,210,115,83,15,14,19,1
1020000468,1991,1990s,314,162,112,32,21,25,1
1020000469,1991,1990s,768,300,195,77,53,60,1
1020000470,1991,1990s,224,107,63,20,12,18,2
1020000471,1991,1990s,220,119,84,13,11,15,2
1020000472,1991,1990s,55,46,38,6,6,6,1
1020000473,1991,1990s,192,107,78,19,15,11,2
1020000474,1991,1990s,478,240,171,39,32,35,2
1020000475,1991,1990s,475,218,152,49,33,52,2
1020000476,1991,1990s,178,102,68,20,16,13,1
1020000477,1991,1990s,875,369,250,70,47,92,4
1020000478,1991,1990s,126,89,70,16,13,12,1
1020000479,1991,1990s,860,331,206,78,53,84,1
1020000480,1991,1990s,89,57,40,3,3,5,1
1020000481,1991,1990s,307,167,129,25,22,22,1
1020000482,1991,1990s,455,210,144,43,29,44,1
1020000483,1991,1990s,438,196,130,40,29,41,1
1020000484,1991,1990s,151,104,77,12,11,11,2
1020000485,1991,1990s,241,137,103,16,16,10,1
1020000486,1991,1990s,208,105,70,23,16,14,3
1020000487,1991,1990s,682,239,154,60,38,40,1
1020000488,1991,1990s,91,58,44,5,5,4,2
1020000489,1991,1990s,157,92,67,18,17,14,1
1020000490,1991,1990s,501,212,132,47,29,38,2
1020000491,1991,1990s,420,198,135,38,30,32,1
1020000492,1991,1990s,330,166,114,31,24,22,3
1020000493,1991,1990s,211,112,79,16,13,6,1
1020000494,1991,1990s,582,251,167,72,52,36,2
1020000495,1991,1990s,313,194,160,18,17,23,7
1020000496,1991,1990s,747,415,326,66,56,54,8
1020000497,1991,1990s,431,216,153,43,28,31,1
1020000498,1991,1990s,259,139,94,16,15,11,1
1020000499,1991,1990s,98,70,56,8,7,11,2
1020000500,1991,1990s,238,123,83,15,12,16,2
1030000001,1993,1990s,96,50,32,3,3,6,1
1030000004,1993,1990s,62,44,34,3,3,1,2
1030000005,1993,1990s,145,80,54,8,8,13,2
1030000006,1993,1990s,589,219,131,20,18,46,1
1030000008,1993,1990s,102,64,51,2,2,6,1
1030000010,1993,1990s,204,86,46,7,7,18,2
1030000015,1993,1990s,139,67,45,4,4,15,1
1030000017,1993,1990s,67,42,26,1,1,10,1
1030000018,1993,1990s,202,89,45,13,9,28,1
1030000028,1993,1990s,78,46,31,5,5,7,1
1030000029,1993,1990s,156,84,57,6,6,18,1
1030000030,1993,1990s,71,43,31,0,0,4,1
1030000032,1993,1990s,95,56,43,0,0,4,1
1030000037,1993,1990s,76,51,36,3,3,6,2
1030000040,1993,1990s,242,105,57,9,9,21,1
1030000042,1993,1990s,63,39,28,1,1,1,1
1030000051,1993,1990s,111,110,109,1,1,2,3
1030000053,1993,1990s,150,76,39,10,8,11,1
1030000062,1993,1990s,62,40,30,3,3,7,1
1030000081,1993,1990s,59,35,23,5,3,3,1
1030000085,1993,1990s,55,37,24,3,3,4,2
1030000086,1993,1990s,66,48,35,6,5,4,1
1030000087,1993,1990s,66,31,22,4,4,1,1
1030000088,1993,1990s,87,47,32,6,4,3,1
1030000089,1993,1990s,64,44,35,3,3,5,1
1030000091,1993,1990s,80,54,39,10,9,4,1
1030000095,1993,1990s,964,278,151,48,26,50,3
1030000096,1993,1990s,121,76,51,13,9,11,1
1030000103,1993,1990s,83,49,32,12,8,3,1
1030000104,1993,1990s,53,29,20,7,3,5,1
1030000105,1993,1990s,93,51,34,6,4,3,1
1030000107,1993,1990s,78,47,32,10,7,3,1
1030000110,1993,1990s,142,67,35,11,6,7,1
1030000116,1993,1990s,193,71,25,8,4,12,1
1030000119,1993,1990s,78,53,41,3,3,4,1
1030000122,1993,1990s,1339,511,317,125,81,115,2
1030000124,1993,1990s,550,260,187,28,26,51,4
1030000126,1993,1990s,174,109,79,8,7,12,2
1030000128,1993,1990s,80,52,37,5,4,7,1
1030000129,1993,1990s,2627,223,87,77,13,95,1
1030000132,1993,1990s,350,185,132,37,26,23,1
1030000133,1993,1990s,99,69,53,12,8,5,2
1030000180,1993,1990s,122,66,47,7,7,7,1
1030000182,1993,1990s,92,52,44,5,2,2,1
1030000184,1993,1990s,174,146,128,4,4,0,5
1030000185,1993,1990s,576,415,346,12,9,11,9
1030000186,1993,1990s,162,68,44,4,2,6,2
1030000187,1993,1990s,443,204,147,38,31,27,1
1030000188,1993,1990s,779,271,163,59,33,76,4
1030000189,1993,1990s,84,57,49,6,6,8,1
1030000190,1993,1990s,123,71,55,6,6,10,1
1030000202,1993,1990s,100,60,46,8,8,7,1
1030000206,1993,1990s,68,42,30,2,2,6,1
1030000223,1993,1990s,72,45,31,1,1,7,1
1030000244,1993,1990s,828,291,182,61,49,45,2
1030000248,1993,1990s,1078,348,201,69,51,82,2
1030000251,1993,1990s,102,60,39,5,5,7,2
1030000257,1993,1990s,836,307,181,57,44,91,3
1030000259,1993,1990s,725,217,121,38,24,85,3
1030000261,1993,1990s,767,253,132,50,33,83,6
1030000263,1993,1990s,301,162,120,20,18,26,4
1030000266,1993,1990s,66,45,33,1,1,9,1
1030000279,1993,1990s,1641,482,292,118,70,161,4
1030000281,1993,1990s,398,183,128,22,19,44,1
1030000284,1993,1990s,100,61,39,2,2,17,5
1030000285,1993,1990s,104,59,37,5,4,9,2
1030000287,1993,1990s,413,187,124,40,30,36,1
1030000289,1993,1990s,575,201,115,37,22,76,4
1030000294,1993,1990s,137,80,52,9,8,20,2
1030000297,1993,1990s,563,200,112,27,21,78,2
1030000301,1993,1990s,156,82,59,9,6,13,1
1030000304,1993,1990s,108,73,58,6,6,13,2
1030000308,1993,1990s,166,91,60,6,6,15,1
1030000309,1993,1990s,463,196,114,27,19,39,4
1030000311,1993,1990s,608,285,196,43,36,44,3
1030000313,1993,1990s,620,275,185,52,40,53,5
1030000319,1993,1990s,513,194,116,24,17,53,3
1030000321,1993,1990s,550,238,167,25,22,45,2
1030000322,1993,1990s,69,42,27,2,2,4,3
1030000323,1993,1990s,205,113,76,12,11,21,1
1030000325,1993,1990s,319,121,71,13,9,45,3
1030000326,1993,1990s,112,70,51,7,7,13,2
1030000327,1993,1990s,225,107,66,17,12,30,1
1030000329,1993,1990s,303,146,99,22,18,30,1
1030000331,1993,1990s,614,237,142,52,42,58,3
1030000333,1993,1990s,350,166,123,21,17,44,2
1030000334,1993,1990s,56,39,27,3,3,4,1
1030000335,1993,1990s,428,139,66,21,15,41,2
1030000337,1993,1990s,186,99,68,20,14,23,2
1030000339,1993,1990s,147,70,43,8,8,14,1
1030000341,1993,1990s,221,117,83,11,10,30,1
1030000343,1993,1990s,137,81,57,12,10,16,1
1030000344,1993,1990s,51,36,27,2,2,7,1
1030000345,1993,1990s,163,100,78,15,14,16,1
1030000347,1993,1990s,356,133,77,17,11,46,3
1030000350,1993,1990s,123,60,41,3,3,15,1
1030000357,1993,1990s,435,179,106,18,15,36,8
1030000359,1993,1990s,203,107,72,10,8,28,4
1030000361,1993,1990s,680,287,190,61,52,52,2
1030000367,1993,1990s,995,386,250,72,53,92,5
1030000369,1993,1990s,656,236,149,27,23,68,2
1030000370,1993,1990s,583,246,163,52,38,49,2
1030000379,1993,1990s,64,41,30,5,5,5,1
1030000399,1993,1990s,60,38,25,2,2,9,3
1030000401,1993,1990s,55,34,23,3,3,7,1
1030000410,1993,1990s,163,75,45,13,8,15,1
1030000418,1993,1990s,51,34,25,0,0,9,1
1030000424,1993,1990s,83,53,42,5,5,2,1
1030000425,1993,1990s,326,128,79,31,16,15,2
1030000426,1993,1990s,67,37,28,4,4,1,1
1030000429,1993,1990s,183,104,79,18,18,9,1
1030000430,1993,1990s,246,113,69,7,6,13,1
1030000431,1993,1990s,291,117,65,8,6,18,1
1030000432,1993,1990s,273,119,80,13,13,29,1
1030000433,1993,1990s,181,91,55,10,8,6,1
1030000435,1993,1990s,356,127,71,25,19,18,1
1030000436,1993,1990s,237,129,94,15,12,15,2
1030000439,1993,1990s,141,85,59,9,9,14,1
1030000441,1993,1990s,173,95,69,14,13,13,1
1030000442,1993,1990s,251,133,88,22,16,24,1
1030000445,1993,1990s,783,320,227,68,55,63,2
1030000447,1993,1990s,118,71,49,6,6,11,1
1030000449,1993,1990s,422,213,154,28,25,37,4
1030000451,1993,1990s,403,174,113,42,32,35,1
1030000452,1993,1990s,1830,497,292,124,78,121,3
1030000453,1993,1990s,198,108,81,9,9,16,1
1030000454,1993,1990s,681,287,204,50,38,69,1
1030000456,1993,1990s,2847,524,258,163,92,300,8
1030000459,1993,1990s,317,141,89,17,14,43,5
1030000461,1993,1990s,112,63,44,4,4,11,1
1030000462,1993,1990s,405,168,111,22,19,36,5
1030000463,1993,1990s,322,145,100,16,14,38,3
1030000464,1993,1990s,144,79,51,6,5,13,3
1030000465,1993,1990s,83,61,51,1,1,10,1
1030000466,1993,1990s,665,242,150,28,25,80,8
1030000467,1993,1990s,348,141,90,21,16,43,1
1030000469,1993,1990s,495,211,131,38,29,64,6
1030000471,1993,1990s,477,201,127,19,17,69,4
1030000473,1993,1990s,70,47,35,2,2,8,1
1030000475,1993,1990s,375,154,92,14,13,47,4
1030000476,1993,1990s,83,47,31,4,3,8,1
1030000477,1993,1990s,540,194,110,31,23,77,7
1030000478,1993,1990s,59,40,30,2,2,6,1
1030000480,1993,1990s,189,83,47,8,6,30,1
1030000481,1993,1990s,409,158,94,24,19,50,2
1030000482,1993,1990s,307,128,74,17,12,33,3
1030000486,1993,1990s,108,54,32,8,6,14,2
1030000490,1993,1990s,74,44,29,5,4,9,1
1030000491,1993,1990s,510,169,97,12,11,63,1
1030000492,1993,1990s,170,75,42,9,7,25,3
1030000493,1993,1990s,101,55,33,3,3,18,1
1030000494,1993,1990s,137,68,40,8,6,11,1
1030000498,1993,1990s,660,198,102,32,21,82,4
1030000499,1993,1990s,189,101,67,11,9,19,3
1030000500,1993,1990s,144,80,55,7,7,11,4
1040000001,1995,1990s,82,47,33,4,4,2,1
1040000005,1995,1990s,538,190,116,13,11,38,1
1040000006,1995,1990s,93,57,40,3,3,8,1
1040000032,1995,1990s,72,57,52,0,0,0,5
1040000033,1995,1990s,224,160,142,1,1,0,15
1040000039,1995,1990s,73,45,31,3,3,10,1
1040000040,1995,1990s,68,43,32,5,5,7,1
1040000055,1995,1990s,71,52,45,1,1,5,2
1040000060,1995,1990s,50,36,29,0,0,3,1
1040000061,1995,1990s,62,28,14,3,2,0,1
1040000065,1995,1990s,157,93,68,10,10,13,2
1040000079,1995,1990s,433,71,19,26,8,20,1
1040000094,1995,1990s,191,90,65,1,1,4,1
1040000097,1995,1990s,317,112,53,3,3,6,2
1040000100,1995,1990s,733,84,18,60,12,28,1
1040000105,1995,1990s,59,40,33,4,4,4,1
1040000113,1995,1990s,84,50,38,2,2,4,2
1040000121,1995,1990s,108,75,57,4,4,9,2
1040000123,1995,1990s,70,47,36,5,5,4,2
1040000124,1995,1990s,320,179,139,18,17,24,1
1040000125,1995,1990s,170,100,71,13,11,13,4
1040000141,1995,1990s,191,96,63,8,6,21,2
1040000142,1995,1990s,322,141,82,19,14,47,5
1040000143,1995,1990s,2610,711,415,166,101,233,12
1040000148,1995,1990s,121,66,43,12,8,10,2
1040000149,1995,1990s,434,190,128,30,23,34,1
1040000150,1995,1990s,5000,1130,628,400,196,569,19
1040000161,1995,1990s,1655,559,354,152,78,136,8
1040000180,1995,1990s,2103,647,388,166,100,249,15
1040000189,1995,1990s,106,76,60,9,9,10,1
1040000190,1995,1990s,1509,517,327,99,69,127,8
1040000192,1995,1990s,1713,372,176,112,57,248,3
1040000195,1995,1990s,758,259,149,51,35,99,5
1040000199,1995,1990s,1455,462,274,103,64,167,5
1040000201,1995,1990s,706,263,159,48,33,89,6
1040000203,1995,1990s,192,101,69,21,17,20,4
1040000204,1995,1990s,77,48,33,7,6,11,1
1040000207,1995,1990s,54,39,31,3,3,4,1
1040000220,1995,1990s,1287,428,249,98,65,152,7
1040000224,1995,1990s,696,300,202,73,57,57,6
1040000229,1995,1990s,420,219,158,49,37,23,2
1040000230,1995,1990s,423,196,133,25,22,38,2
1040000231,1995,1990s,165,68,37,17,8,6,1
1040000240,1995,1990s,3238,748,418,183,106,337,16
1040000241,1995,1990s,1164,412,244,87,61,120,6
1040000243,1995,1990s,2130,550,332,135,94,231,12
1040000246,1995,1990s,319,126,79,16,15,29,1
1040000247,1995,1990s,60,46,37,2,2,7,1
1040000249,1995,1990s,244,95,52,13,10,23,2
1040000253,1995,1990s,55,40,31,2,2,6,1
1040000256,1995,1990s,90,46,26,5,3,14,1
1040000257,1995,1990s,390,121,60,11,10,25,3
1040000258,1995,1990s,59,38,24,4,4,3,1
1040000262,1995,1990s,644,173,80,37,23,67,2
1040000264,1995,1990s,320,125,69,12,6,45,5
1040000265,1995,1990s,189,104,74,7,6,30,1
1040000266,1995,1990s,510,172,88,18,13,63,6
1040000269,1995,1990s,382,129,58,13,10,34,5
1040000270,1995,1990s,541,186,108,13,11,67,5
1040000274,1995,1990s,1617,427,239,95,59,195,13
1040000276,1995,1990s,489,196,118,18,14,58,10
1040000280,1995,1990s,562,202,123,30,19,58,5
1040000281,1995,1990s,3179,734,420,179,106,327,34
1040000288,1995,1990s,148,64,33,8,4,10,2
1040000297,1995,1990s,81,46,31,0,0,4,1
1040000316,1995,1990s,100,58,39,3,2,8,1
1040000320,1995,1990s,84,56,45,8,5,0,1
1040000321,1995,1990s,56,40,35,3,3,0,1
1040000322,1995,1990s,53,40,37,7,7,0,1
1040000328,1995,1990s,108,58,44,4,4,4,1
1040000333,1995,1990s,89,49,41,7,3,3,1
1040000334,1995,1990s,101,51,29,5,4,6,1
1040000337,1995,1990s,391,204,157,33,31,26,2
1040000339,1995,1990s,136,77,54,12,10,9,2
1040000341,1995,1990s,59,37,28,3,3,2,1
1040000342,1995,1990s,219,146,115,5,4,8,4
1040000343,1995,1990s,95,56,42,3,2,5,1
1040000344,1995,1990s,141,46,33,1,1,6,1
1040000345,1995,1990s,636,257,160,36,27,63,5
1040000346,1995,1990s,5925,1130,620,403,198,770,41
1040000347,1995,1990s,83,56,48,6,6,8,1
1040000349,1995,1990s,117,68,54,7,7,10,1
1040000364,1995,1990s,66,39,27,2,2,6,1
1040000366,1995,1990s,255,93,49,17,10,12,1
1040000381,1995,1990s,82,46,29,3,3,8,2
1040000382,1995,1990s,76,49,35,3,2,9,1
1040000392,1995,1990s,781,212,110,57,28,57,3
1040000393,1995,1990s,1222,376,225,121,70,135,7
1040000394,1995,1990s,385,165,94,25,18,48,4
1040000395,1995,1990s,184,111,83,12,10,17,1
1040000397,1995,1990s,525,190,102,41,18,56,2
1040000398,1995,1990s,120,75,56,4,4,14,2
1040000399,1995,1990s,758,320,209,61,49,81,14
1040000401,1995,1990s,292,147,100,20,19,27,3
1040000402,1995,1990s,279,127,80,22,13,31,1
1040000403,1995,1990s,77,51,36,4,4,7,1
1040000404,1995,1990s,304,127,81,25,16,22,1
1040000406,1995,1990s,206,105,70,21,18,20,1
1040000409,1995,1990s,207,118,83,22,19,19,1
1040000411,1995,1990s,228,114,78,10,8,29,2
1040000413,1995,1990s,125,77,59,7,6,10,1
1040000415,1995,1990s,242,104,62,14,12,25,2
1040000416,1995,1990s,62,44,29,3,3,6,1
1040000418,1995,1990s,82,61,46,6,6,4,1
1040000420,1995,1990s,380,172,116,26,23,42,1
1040000422,1995,1990s,219,126,90,13,11,15,1
1040000424,1995,1990s,122,76,53,18,13,9,1
1040000426,1995,1990s,240,116,73,22,13,32,1
1040000429,1995,1990s,59,41,31,8,6,4,2
1040000431,1995,1990s,242,105,68,10,6,26,1
1040000433,1995,1990s,117,70,51,6,6,16,1
1040000435,1995,1990s,241,98,53,10,7,38,1
1040000437,1995,1990s,198,118,85,16,11,26,1
1040000439,1995,1990s,82,52,35,6,5,10,1
1040000440,1995,1990s,181,98,71,24,19,24,1
1040000442,1995,1990s,205,118,84,14,13,28,2
1040000443,1995,1990s,118,68,49,5,5,15,1
1040000444,1995,1990s,171,89,58,15,7,18,2
1040000446,1995,1990s,185,92,59,11,10,14,1
1040000449,1995,1990s,133,70,45,8,5,21,1
1040000451,1995,1990s,242,101,66,11,7,32,1
1040000454,1995,1990s,566,246,152,57,37,59,3
1040000457,1995,1990s,268,124,81,15,13,20,3
1040000460,1995,1990s,278,135,100,18,15,18,1
1040000477,1995,1990s,63,46,35,6,6,7,1
1040000491,1995,1990s,526,241,169,46,39,53,2
1040000493,1995,1990s,63,49,38,9,7,7,1
1040000495,1995,1990s,346,160,95,26,23,37,1
1040000497,1995,1990s,611,250,172,52,41,35,1
1040000498,1995,1990s,985,389,266,94,67,94,4
1040000499,1995,1990s,349,153,96,35,19,31,1
1040000500,1995,1990s,174,113,92,15,15,5,1
1050000001,1997,1990s,88,48,31,4,4,5,1
1050000003,1997,1990s,120,78,59,10,9,10,2
1050000004,1997,1990s,920,346,215,75,51,84,1
1050000005,1997,1990s,71,47,38,4,4,7,1
1050000007,1997,1990s,176,100,66,11,11,15,2
1050000033,1997,1990s,80,56,40,5,5,8,2
1050000037,1997,1990s,54,39,28,2,2,3,1
1050000042,1997,1990s,60,34,22,4,3,7,3
1050000058,1997,1990s,79,39,20,6,5,2,1
1050000060,1997,1990s,113,67,44,7,6,9,1
1050000063,1997,1990s,124,70,48,12,8,9,2
1050000066,1997,1990s,377,141,82,26,16,35,3
1050000067,1997,1990s,88,59,40,7,6,6,2
1050000077,1997,1990s,654,189,105,37,18,36,2
1050000082,1997,1990s,266,99,53,11,6,38,7
1050000083,1997,1990s,299,128,80,8,5,33,4
1050000084,1997,1990s,310,134,84,15,12,33,1
1050000087,1997,1990s,215,103,74,15,12,35,1
1050000088,1997,1990s,688,229,136,26,22,85,5
1050000090,1997,1990s,207,101,71,13,12,27,1
1050000092,1997,1990s,300,122,73,17,14,33,5
1050000094,1997,1990s,132,71,47,7,6,12,1
1050000097,1997,1990s,279,133,78,17,13,27,4
1050000098,1997,1990s,186,99,65,12,8,16,2
1050000102,1997,1990s,67,40,24,2,2,3,1
1050000107,1997,1990s,133,78,57,7,6,11,1
1050000109,1997,1990s,758,240,138,31,26,111,4
1050000111,1997,1990s,428,178,120,33,27,41,5
1050000112,1997,1990s,434,157,92,26,20,55,1
1050000114,1997,1990s,474,187,113,22,18,51,5
1050000117,1997,1990s,277,132,82,21,15,30,1
1050000118,1997,1990s,285,120,70,21,14,46,3
1050000119,1997,1990s,367,152,99,16,15,49,4
1050000120,1997,1990s,170,96,65,8,8,21,1
1050000121,1997,1990s,287,133,80,22,17,36,1
1050000125,1997,1990s,256,117,76,17,14,33,2
1050000127,1997,1990s,127,68,41,6,5,17,2
1050000134,1997,1990s,157,76,41,4,4,19,4
1050000135,1997,1990s,62,48,39,4,4,6,1
1050000141,1997,1990s,246,122,86,11,11,21,2
1050000143,1997,1990s,192,114,84,19,16,16,1
1050000145,1997,1990s,462,192,126,27,25,54,4
1050000147,1997,1990s,644,218,123,40,27,79,5
1050000149,1997,1990s,792,268,173,51,33,82,11
1050000153,1997,1990s,57,35,22,0,0,4,1
1050000154,1997,1990s,108,68,47,5,5,11,2
1050000155,1997,1990s,109,63,46,4,3,8,3
1050000157,1997,1990s,2675,617,338,182,106,305,22
1050000160,1997,1990s,506,188,120,31,25,69,4
1050000163,1997,1990s,64,46,32,3,2,5,1
1050000166,1997,1990s,293,155,106,24,17,36,1
1050000167,1997,1990s,1202,398,254,77,43,83,5
1050000172,1997,1990s,786,268,167,47,37,85,3
1050000174,1997,1990s,84,60,48,7,6,3,3
1050000175,1997,1990s,1357,483,303,120,76,116,9
1050000176,1997,1990s,126,73,54,12,6,1,3
1050000180,1997,1990s,926,309,195,58,42,72,4
1050000182,1997,1990s,355,156,98,23,18,31,3
1050000184,1997,1990s,190,99,67,12,12,25,4
1050000185,1997,1990s,76,43,26,5,3,0,2
1050000186,1997,1990s,87,48,31,6,4,1,2
1050000187,1997,1990s,83,46,30,7,5,1,2
1050000188,1997,1990s,114,56,29,13,10,2,1
1050000189,1997,1990s,95,57,43,6,5,3,1
1050000190,1997,1990s,241,109,75,23,13,5,9
1050000193,1997,1990s,234,134,96,16,15,10,1
1050000194,1997,1990s,1029,366,234,107,58,83,3
1050000195,1997,1990s,254,125,87,20,16,5,1
1050000196,1997,1990s,293,156,120,20,19,10,3
1050000201,1997,1990s,88,53,37,6,5,3,1
1050000202,1997,1990s,963,343,219,106,73,80,1
1050000205,1997,1990s,122,66,47,7,7,7,1
1050000207,1997,1990s,84,54,47,5,3,2,1
1050000208,1997,1990s,233,144,113,20,19,13,3
1050000209,1997,1990s,274,128,89,15,14,18,2
1050000220,1997,1990s,147,85,67,9,9,8,1
1050000221,1997,1990s,162,91,62,5,4,11,2
1050000224,1997,1990s,2899,733,423,168,114,302,27
1050000225,1997,1990s,84,57,49,6,6,8,1
1050000230,1997,1990s,65,41,32,2,2,3,1
1050000235,1997,1990s,106,64,53,6,6,9,1
1050000249,1997,1990s,100,59,45,7,7,8,1
1050000253,1997,1990s,66,38,25,2,2,6,1
1050000260,1997,1990s,73,48,34,6,5,2,1
1050000263,1997,1990s,1705,549,342,131,96,137,3
1050000264,1997,1990s,805,329,213,61,48,96,1
1050000265,1997,1990s,845,255,133,55,31,105,2
1050000267,1997,1990s,696,229,137,29,23,75,8
1050000269,1997,1990s,515,184,107,31,23,59,2
1050000271,1997,1990s,390,155,95,20,16,41,2
1050000274,1997,1990s,85,59,44,2,2,4,1
1050000275,1997,1990s,987,343,224,53,40,115,6
1050000277,1997,1990s,635,221,132,35,27,69,8
1050000283,1997,1990s,672,229,128,44,28,65,6
1050000285,1997,1990s,210,105,70,12,10,21,2
1050000288,1997,1990s,272,135,91,17,11,29,1
1050000290,1997,1990s,332,150,88,33,20,41,2
1050000292,1997,1990s,329,127,75,10,9,34,2
1050000294,1997,1990s,343,163,104,18,15,31,1
1050000295,1997,1990s,90,60,46,6,5,13,1
1050000296,1997,1990s,488,181,105,22,18,56,7
1050000299,1997,1990s,84,59,44,5,5,10,2
1050000302,1997,1990s,198,93,57,8,6,25,4
1050000304,1997,1990s,159,87,58,5,5,15,1
1050000310,1997,1990s,77,51,34,3,3,8,2
1050000311,1997,1990s,280,131,88,19,14,31,1
1050000312,1997,1990s,258,126,88,13,12,25,1
1050000313,1997,1990s,508,240,173,56,49,46,1
1050000314,1997,1990s,478,178,111,28,23,48,1
1050000349,1997,1990s,64,39,32,4,4,1,1
1050000365,1997,1990s,382,155,105,27,18,23,1
1050000372,1997,1990s,53,34,25,0,0,7,1
1050000384,1997,1990s,174,98,70,12,12,10,1
1050000385,1997,1990s,240,113,71,7,6,14,1
1050000386,1997,1990s,289,118,67,9,7,19,1
1050000387,1997,1990s,270,120,71,19,12,15,1
1050000388,1997,1990s,229,104,70,12,12,25,1
1050000389,1997,1990s,111,61,41,10,7,4,1
1050000390,1997,1990s,165,71,35,5,5,11,1
1050000391,1997,1990s,359,151,85,21,13,24,2
1050000392,1997,1990s,343,149,101,20,16,27,1
1050000393,1997,1990s,323,154,115,20,17,22,1
1050000394,1997,1990s,173,93,70,7,7,11,1
1050000399,1997,1990s,732,269,164,39,24,81,5
1050000402,1997,1990s,568,213,135,35,23,57,2
1050000403,1997,1990s,121,71,45,5,5,15,1
1050000404,1997,1990s,68,46,36,4,4,5,1
1050000406,1997,1990s,435,166,104,31,22,49,1
1050000408,1997,1990s,766,278,150,95,46,66,1
1050000410,1997,1990s,774,263,161,60,43,88,10
1050000411,1997,1990s,106,80,66,10,10,12,1
1050000413,1997,1990s,1747,439,230,110,65,190,12
1050000418,1997,1990s,252,140,105,26,20,18,1
1050000419,1997,1990s,257,134,92,19,13,24,2
1050000420,1997,1990s,318,178,138,31,24,22,1
1050000421,1997,1990s,327,153,99,33,23,26,2
1050000422,1997,1990s,778,255,148,45,29,73,1
1050000423,1997,1990s,138,86,61,5,5,11,1
1050000424,1997,1990s,188,92,63,19,13,7,2
1050000425,1997,1990s,399,213,154,51,40,33,1
1050000426,1997,1990s,502,208,126,29,27,34,1
1050000427,1997,1990s,364,164,103,27,17,34,2
1050000428,1997,1990s,222,124,90,19,15,22,1
1050000429,1997,1990s,481,183,117,38,31,9,2
1050000430,1997,1990s,207,112,80,20,17,20,1
1050000431,1997,1990s,395,186,117,42,32,35,1
1050000432,1997,1990s,506,228,154,34,30,35,1
1050000433,1997,1990s,364,180,136,40,30,25,2
1050000434,1997,1990s,503,206,132,57,39,37,2
1050000435,1997,1990s,348,179,135,31,27,34,1
1050000436,1997,1990s,265,141,99,13,13,20,1
1050000437,1997,1990s,493,231,161,49,33,34,1
1050000438,1997,1990s,213,113,78,15,13,20,1
1050000439,1997,1990s,631,279,192,63,33,46,2
1050000440,1997,1990s,226,104,77,14,11,17,1
1050000441,1997,1990s,564,222,138,30,23,45,6
1050000442,1997,1990s,229,125,95,23,13,20,1
1050000443,1997,1990s,671,305,206,51,39,59,1
1050000444,1997,1990s,943,382,234,79,54,61,3
1050000445,1997,1990s,315,161,110,30,24,29,1
1050000446,1997,1990s,624,251,164,41,34,46,1
1050000447,1997,1990s,217,118,78,21,15,18,2
1050000448,1997,1990s,646,266,161,44,37,59,1
1050000449,1997,1990s,566,280,204,58,40,33,2
1050000450,1997,1990s,358,187,133,35,25,16,1
1050000452,1997,1990s,56,49,43,6,6,5,1
1050000453,1997,1990s,554,234,144,41,32,55,2
1050000454,1997,1990s,348,158,98,31,23,26,1
1050000455,1997,1990s,410,208,150,26,26,21,1
1050000456,1997,1990s,193,118,88,16,16,10,1
1050000457,1997,1990s,508,238,156,46,36,43,1
1050000458,1997,1990s,667,282,202,80,55,51,2
1050000459,1997,1990s,437,210,141,40,30,48,2
1050000460,1997,1990s,385,184,135,29,27,30,1
1050000461,1997,1990s,284,160,110,34,25,24,1
1050000462,1997,1990s,250,127,87,23,14,28,1
1050000463,1997,1990s,207,93,49,16,10,17,1
1050000464,1997,1990s,440,209,144,35,29,34,1
1050000465,1997,1990s,766,291,172,63,42,82,2
1050000466,1997,1990s,730,262,149,47,35,57,2
1050000467,1997,1990s,313,144,90,21,17,25,1
1050000468,1997,1990s,366,191,139,29,27,26,1
1050000469,1997,1990s,646,268,179,66,43,37,2
1050000471,1997,1990s,235,123,75,23,12,17,1
1050000472,1997,1990s,676,270,168,62,36,43,1
1050000473,1997,1990s,629,260,176,58,37,60,1
1050000474,1997,1990s,235,135,95,28,25,17,1
1050000475,1997,1990s,444,222,156,37,28,23,2
1050000476,1997,1990s,274,142,101,21,18,24,1
1050000477,1997,1990s,395,188,130,27,19,32,1
1050000478,1997,1990s,654,325,230,55,45,47,3
1050000479,1997,1990s,666,303,207,70,48,44,4
1050000480,1997,1990s,336,177,123,41,30,27,1
1050000481,1997,1990s,134,83,61,8,5,5,1
1050000482,1997,1990s,478,244,174,42,34,20,1
1050000483,1997,1990s,228,122,84,26,21,20,2
1050000484,1997,1990s,992,319,176,101,62,71,4
1050000485,1997,1990s,665,286,192,76,43,60,3
1050000486,1997,1990s,294,146,102,30,22,22,3
1050000487,1997,1990s,84,60,49,11,11,3,1
1050000488,1997,1990s,350,149,97,43,31,26,2
1050000489,1997,1990s,231,132,97,18,16,19,1
1050000490,1997,1990s,303,150,103,35,27,20,1
1050000491,1997,1990s,327,162,106,31,24,22,1
1050000492,1997,1990s,208,103,63,24,17,19,1
1050000493,1997,1990s,474,214,140,57,35,39,2
1050000494,1997,1990s,203,121,90,21,19,14,1
1050000495,1997,1990s,221,113,70,23,18,33,1
1050000496,1997,1990s,381,183,127,31,27,21,1
1050000497,1997,1990s,1119,328,179,118,53,116,2
1050000498,1997,1990s,122,68,45,8,5,14,1
1050000499,1997,1990s,312,151,96,38,22,25,1
1050000500,1997,1990s,373,199,144,30,27,20,3
1060000001,1999,1990s,79,44,30,3,3,8,1
1060000039,1999,1990s,70,45,33,3,3,6,1
1060000052,1999,1990s,83,53,38,5,4,3,1
1060000056,1999,1990s,59,35,23,5,3,3,1
1060000064,1999,1990s,55,37,24,3,3,4,2
1060000066,1999,1990s,66,48,35,6,5,4,1
1060000068,1999,1990s,66,31,22,4,4,1,1
1060000070,1999,1990s,87,46,30,5,4,3,1
1060000072,1999,1990s,64,44,35,3,3,5,1
1060000076,1999,1990s,194,106,74,14,14,16,1
1060000079,1999,1990s,86,48,31,3,3,4,1
1060000081,1999,1990s,293,134,88,21,19,20,2
1060000083,1999,1990s,91,63,55,6,6,9,1
1060000084,1999,1990s,76,46,33,2,2,2,1
1060000086,1999,1990s,104,69,52,6,6,11,1
1060000094,1999,1990s,75,35,9,10,5,2,1
1060000103,1999,1990s,751,329,230,54,45,68,5
1060000107,1999,1990s,153,94,67,15,15,12,1
1060000112,1999,1990s,2712,645,332,169,89,321,7
1060000113,1999,1990s,273,128,83,15,10,28,5
1060000126,1999,1990s,391,180,124,21,18,20,1
1060000127,1999,1990s,334,168,122,16,16,35,2
1060000129,1999,1990s,257,112,65,21,15,21,1
1060000130,1999,1990s,427,216,150,30,25,37,3
1060000131,1999,1990s,233,116,82,10,8,8,1
1060000132,1999,1990s,472,209,143,35,30,24,1
1060000133,1999,1990s,380,194,148,36,29,25,1
1060000134,1999,1990s,172,95,70,16,14,13,1
1060000135,1999,1990s,85,52,37,4,4,3,2
1060000136,1999,1990s,151,76,52,7,6,9,2
1060000137,1999,1990s,118,58,35,4,4,5,1
1060000139,1999,1990s,175,78,47,6,4,6,4
1060000141,1999,1990s,59,45,36,1,1,7,2
1060000143,1999,1990s,330,140,89,20,15,27,1
1060000147,1999,1990s,62,48,38,3,3,4,2
1060000148,1999,1990s,105,69,52,8,8,10,2
1060000157,1999,1990s,137,74,54,9,9,6,2
1060000159,1999,1990s,57,38,32,5,3,3,1
1060000164,1999,1990s,61,40,33,4,4,0,1
1060000165,1999,1990s,125,63,38,3,3,6,1
1060000178,1999,1990s,76,41,27,3,2,3,1
1060000180,1999,1990s,332,147,93,20,12,37,5
1060000181,1999,1990s,1981,613,382,123,86,239,12
1060000182,1999,1990s,82,56,48,6,6,8,1
1060000183,1999,1990s,123,70,54,6,6,10,1
1060000186,1999,1990s,86,56,47,6,6,7,1
1060000198,1999,1990s,100,59,45,7,7,8,1
1060000202,1999,1990s,66,38,25,2,2,6,1
1060000208,1999,1990s,75,47,33,6,5,2,1
1060000212,1999,1990s,4396,696,189,360,134,285,4
1060000215,1999,1990s,547,227,136,56,34,51,1
1060000217,1999,1990s,498,211,133,41,34,47,1
1060000220,1999,1990s,247,127,93,19,12,20,1
1060000222,1999,1990s,313,133,81,14,12,27,2
1060000224,1999,1990s,219,104,67,19,15,14,1
1060000226,1999,1990s,380,160,108,18,12,46,2
1060000228,1999,1990s,339,129,73,24,15,39,1
1060000230,1999,1990s,304,155,103,19,15,36,2
1060000232,1999,1990s,302,140,85,17,10,31,1
1060000234,1999,1990s,268,128,91,30,14,29,1
1060000238,1999,1990s,378,156,102,27,22,41,1
1060000240,1999,1990s,532,188,99,35,22,44,1
1060000242,1999,1990s,369,163,100,42,24,29,1
1060000244,1999,1990s,86,56,47,6,6,7,1
1060000247,1999,1990s,397,162,98,42,27,50,2
1060000249,1999,1990s,169,91,58,7,6,11,1
1060000250,1999,1990s,230,119,82,22,17,24,3
1060000254,1999,1990s,426,184,120,27,24,43,7
1060000285,1999,1990s,1553,413,233,120,78,125,4
1060000286,1999,1990s,1512,427,224,105,63,122,7
1060000287,1999,1990s,80,51,37,7,7,11,2
1060000288,1999,1990s,427,192,125,42,33,31,1
1060000289,1999,1990s,142,81,55,10,9,16,2
1060000292,1999,1990s,275,132,99,16,10,14,2
1060000297,1999,1990s,426,159,99,23,18,36,2
1060000298,1999,1990s,261,116,73,20,10,29,2
1060000301,1999,1990s,474,202,144,36,33,35,1
1060000302,1999,1990s,470,176,104,20,17,34,1
1060000304,1999,1990s,332,159,112,23,18,33,2
1060000306,1999,1990s,492,190,123,25,19,62,4
1060000307,1999,1990s,55,41,29,3,3,5,1
1060000308,1999,1990s,294,121,75,3,3,29,4
1060000310,1999,1990s,302,119,75,11,8,44,1
1060000312,1999,1990s,213,103,68,16,12,21,2
1060000314,1999,1990s,306,126,77,16,13,38,1
1060000316,1999,1990s,174,84,45,10,6,13,1
1060000318,1999,1990s,393,136,82,20,11,51,4
1060000320,1999,1990s,323,148,96,22,18,33,1
1060000322,1999,1990s,659,231,138,40,29,81,3
1060000326,1999,1990s,71,48,36,5,5,7,2
1060000329,1999,1990s,129,64,40,7,6,16,1
1060000331,1999,1990s,121,64,42,4,3,16,2
1060000335,1999,1990s,64,43,33,1,1,2,1
1060000341,1999,1990s,217,105,67,16,13,26,2
1060000342,1999,1990s,163,93,65,12,10,16,1
1060000347,1999,1990s,134,112,97,2,2,5,3
1060000348,1999,1990s,80,37,22,3,3,10,1
1060000349,1999,1990s,491,192,130,25,20,38,1
1060000363,1999,1990s,83,49,35,5,4,11,1
1060000364,1999,1990s,200,106,73,14,14,11,1
1060000365,1999,1990s,247,114,71,7,6,11,1
1060000366,1999,1990s,299,121,68,9,7,19,1
1060000367,1999,1990s,279,122,72,19,12,15,1
1060000368,1999,1990s,229,104,70,12,12,25,1
1060000369,1999,1990s,125,67,45,11,8,4,1
1060000370,1999,1990s,177,76,38,5,5,12,1
1060000371,1999,1990s,368,153,87,21,13,21,3
1060000372,1999,1990s,237,112,83,16,13,20,1
1060000373,1999,1990s,112,73,60,4,4,7,1
1060000374,1999,1990s,328,155,115,20,17,22,1
1060000375,1999,1990s,179,94,69,7,7,11,1
1060000383,1999,1990s,967,384,255,105,61,82,1
1060000387,1999,1990s,541,217,136,48,26,58,1
1060000388,1999,1990s,237,119,75,22,11,19,1
1060000390,1999,1990s,385,198,145,40,29,12,1
1060000395,1999,1990s,913,376,233,72,51,86,1
1060000396,1999,1990s,340,148,96,16,15,22,2
1060000397,1999,1990s,484,197,123,35,22,24,1
1060000398,1999,1990s,432,211,150,37,31,39,1
1060000399,1999,1990s,251,120,77,26,17,13,1
1060000400,1999,1990s,57,39,28,3,2,4,1
1060000402,1999,1990s,150,85,60,12,11,14,1
1060000403,1999,1990s,299,152,106,31,23,21,3
1060000404,1999,1990s,355,174,113,22,18,38,1
1060000405,1999,1990s,147,87,60,11,9,8,1
1060000406,1999,1990s,534,239,161,58,37,52,2
1060000407,1999,1990s,507,236,178,35,33,23,2
1060000408,1999,1990s,296,162,116,24,20,27,3
1060000409,1999,1990s,232,129,94,18,15,23,1
1060000410,1999,1990s,590,274,191,77,52,44,1
1060000411,1999,1990s,387,177,107,26,21,25,1
1060000412,1999,1990s,280,145,103,19,17,31,1
1060000413,1999,1990s,758,332,241,63,46,47,3
1060000414,1999,1990s,256,129,80,14,12,20,2
1060000415,1999,1990s,287,150,113,25,23,28,1
1060000416,1999,1990s,242,114,75,15,11,25,1
1060000417,1999,1990s,265,130,84,18,16,27,1
1060000418,1999,1990s,220,124,94,15,15,12,4
1060000419,1999,1990s,243,131,94,18,16,24,1
1060000420,1999,1990s,287,145,99,20,19,19,1
1060000421,1999,1990s,285,160,115,29,22,17,1
1060000422,1999,1990s,305,136,84,30,16,17,1
1060000423,1999,1990s,239,134,91,18,16,18,1
1060000424,1999,1990s,481,204,127,29,22,48,1
1060000425,1999,1990s,342,153,103,35,28,9,1
1060000426,1999,1990s,1106,367,220,76,53,108,5
1060000432,1999,1990s,57,38,30,3,3,3,1
1060000437,1999,1990s,63,39,26,1,1,8,1
1060000438,1999,1990s,70,38,25,2,2,3,1
1060000441,1999,1990s,50,36,28,4,4,1,1
1060000443,1999,1990s,55,42,34,3,3,4,1
1060000451,1999,1990s,63,41,31,4,4,4,1
1060000460,1999,1990s,55,40,31,3,3,2,1
1060000461,1999,1990s,86,52,37,2,2,3,2
1060000463,1999,1990s,63,40,27,1,1,9,1
1060000465,1999,1990s,100,54,38,5,5,12,1
1060000489,1999,1990s,508,229,158,41,36,46,2
1060000490,1999,1990s,307,156,116,24,19,11,2
1060000491,1999,1990s,86,58,40,2,1,8,1
1060000493,1999,1990s,74,46,29,1,1,4,1
1060000499,1999,1990s,109,59,40,6,4,1,1
1060000500,1999,1990s,362,120,76,19,10,12,2
1070000002,2001,2000s,438,179,111,25,19,55,5
1070000005,2001,2000s,52,38,33,3,3,3,1
1070000007,2001,2000s,53,40,32,5,5,6,1
1070000008,2001,2000s,83,49,33,5,5,7,1
1070000039,2001,2000s,65,41,30,3,3,7,1
1070000046,2001,2000s,54,31,23,3,3,1,1
1070000067,2001,2000s,581,180,103,28,20,38,1
1070000077,2001,2000s,1370,466,290,118,79,138,7
1070000078,2001,2000s,380,168,121,17,16,53,3
1070000079,2001,2000s,129,77,53,13,12,9,1
1070000087,2001,2000s,147,81,57,17,12,11,1
1070000089,2001,2000s,257,123,80,22,20,10,2
1070000094,2001,2000s,495,237,172,56,45,24,2
1070000095,2001,2000s,215,111,75,17,15,24,2
1070000096,2001,2000s,95,51,35,3,3,3,1
1070000097,2001,2000s,91,56,40,5,4,3,2
1070000098,2001,2000s,496,196,117,36,29,28,1
1070000101,2001,2000s,119,65,46,6,6,7,1
1070000103,2001,2000s,90,52,44,7,4,2,1
1070000106,2001,2000s,110,64,47,8,8,2,1
1070000108,2001,2000s,50,33,27,2,2,0,1
1070000109,2001,2000s,61,34,20,3,2,3,1
1070000110,2001,2000s,149,61,41,4,2,5,1
1070000111,2001,2000s,315,144,103,19,17,29,4
1070000112,2001,2000s,2268,581,314,183,89,255,13
1070000113,2001,2000s,84,57,49,6,6,8,1
1070000115,2001,2000s,122,70,54,6,6,10,1
1070000127,2001,2000s,100,58,44,7,7,8,1
1070000130,2001,2000s,66,38,25,2,2,6,1
1070000133,2001,2000s,79,41,25,7,6,4,1
1070000137,2001,2000s,55,38,26,3,3,2,1
1070000140,2001,2000s,1727,530,328,128,80,87,2
1070000141,2001,2000s,303,167,118,23,18,21,1
1070000143,2001,2000s,168,91,65,14,11,13,1
1070000144,2001,2000s,79,55,39,3,3,6,1
1070000147,2001,2000s,820,243,132,40,28,85,3
1070000149,2001,2000s,97,56,39,2,2,8,2
1070000152,2001,2000s,126,74,49,8,5,10,1
1070000164,2001,2000s,478,185,118,31,26,47,5
1070000166,2001,2000s,69,46,34,5,5,7,1
1070000174,2001,2000s,147,78,51,11,10,13,1
1070000176,2001,2000s,484,169,92,19,13,66,3
1070000179,2001,2000s,560,210,123,46,28,68,4
1070000181,2001,2000s,358,140,92,25,11,10,1
1070000183,2001,2000s,219,116,74,16,15,15,2
1070000185,2001,2000s,197,111,78,17,13,8,1
1070000187,2001,2000s,513,171,82,35,20,58,5
1070000189,2001,2000s,196,104,70,14,10,17,2
1070000191,2001,2000s,194,102,68,14,12,20,2
1070000192,2001,2000s,54,42,36,2,2,3,1
1070000193,2001,2000s,475,176,109,24,16,56,6
1070000194,2001,2000s,381,171,113,24,13,44,2
1070000212,2001,2000s,54,35,30,5,5,1,1
1070000224,2001,2000s,240,88,46,8,7,9,1
1070000227,2001,2000s,202,108,75,19,18,11,1
1070000228,2001,2000s,240,111,69,7,6,13,1
1070000229,2001,2000s,290,117,65,9,7,20,1
1070000230,2001,2000s,271,121,72,19,12,15,1
1070000231,2001,2000s,228,104,71,12,12,25,1
1070000232,2001,2000s,275,117,73,17,12,12,1
1070000233,2001,2000s,476,172,95,31,19,28,2
1070000234,2001,2000s,235,111,83,16,13,18,1
1070000235,2001,2000s,110,72,60,4,4,7,1
1070000236,2001,2000s,327,155,115,20,17,22,1
1070000237,2001,2000s,176,93,70,7,7,11,1
1070000238,2001,2000s,120,68,51,9,7,9,1
1070000240,2001,2000s,171,102,78,12,10,18,1
1070000241,2001,2000s,195,109,88,15,14,9,1
1070000244,2001,2000s,701,252,154,56,28,71,1
1070000248,2001,2000s,227,113,73,18,12,13,1
1070000249,2001,2000s,493,237,159,50,37,46,2
1070000250,2001,2000s,214,101,59,13,11,18,1
1070000251,2001,2000s,557,244,165,54,34,41,1
1070000252,2001,2000s,846,306,186,72,49,69,1
1070000253,2001,2000s,457,213,147,24,23,35,1
1070000254,2001,2000s,187,91,58,15,13,18,1
1070000255,2001,2000s,333,163,114,35,27,16,1
1070000256,2001,2000s,230,129,94,19,16,22,1
1070000257,2001,2000s,971,400,259,121,78,71,1
1070000258,2001,2000s,1102,401,243,117,71,104,2
1070000259,2001,2000s,236,130,90,26,23,17,1
1070000260,2001,2000s,300,138,89,30,16,18,1
1070000261,2001,2000s,272,138,100,41,20,19,1
1070000262,2001,2000s,277,147,111,20,17,19,3
1070000263,2001,2000s,472,209,135,57,35,40,2
1070000264,2001,2000s,393,184,128,37,22,26,2
1070000265,2001,2000s,219,124,87,17,15,15,1
1070000266,2001,2000s,784,296,184,84,52,55,2
1070000267,2001,2000s,298,144,91,25,20,32,1
1070000268,2001,2000s,426,185,111,39,29,28,1
1070000269,2001,2000s,271,154,103,38,21,26,1
1070000270,2001,2000s,857,359,241,102,76,75,3
1070000271,2001,2000s,1411,444,257,170,77,94,2
1070000272,2001,2000s,242,114,75,15,11,25,1
1070000273,2001,2000s,332,168,124,18,18,35,1
1070000274,2001,2000s,128,79,59,10,9,11,1
1070000275,2001,2000s,555,269,190,33,29,41,2
1070000276,2001,2000s,368,149,97,21,14,21,1
1070000278,2001,2000s,878,346,226,84,55,74,2
1070000279,2001,2000s,281,143,105,26,23,17,1
1070000280,2001,2000s,376,172,109,15,14,17,1
1070000281,2001,2000s,451,218,153,26,23,23,1
1070000282,2001,2000s,374,198,136,30,25,24,1
1070000283,2001,2000s,760,288,169,61,38,63,2
1070000285,2001,2000s,179,95,70,15,14,9,2
1070000286,2001,2000s,468,242,183,40,34,29,1
1070000287,2001,2000s,280,126,76,24,15,19,1
1070000288,2001,2000s,413,209,162,35,29,31,2
1070000298,2001,2000s,584,258,172,37,32,48,8
1070000299,2001,2000s,1171,395,240,85,56,117,13
1070000300,2001,2000s,779,295,165,50,35,84,8
1070000302,2001,2000s,128,74,49,10,8,16,1
1070000303,2001,2000s,91,53,36,4,4,11,1
1070000304,2001,2000s,92,66,50,7,7,10,2
1070000306,2001,2000s,109,63,44,4,4,6,1
1070000309,2001,2000s,81,44,27,5,4,12,1
1070000311,2001,2000s,188,107,72,9,8,20,3
1070000312,2001,2000s,82,59,43,8,7,12,1
1070000313,2001,2000s,112,68,46,7,6,12,2
1070000319,2001,2000s,955,329,196,58,41,105,15
1070000323,2001,2000s,2850,597,320,193,94,299,8
1070000327,2001,2000s,283,126,70,26,15,16,3
1070000331,2001,2000s,177,84,51,7,7,18,3
1070000332,2001,2000s,803,367,271,63,47,43,2
1070000333,2001,2000s,197,103,68,7,6,18,1
1070000334,2001,2000s,388,192,133,29,26,27,2
1070000335,2001,2000s,479,221,153,42,31,21,1
1070000342,2001,2000s,71,52,42,1,1,6,1
1070000350,2001,2000s,162,89,58,12,11,15,2
1070000360,2001,2000s,635,222,130,34,26,59,4
1070000363,2001,2000s,455,159,89,14,13,72,1
1070000367,2001,2000s,634,212,114,34,23,83,3
1070000368,2001,2000s,166,85,57,10,9,18,5
1070000370,2001,2000s,1491,420,236,119,68,178,13
1070000372,2001,2000s,105,68,53,1,1,9,2
1070000381,2001,2000s,139,73,44,2,2,21,2
1070000386,2001,2000s,917,340,194,66,47,102,7
1070000388,2001,2000s,1414,382,214,67,47,189,13
1070000390,2001,2000s,971,289,160,58,36,122,14
1070000394,2001,2000s,602,221,130,38,21,57,5
1070000398,2001,2000s,51,33,25,2,2,2,2
1070000409,2001,2000s,107,49,35,3,2,4,2
1070000412,2001,2000s,1147,332,181,59,37,134,1
1070000413,2001,2000s,695,224,132,23,21,88,5
1070000415,2001,2000s,1118,325,177,61,38,143,11
1070000422,2001,2000s,1497,400,233,88,60,192,21
1070000424,2001,2000s,695,267,178,39,30,76,4
1070000428,2001,2000s,120,77,57,3,3,17,2
1070000430,2001,2000s,702,260,157,33,24,68,9
1070000434,2001,2000s,254,130,91,13,11,25,1
1070000436,2001,2000s,256,111,70,7,7,44,3
1070000438,2001,2000s,421,177,105,29,17,41,3
1070000442,2001,2000s,441,166,87,22,15,56,4
1070000444,2001,2000s,267,131,91,19,15,33,3
1070000446,2001,2000s,583,226,134,36,26,56,3
1070000447,2001,2000s,960,285,162,53,37,99,6
1070000448,2001,2000s,591,183,93,43,21,31,1
1070000452,2001,2000s,415,153,86,26,15,58,6
1070000457,2001,2000s,1309,342,182,74,49,142,7
1070000459,2001,2000s,263,121,78,19,14,35,2
1070000461,2001,2000s,768,337,238,55,49,50,2
1070000464,2001,2000s,106,67,47,11,9,9,1
1070000465,2001,2000s,895,314,195,78,39,60,1
1070000466,2001,2000s,342,190,137,46,36,18,1
1070000468,2001,2000s,388,186,121,54,33,24,1
1070000469,2001,2000s,328,177,127,25,22,28,1
1070000470,2001,2000s,338,162,109,19,18,31,4
1070000473,2001,2000s,89,51,27,7,6,6,1
1070000475,2001,2000s,89,49,31,3,2,7,1
1070000479,2001,2000s,85,43,30,4,3,3,1
1070000486,2001,2000s,146,86,62,12,10,11,2
1070000487,2001,2000s,192,94,55,11,8,20,1
1070000488,2001,2000s,151,84,58,13,10,17,2
1070000489,2001,2000s,220,117,86,13,13,22,1
1070000490,2001,2000s,152,104,84,14,11,10,1
1070000491,2001,2000s,178,97,68,16,13,17,1
1070000492,2001,2000s,130,88,68,9,9,13,1
1070000493,2001,2000s,126,78,54,16,16,13,1
1070000494,2001,2000s,187,86,54,8,7,17,1
1070000495,2001,2000s,128,82,62,11,10,9,1
1070000498,2001,2000s,136,62,35,6,5,4,1
1080000002,2003,2000s,110,64,50,5,5,4,1
1080000006,2003,2000s,92,53,46,8,4,2,1
1080000008,2003,2000s,124,76,60,10,9,5,1
1080000010,2003,2000s,70,43,35,6,5,0,1
1080000011,2003,2000s,134,63,33,4,2,7,1
1080000012,2003,2000s,148,59,41,6,3,6,1
1080000013,2003,2000s,901,339,221,60,44,95,3
1080000014,2003,2000s,2211,625,348,173,93,251,12
1080000015,2003,2000s,84,57,49,6,6,8,1
1080000017,2003,2000s,123,70,54,6,6,10,1
1080000029,2003,2000s,105,64,52,6,6,9,1
1080000033,2003,2000s,67,42,32,2,2,5,2
1080000037,2003,2000s,57,39,27,3,3,3,1
1080000040,2003,2000s,1593,510,326,133,88,87,5
1080000041,2003,2000s,2470,634,354,184,103,229,4
1080000042,2003,2000s,152,84,56,7,7,18,1
1080000044,2003,2000s,452,208,131,34,22,41,1
1080000046,2003,2000s,367,162,115,17,12,24,3
1080000049,2003,2000s,127,72,49,6,5,14,3
1080000051,2003,2000s,380,169,113,27,22,43,1
1080000053,2003,2000s,576,208,125,21,16,66,4
1080000055,2003,2000s,304,125,71,27,18,29,1
1080000059,2003,2000s,309,162,111,25,19,32,2
1080000061,2003,2000s,1511,411,212,84,58,164,11
1080000062,2003,2000s,886,313,177,55,39,86,2
1080000063,2003,2000s,377,150,98,26,21,40,1
1080000069,2003,2000s,62,41,31,2,2,5,1
1080000079,2003,2000s,99,94,89,3,3,0,2
1080000085,2003,2000s,184,102,72,16,15,10,1
1080000086,2003,2000s,240,112,69,7,6,13,1
1080000087,2003,2000s,290,127,76,11,10,20,1
1080000088,2003,2000s,269,126,80,19,12,17,2
1080000089,2003,2000s,275,118,74,16,11,12,1
1080000090,2003,2000s,234,112,84,15,12,21,1
1080000091,2003,2000s,110,75,62,5,5,8,2
1080000092,2003,2000s,328,160,121,21,18,20,1
1080000093,2003,2000s,311,150,109,19,16,21,1
1080000094,2003,2000s,55,35,24,3,3,7,1
1080000096,2003,2000s,288,101,52,12,8,15,1
1080000099,2003,2000s,75,47,33,3,3,5,1
1080000100,2003,2000s,244,153,122,26,22,12,1
1080000101,2003,2000s,136,83,62,13,13,9,2
1080000102,2003,2000s,156,87,60,13,10,18,2
1080000103,2003,2000s,191,105,73,21,19,16,2
1080000104,2003,2000s,150,88,62,8,7,8,3
1080000105,2003,2000s,119,72,48,8,8,10,2
1080000108,2003,2000s,487,239,163,40,32,43,1
1080000109,2003,2000s,153,98,78,16,16,9,1
1080000112,2003,2000s,567,261,176,86,52,36,1
1080000115,2003,2000s,371,196,138,40,31,24,1
1080000117,2003,2000s,839,299,174,50,36,87,5
1080000119,2003,2000s,398,187,135,27,24,27,3
1080000123,2003,2000s,764,257,150,44,34,62,6
1080000124,2003,2000s,53,37,26,2,2,3,3
1080000125,2003,2000s,425,199,141,31,28,30,1
1080000127,2003,2000s,473,184,101,25,17,46,4
1080000128,2003,2000s,123,72,51,9,7,9,1
1080000129,2003,2000s,492,199,123,28,25,49,4
1080000133,2003,2000s,846,393,294,70,59,52,1
1080000135,2003,2000s,454,216,146,22,20,30,4
1080000136,2003,2000s,163,97,69,7,6,12,3
1080000137,2003,2000s,210,108,71,16,13,22,2
1080000138,2003,2000s,384,184,130,27,23,38,3
1080000139,2003,2000s,72,50,36,4,4,7,1
1080000140,2003,2000s,869,293,168,54,38,88,6
1080000141,2003,2000s,478,184,118,30,22,43,6
1080000142,2003,2000s,364,181,134,29,24,31,2
1080000143,2003,2000s,184,104,77,7,6,20,1
1080000145,2003,2000s,3275,712,383,244,109,334,10
1080000146,2003,2000s,1156,359,203,92,51,108,7
1080000147,2003,2000s,282,147,99,16,14,32,2
1080000148,2003,2000s,1514,410,217,72,52,150,7
1080000150,2003,2000s,268,139,89,23,18,26,2
1080000151,2003,2000s,149,76,50,12,8,23,1
1080000152,2003,2000s,744,282,175,50,36,58,5
1080000153,2003,2000s,56,40,31,4,4,8,2
1080000156,2003,2000s,224,128,94,15,13,24,2
1080000160,2003,2000s,125,75,56,8,8,9,2
1080000161,2003,2000s,158,73,45,10,8,13,2
1080000162,2003,2000s,58,45,37,6,5,7,1
1080000164,2003,2000s,148,80,58,9,8,19,4
1080000165,2003,2000s,207,100,60,12,9,22,1
1080000166,2003,2000s,295,134,79,14,12,27,1
1080000167,2003,2000s,177,96,67,7,6,21,1
1080000169,2003,2000s,111,74,55,3,3,13,1
1080000170,2003,2000s,233,114,74,10,9,32,6
1080000172,2003,2000s,4778,850,420,287,129,539,29
1080000174,2003,2000s,66,50,40,4,4,3,1
1080000175,2003,2000s,59,53,50,4,4,2,1
1080000180,2003,2000s,64,42,33,1,1,1,1
1080000185,2003,2000s,109,54,33,4,4,7,1
1080000212,2003,2000s,68,44,33,4,4,7,1
1080000223,2003,2000s,69,33,19,4,2,0,1
1080000270,2003,2000s,58,42,34,4,4,4,1
1080000275,2003,2000s,61,44,36,5,5,3,1
1080000284,2003,2000s,344,178,134,22,22,37,3
1080000286,2003,2000s,313,152,105,22,12,33,2
1080000288,2003,2000s,50,39,33,2,2,3,1
1080000291,2003,2000s,64,51,42,6,6,2,2
1080000294,2003,2000s,119,79,56,9,8,8,1
1080000296,2003,2000s,122,84,61,8,6,12,2
1080000298,2003,2000s,190,100,62,7,7,22,3
1080000300,2003,2000s,109,74,55,3,3,14,1
1080000302,2003,2000s,148,86,60,8,7,22,2
1080000304,2003,2000s,264,106,55,5,5,45,1
1080000306,2003,2000s,182,108,73,15,10,18,2
1080000308,2003,2000s,280,104,45,16,10,33,1
1080000310,2003,2000s,426,184,119,25,18,61,1
1080000311,2003,2000s,498,227,144,34,24,57,2
1080000312,2003,2000s,960,317,173,70,46,110,3
1080000313,2003,2000s,436,189,114,33,23,41,2
1080000314,2003,2000s,626,216,117,44,28,69,2
1080000316,2003,2000s,201,104,67,9,8,31,2
1080000321,2003,2000s,408,224,168,33,25,42,8
1080000322,2003,2000s,416,156,88,22,14,56,8
1080000324,2003,2000s,177,87,52,9,9,26,1
1080000326,2003,2000s,270,119,73,12,9,39,1
1080000329,2003,2000s,240,106,60,7,7,27,5
1080000334,2003,2000s,531,198,117,33,24,70,4
1080000336,2003,2000s,58,42,32,5,5,7,1
1080000339,2003,2000s,238,98,52,18,14,31,2
1080000341,2003,2000s,196,105,67,13,10,20,1
1080000363,2003,2000s,108,63,41,5,4,15,2
1080000370,2003,2000s,77,52,41,3,3,8,2
1080000375,2003,2000s,189,105,69,10,9,27,2
1080000377,2003,2000s,112,60,40,7,7,13,1
1080000379,2003,2000s,825,275,164,45,42,119,5
1080000381,2003,2000s,658,204,103,38,27,100,5
1080000383,2003,2000s,874,256,143,52,26,117,1
1080000387,2003,2000s,954,332,191,57,42,126,3
1080000400,2003,2000s,1255,384,223,74,48,133,8
1080000402,2003,2000s,944,322,193,52,38,123,10
1080000404,2003,2000s,1349,367,197,86,53,164,8
1080000406,2003,2000s,941,320,182,59,35,115,5
1080000409,2003,2000s,828,340,220,54,44,65,5
1080000413,2003,2000s,2427,482,217,175,77,353,11
1080000417,2003,2000s,2300,559,321,132,86,293,10
1080000430,2003,2000s,976,282,144,67,34,90,8
1080000440,2003,2000s,215,83,49,8,8,36,1
1080000441,2003,2000s,284,134,85,18,17,26,3
1080000445,2003,2000s,114,61,35,8,8,5,1
1080000446,2003,2000s,302,161,114,26,22,19,1
1080000447,2003,2000s,210,120,85,19,19,12,2
1080000448,2003,2000s,456,219,152,44,31,28,1
1080000449,2003,2000s,566,245,167,39,29,42,1
1080000450,2003,2000s,530,234,153,34,30,46,3
1080000453,2003,2000s,83,62,53,5,5,5,1
1080000455,2003,2000s,66,46,38,2,2,1,2
1080000457,2003,2000s,1558,546,341,150,90,153,3
1080000458,2003,2000s,742,290,186,55,44,74,2
1080000459,2003,2000s,1076,462,320,70,52,80,9
1080000460,2003,2000s,328,191,150,23,23,21,1
1080000461,2003,2000s,734,286,165,59,36,56,1
1080000462,2003,2000s,519,220,136,43,31,47,3
1080000463,2003,2000s,933,287,169,69,38,77,1
1080000464,2003,2000s,681,257,158,65,36,44,2
1080000465,2003,2000s,1981,666,414,159,106,195,15
1080000466,2003,2000s,890,310,183,95,50,51,2
1080000467,2003,2000s,395,179,118,19,17,33,2
1080000468,2003,2000s,921,326,200,76,51,59,1
1080000469,2003,2000s,696,260,167,63,31,69,1
1080000470,2003,2000s,755,328,219,78,62,56,1
1080000471,2003,2000s,673,250,160,45,29,73,2
1080000472,2003,2000s,2237,668,372,213,104,188,2
1080000473,2003,2000s,512,254,186,38,28,47,1
1080000475,2003,2000s,950,381,242,88,51,81,1
1080000476,2003,2000s,140,84,58,8,8,9,2
1080000477,2003,2000s,434,196,134,37,22,23,2
1080000478,2003,2000s,217,133,98,22,19,19,3
1080000479,2003,2000s,113,80,64,10,10,11,1
1080000480,2003,2000s,313,163,121,41,29,12,2
1080000481,2003,2000s,163,102,79,26,19,9,1
1080000482,2003,2000s,355,178,128,35,28,21,2
1080000483,2003,2000s,205,101,65,23,10,13,2
1080000484,2003,2000s,331,186,144,49,32,21,2
1080000485,2003,2000s,65,55,47,5,5,4,1
1080000486,2003,2000s,50,42,35,2,2,3,1
1080000487,2003,2000s,1098,354,206,80,46,47,3
1080000488,2003,2000s,85,58,43,2,2,9,1
1080000495,2003,2000s,70,49,37,4,4,6,1
1090000002,2005,2000s,88,68,55,7,7,4,1
1090000004,2005,2000s,69,39,27,3,3,4,1
1090000031,2005,2000s,316,229,200,17,16,11,4
1090000032,2005,2000s,50,38,32,1,1,4,1
1090000033,2005,2000s,223,131,98,18,17,25,3
1090000035,2005,2000s,960,306,178,68,43,124,4
1090000039,2005,2000s,71,43,29,3,3,9,1
1090000055,2005,2000s,279,109,72,9,7,13,1
1090000062,2005,2000s,116,55,29,10,5,6,1
1090000065,2005,2000s,70,42,30,4,3,5,1
1090000066,2005,2000s,560,168,93,26,16,37,1
1090000070,2005,2000s,954,348,219,93,61,58,1
1090000071,2005,2000s,1180,474,313,78,58,90,3
1090000073,2005,2000s,1149,380,241,72,48,148,3
1090000074,2005,2000s,381,210,157,46,41,25,1
1090000075,2005,2000s,310,167,125,21,19,34,2
1090000076,2005,2000s,1025,403,261,70,61,84,1
1090000077,2005,2000s,599,290,214,32,26,56,4
1090000079,2005,2000s,60,44,36,6,6,4,1
1090000084,2005,2000s,57,46,37,3,3,6,1
1090000085,2005,2000s,834,310,203,59,37,98,4
1090000089,2005,2000s,1121,353,201,77,50,100,7
1090000095,2005,2000s,3314,868,493,275,154,296,18
1090000097,2005,2000s,726,277,163,52,33,90,4
1090000098,2005,2000s,3360,682,324,242,112,407,10
1090000102,2005,2000s,59,47,38,2,2,5,1
1090000103,2005,2000s,3363,956,587,303,174,339,13
1090000105,2005,2000s,1176,470,323,105,69,107,1
1090000111,2005,2000s,333,176,130,30,27,21,2
1090000115,2005,2000s,1137,430,291,79,59,111,6
1090000116,2005,2000s,239,129,89,11,10,7,1
1090000117,2005,2000s,665,293,189,38,30,73,3
1090000118,2005,2000s,246,142,108,24,23,13,4
1090000119,2005,2000s,271,152,109,33,24,16,1
1090000120,2005,2000s,1325,449,265,104,66,117,7
1090000121,2005,2000s,855,327,189,88,53,77,2
1090000122,2005,2000s,366,157,94,32,17,27,1
1090000123,2005,2000s,236,130,93,12,12,13,1
1090000126,2005,2000s,69,50,36,2,1,6,1
1090000128,2005,2000s,249,131,93,15,12,23,2
1090000131,2005,2000s,122,66,47,7,7,7,1
1090000133,2005,2000s,84,50,43,6,2,2,1
1090000134,2005,2000s,88,51,37,7,7,3,1
1090000135,2005,2000s,122,80,65,8,8,4,1
1090000136,2005,2000s,252,109,63,8,6,7,3
1090000139,2005,2000s,328,160,129,7,5,8,5
1090000140,2005,2000s,1450,447,263,88,61,136,8
1090000141,2005,2000s,2283,655,363,168,96,240,7
1090000142,2005,2000s,84,57,49,6,6,8,1
1090000143,2005,2000s,123,70,54,6,6,10,1
1090000155,2005,2000s,101,61,50,6,6,7,1
1090000159,2005,2000s,66,39,27,2,2,6,1
1090000166,2005,2000s,374,173,119,16,12,29,7
1090000167,2005,2000s,49,41,36,2,2,2,1
1090000168,2005,2000s,552,237,163,36,29,59,7
1090000169,2005,2000s,93,70,58,5,5,5,3
1090000171,2005,2000s,197,98,56,7,5,24,1
1090000172,2005,2000s,234,84,45,9,7,15,2
1090000175,2005,2000s,86,56,47,6,6,7,1
1090000181,2005,2000s,86,56,47,6,6,7,1
1090000184,2005,2000s,876,356,243,62,50,77,2
1090000186,2005,2000s,208,117,89,11,11,16,1
1090000187,2005,2000s,1289,446,296,92,62,136,2
1090000188,2005,2000s,86,55,39,5,5,10,1
1090000189,2005,2000s,226,113,81,21,18,20,2
1090000191,2005,2000s,834,308,189,52,30,87,1
1090000192,2005,2000s,65,48,39,4,4,5,1
1090000193,2005,2000s,918,259,139,57,32,116,5
1090000196,2005,2000s,242,119,80,18,16,29,1
1090000197,2005,2000s,217,102,66,16,13,25,3
1090000199,2005,2000s,1957,360,92,138,55,180,6
1090000201,2005,2000s,485,188,113,47,30,52,1
1090000203,2005,2000s,394,140,80,32,19,44,1
1090000205,2005,2000s,1125,415,260,91,57,97,2
1090000207,2005,2000s,198,108,72,15,13,21,1
1090000209,2005,2000s,340,163,111,28,20,32,3
1090000211,2005,2000s,204,90,61,15,12,20,1
1090000213,2005,2000s,115,58,34,3,2,14,1
1090000216,2005,2000s,146,85,60,9,8,17,1
1090000224,2005,2000s,1831,431,220,123,62,190,6
1090000227,2005,2000s,598,256,175,43,38,62,3
1090000228,2005,2000s,129,76,57,7,4,10,1
1090000230,2005,2000s,109,65,47,5,5,10,1
1090000232,2005,2000s,76,47,33,3,2,5,1
1090000233,2005,2000s,51,37,32,3,3,2,1
1090000237,2005,2000s,1861,543,342,119,68,170,5
1090000238,2005,2000s,445,190,130,20,18,36,1
1090000239,2005,2000s,287,140,91,22,17,35,1
1090000241,2005,2000s,862,295,170,60,39,66,1
1090000242,2005,2000s,497,234,158,53,45,38,1
1090000243,2005,2000s,613,245,166,50,31,62,2
1090000244,2005,2000s,1659,519,309,133,89,144,1
1090000279,2005,2000s,130,76,56,10,10,8,1
1090000280,2005,2000s,349,137,80,9,7,24,1
1090000281,2005,2000s,274,121,72,19,12,17,1
1090000282,2005,2000s,238,104,67,12,12,27,1
1090000283,2005,2000s,198,99,65,15,13,8,1
1090000284,2005,2000s,101,60,43,7,6,4,1
1090000285,2005,2000s,407,160,89,22,14,20,2
1090000286,2005,2000s,358,152,102,17,14,28,1
1090000287,2005,2000s,330,154,111,19,16,24,1
1090000288,2005,2000s,172,98,75,7,7,11,2
1090000289,2005,2000s,131,72,50,7,5,9,1
1090000290,2005,2000s,120,71,49,9,8,4,1
1090000293,2005,2000s,55,34,23,3,3,7,1
1090000298,2005,2000s,1401,387,175,148,64,106,1
1090000306,2005,2000s,333,105,54,14,8,14,1
1090000315,2005,2000s,361,188,134,38,34,21,1
1090000316,2005,2000s,584,255,171,61,46,48,5
1090000318,2005,2000s,227,125,95,25,22,19,1
1090000322,2005,2000s,434,158,88,29,22,54,3
1090000324,2005,2000s,634,239,146,37,29,67,4
1090000326,2005,2000s,804,288,173,47,34,78,2
1090000328,2005,2000s,577,218,127,34,26,67,5
1090000330,2005,2000s,401,187,134,30,24,30,1
1090000332,2005,2000s,192,100,61,12,11,21,2
1090000334,2005,2000s,422,216,162,25,25,33,1
1090000336,2005,2000s,427,183,124,17,16,38,4
1090000337,2005,2000s,52,36,24,6,4,4,1
1090000338,2005,2000s,660,264,168,59,49,54,1
1090000340,2005,2000s,319,153,108,20,17,21,1
1090000341,2005,2000s,129,80,59,14,11,9,1
1090000343,2005,2000s,527,209,140,30,25,40,4
1090000344,2005,2000s,161,92,69,9,9,8,1
1090000345,2005,2000s,458,213,132,43,32,39,3
1090000346,2005,2000s,698,340,238,67,57,54,1
1090000347,2005,2000s,425,237,179,38,33,35,1
1090000348,2005,2000s,253,137,98,19,16,19,1
1090000349,2005,2000s,446,234,174,40,35,30,1
1090000350,2005,2000s,400,208,153,30,26,43,1
1090000351,2005,2000s,539,235,153,44,35,43,1
1090000352,2005,2000s,300,163,117,25,23,27,1
1090000353,2005,2000s,188,109,82,21,19,14,1
1090000354,2005,2000s,177,116,93,21,20,15,1
1090000355,2005,2000s,389,187,123,29,27,24,1
1090000364,2005,2000s,723,289,186,44,36,52,7
1090000365,2005,2000s,183,93,52,7,6,20,1
1090000367,2005,2000s,264,147,106,28,23,22,1
1090000369,2005,2000s,313,156,105,34,25,26,2
1090000371,2005,2000s,413,211,152,42,35,25,2
1090000373,2005,2000s,405,183,119,33,28,23,3
1090000375,2005,2000s,592,254,169,44,33,54,3
1090000378,2005,2000s,565,207,124,31,21,59,3
1090000380,2005,2000s,240,149,122,23,22,13,1
1090000382,2005,2000s,693,234,133,33,28,76,5
1090000384,2005,2000s,480,216,153,38,30,35,2
1090000386,2005,2000s,435,200,134,33,28,45,3
1090000388,2005,2000s,391,194,143,34,29,31,3
1090000389,2005,2000s,67,44,35,2,2,8,1
1090000390,2005,2000s,534,222,135,31,24,59,4
1090000391,2005,2000s,76,51,39,8,8,5,1
1090000393,2005,2000s,735,309,204,66,46,57,5
1090000397,2005,2000s,515,224,149,38,29,46,1
1090000399,2005,2000s,674,252,159,42,33,69,6
1090000401,2005,2000s,53,43,36,3,3,4,1
1090000403,2005,2000s,224,106,65,13,10,18,10
1090000405,2005,2000s,434,208,152,52,41,35,3
1090000407,2005,2000s,886,320,195,71,48,89,7
1090000409,2005,2000s,296,147,100,32,26,20,2
1090000411,2005,2000s,486,188,110,29,21,49,3
1090000413,2005,2000s,74,46,33,2,2,8,1
1090000414,2005,2000s,784,284,174,54,41,88,8
1090000415,2005,2000s,1208,377,234,66,51,130,10
1090000416,2005,2000s,80,54,40,4,4,10,1
1090000417,2005,2000s,206,122,91,25,21,19,1
1090000418,2005,2000s,162,97,74,11,11,9,2
1090000419,2005,2000s,377,211,163,42,35,27,1
1090000420,2005,2000s,284,177,136,36,29,22,1
1090000421,2005,2000s,287,155,116,34,28,13,2
1090000422,2005,2000s,551,266,189,45,35,57,3
1090000423,2005,2000s,199,121,97,21,20,21,3
1090000424,2005,2000s,101,68,54,8,8,9,3
1090000425,2005,2000s,304,159,110,28,23,28,1
1090000426,2005,2000s,334,175,126,29,25,21,1
1090000427,2005,2000s,249,134,94,21,15,20,2
1090000428,2005,2000s,255,139,101,21,14,19,2
1090000429,2005,2000s,330,172,125,34,25,27,1
1090000430,2005,2000s,371,188,131,29,26,26,3
1090000431,2005,2000s,401,230,175,42,36,25,1
1090000432,2005,2000s,389,183,127,34,24,29,1
1090000433,2005,2000s,204,116,81,16,16,14,2
1090000434,2005,2000s,347,200,153,32,25,17,2
1090000435,2005,2000s,234,137,100,21,17,14,1
1090000436,2005,2000s,700,296,205,72,53,44,1
1090000437,2005,2000s,285,161,122,22,21,18,2
1090000438,2005,2000s,232,129,96,23,21,14,1
1090000439,2005,2000s,327,187,147,30,27,24,4
1090000440,2005,2000s,110,65,44,10,9,4,2
1090000441,2005,2000s,295,155,115,16,15,18,3
1090000442,2005,2000s,162,96,71,14,14,16,1
1090000449,2005,2000s,71,53,42,4,4,6,1
1090000470,2005,2000s,52,42,37,2,2,2,1
1090000471,2005,2000s,1235,472,324,94,64,94,6
1090000472,2005,2000s,2291,526,271,149,85,257,14
1090000473,2005,2000s,846,353,226,65,49,53,2
1090000474,2005,2000s,207,106,59,11,10,23,4
1090000479,2005,2000s,260,127,90,12,11,14,1
1090000480,2005,2000s,231,108,64,18,11,14,1
1090000481,2005,2000s,522,217,133,67,34,42,1
1090000482,2005,2000s,418,192,123,30,19,43,1
1090000483,2005,2000s,264,140,103,17,16,22,1
1090000484,2005,2000s,273,156,111,16,16,13,1
1090000485,2005,2000s,454,207,146,47,35,22,2
1090000486,2005,2000s,1478,475,288,172,74,108,2
1090000487,2005,2000s,367,153,97,29,21,39,2
1090000488,2005,2000s,155,101,74,5,5,12,1
1090000489,2005,2000s,126,79,58,7,7,6,1
1090000490,2005,2000s,430,212,143,43,36,36,3
1090000491,2005,2000s,344,136,80,40,17,28,1
1090000492,2005,2000s,533,240,164,46,34,31,1
1090000493,2005,2000s,120,69,46,11,8,10,1
1090000494,2005,2000s,52,44,38,5,5,4,1
1090000495,2005,2000s,289,137,94,36,22,26,1
1090000496,2005,2000s,191,107,75,16,12,15,1
1090000497,2005,2000s,414,197,140,47,32,29,1
1090000498,2005,2000s,346,159,106,41,30,17,1
1090000499,2005,2000s,101,61,39,6,5,6,1
1090000500,2005,2000s,410,181,125,21,15,27,2
1100000001,2007,2000s,70,39,26,3,3,4,1
1100000034,2007,2000s,73,46,34,3,3,7,1
1100000071,2007,2000s,60,33,19,2,2,1,1
1100000121,2007,2000s,95,60,45,5,4,9,1
1100000122,2007,2000s,616,173,97,36,16,36,3
1100000127,2007,2000s,2112,586,338,146,87,242,16
1100000129,2007,2000s,2068,656,388,160,101,197,11
1100000131,2007,2000s,2972,783,428,245,123,304,15
1100000135,2007,2000s,2487,662,361,190,100,282,8
1100000137,2007,2000s,1517,484,281,110,73,179,11
1100000139,2007,2000s,1351,338,174,79,44,178,8
1100000141,2007,2000s,160,84,48,8,7,15,1
1100000142,2007,2000s,1275,366,209,79,55,156,8
1100000144,2007,2000s,383,168,111,24,19,44,6
1100000145,2007,2000s,68,50,39,5,5,8,1
1100000147,2007,2000s,112,71,54,11,9,14,1
1100000152,2007,2000s,992,347,211,104,68,95,2
1100000154,2007,2000s,1752,447,237,126,71,247,8
1100000158,2007,2000s,395,219,171,30,25,24,1
1100000162,2007,2000s,1224,353,186,82,49,136,2
1100000166,2007,2000s,1414,434,267,98,61,171,9
1100000167,2007,2000s,1415,458,279,127,67,150,4
1100000174,2007,2000s,1079,352,193,100,59,116,1
1100000175,2007,2000s,172,93,65,13,11,20,1
1100000179,2007,2000s,66,43,31,4,4,4,1
1100000180,2007,2000s,360,153,94,26,18,37,1
1100000181,2007,2000s,266,125,81,7,7,32,3
1100000182,2007,2000s,193,110,81,16,14,13,1
1100000183,2007,2000s,1705,468,269,135,65,163,5
1100000195,2007,2000s,1625,418,219,117,66,204,6
1100000196,2007,2000s,166,102,76,10,10,20,1
1100000197,2007,2000s,131,90,70,6,6,11,1
1100000198,2007,2000s,184,105,72,4,4,17,4
1100000199,2007,2000s,291,154,112,24,20,21,1
1100000200,2007,2000s,263,132,92,22,17,11,1
1100000201,2007,2000s,241,126,94,16,16,19,2
1100000202,2007,2000s,544,270,180,33,26,52,2
1100000203,2007,2000s,143,80,54,10,8,8,1
1100000204,2007,2000s,310,147,93,20,17,27,1
1100000205,2007,2000s,517,236,154,40,31,34,3
1100000206,2007,2000s,429,190,128,31,26,23,1
1100000207,2007,2000s,270,150,104,24,22,20,2
1100000209,2007,2000s,642,275,177,52,36,56,1
1100000217,2007,2000s,1086,376,237,93,55,86,8
1100000218,2007,2000s,706,301,204,79,58,43,1
1100000220,2007,2000s,442,187,118,24,21,41,1
1100000221,2007,2000s,1090,388,247,91,59,95,3
1100000222,2007,2000s,1185,425,275,115,78,76,2
1100000223,2007,2000s,462,213,146,53,37,41,2
1100000224,2007,2000s,844,285,155,30,28,92,5
1100000225,2007,2000s,2343,686,377,234,104,200,3
1100000227,2007,2000s,406,198,144,69,41,13,2
1100000228,2007,2000s,353,176,126,36,28,21,1
1100000229,2007,2000s,384,190,132,32,24,36,3
1100000230,2007,2000s,1950,523,302,125,72,134,3
1100000231,2007,2000s,641,273,185,50,37,44,2
1100000232,2007,2000s,331,156,107,33,21,20,2
1100000233,2007,2000s,888,345,202,93,60,63,2
1100000234,2007,2000s,299,144,93,33,21,14,1
1100000236,2007,2000s,213,101,63,34,13,14,1
1100000237,2007,2000s,884,344,202,93,60,65,1
1100000238,2007,2000s,159,97,74,24,18,9,1
1100000239,2007,2000s,234,105,64,32,18,21,1
1100000240,2007,2000s,856,336,216,77,50,76,3
1100000241,2007,2000s,134,84,59,10,9,12,1
1100000242,2007,2000s,215,124,87,20,16,19,1
1100000243,2007,2000s,447,234,170,45,36,35,1
1100000244,2007,2000s,111,63,39,7,5,6,2
1100000245,2007,2000s,113,76,59,9,9,11,1
1100000246,2007,2000s,204,101,66,23,10,12,2
1100000247,2007,2000s,346,171,120,38,29,32,1
1100000248,2007,2000s,1245,421,251,96,62,79,1
1100000249,2007,2000s,1105,400,243,94,55,74,1
1100000250,2007,2000s,412,196,131,29,23,44,1
1100000251,2007,2000s,575,237,163,93,46,30,1
1100000252,2007,2000s,254,128,92,21,14,16,1
1100000253,2007,2000s,796,300,192,68,45,50,1
1100000254,2007,2000s,540,271,196,75,55,31,2
1100000255,2007,2000s,766,278,170,58,34,72,2
1100000256,2007,2000s,1269,393,229,96,52,115,1
1100000257,2007,2000s,248,129,79,22,15,19,2
1100000258,2007,2000s,478,174,104,39,23,31,2
1100000259,2007,2000s,1145,389,222,104,58,101,3
1100000260,2007,2000s,463,164,100,52,31,41,1
1100000261,2007,2000s,645,274,175,68,42,48,1
1100000262,2007,2000s,850,265,154,61,46,66,6
1100000263,2007,2000s,312,123,76,17,11,23,2
1100000264,2007,2000s,217,119,88,29,21,6,1
1100000265,2007,2000s,229,127,89,24,19,11,1
1100000266,2007,2000s,331,184,143,51,33,18,1
1100000267,2007,2000s,166,107,85,18,18,12,1
1100000268,2007,2000s,99,65,48,12,11,9,2
1100000269,2007,2000s,197,108,77,23,19,6,1
1100000270,2007,2000s,116,80,67,15,13,2,1
1100000271,2007,2000s,221,112,67,31,20,7,1
1100000272,2007,2000s,1133,392,222,82,58,114,2
1100000273,2007,2000s,1177,437,272,109,75,84,6
1100000274,2007,2000s,961,345,202,109,51,77,1
1100000275,2007,2000s,181,113,83,15,12,13,1
1100000276,2007,2000s,1876,554,291,151,81,163,4
1100000277,2007,2000s,411,196,139,30,24,32,1
1100000278,2007,2000s,187,104,70,11,10,16,2
1100000279,2007,2000s,104,69,51,6,6,3,1
1100000280,2007,2000s,165,91,68,6,5,9,1
1100000281,2007,2000s,130,80,56,10,10,5,2
1100000282,2007,2000s,125,76,54,11,9,11,1
1100000283,2007,2000s,156,87,58,9,5,13,1
1100000284,2007,2000s,365,165,107,34,24,20,2
1100000285,2007,2000s,366,173,122,40,22,42,1
1100000286,2007,2000s,617,256,164,46,34,42,1
1100000287,2007,2000s,831,325,210,72,46,69,2
1100000288,2007,2000s,114,80,62,16,15,5,1
1100000289,2007,2000s,502,228,153,39,34,45,1
1100000290,2007,2000s,307,157,108,25,19,23,1
1100000292,2007,2000s,205,108,71,20,16,17,2
1100000293,2007,2000s,462,204,140,56,36,34,2
1100000294,2007,2000s,1478,505,291,115,73,136,1
1100000295,2007,2000s,770,328,223,60,47,51,2
1100000296,2007,2000s,349,179,132,36,25,37,1
1100000297,2007,2000s,230,135,99,19,17,23,1
1100000298,2007,2000s,1194,428,272,106,70,95,1
1100000300,2007,2000s,110,67,45,5,5,9,2
1100000302,2007,2000s,237,126,86,15,11,24,1
1100000303,2007,2000s,684,284,187,58,42,74,1
1100000304,2007,2000s,2040,555,320,232,109,166,2
1100000305,2007,2000s,516,245,166,43,35,49,1
1100000306,2007,2000s,1113,377,222,96,56,98,1
1100000307,2007,2000s,567,260,176,56,44,46,1
1100000308,2007,2000s,155,90,64,13,11,22,1
1100000309,2007,2000s,615,286,203,55,41,62,1
1100000310,2007,2000s,460,198,130,54,32,27,1
1100000311,2007,2000s,635,254,154,54,40,55,3
1100000312,2007,2000s,231,115,82,23,16,12,1
1100000313,2007,2000s,120,68,46,12,9,10,1
1100000314,2007,2000s,450,222,163,25,22,37,1
1100000315,2007,2000s,202,113,75,19,14,16,2
1100000316,2007,2000s,518,191,116,33,22,35,1
1100000317,2007,2000s,356,177,127,39,27,34,1
1100000318,2007,2000s,1082,424,281,63,47,85,3
1100000319,2007,2000s,572,246,158,45,36,34,1
1100000320,2007,2000s,250,134,95,21,18,12,1
1100000321,2007,2000s,219,124,88,14,13,15,1
1100000322,2007,2000s,607,265,157,47,33,50,2
1100000323,2007,2000s,506,210,132,35,29,50,5
1100000324,2007,2000s,1508,475,266,96,62,119,1
1100000325,2007,2000s,1402,449,262,117,66,142,2
1100000326,2007,2000s,257,124,87,17,14,21,1
1100000327,2007,2000s,1855,558,326,174,87,149,6
1100000328,2007,2000s,746,252,157,48,31,57,2
1100000330,2007,2000s,1278,483,319,138,85,118,2
1100000331,2007,2000s,693,280,181,67,43,64,2
1100000333,2007,2000s,442,217,150,33,23,33,3
1100000336,2007,2000s,81,61,51,5,5,4,1
1100000337,2007,2000s,176,102,69,10,10,17,3
1100000345,2007,2000s,2553,765,469,190,113,215,17
1100000346,2007,2000s,419,205,144,29,23,27,1
1100000349,2007,2000s,184,101,73,3,3,12,1
1100000351,2007,2000s,164,87,64,13,13,16,3
1100000355,2007,2000s,1201,406,250,77,54,100,9
1100000357,2007,2000s,1741,452,258,106,58,221,7
1100000362,2007,2000s,1363,366,204,107,52,65,1
1100000367,2007,2000s,161,89,62,15,14,8,1
1100000368,2007,2000s,235,116,81,20,13,10,1
1100000370,2007,2000s,213,109,75,11,10,13,1
1100000371,2007,2000s,395,194,135,29,23,47,2
1100000372,2007,2000s,231,126,81,22,17,26,1
1100000373,2007,2000s,209,122,89,15,12,26,1
1100000374,2007,2000s,159,101,74,16,13,10,2
1100000377,2007,2000s,548,223,133,59,40,41,1
1100000378,2007,2000s,361,157,103,10,10,50,6
1100000379,2007,2000s,1082,297,161,42,33,103,4
1100000380,2007,2000s,223,133,99,24,22,18,1
1100000381,2007,2000s,678,243,137,40,28,83,1
1100000382,2007,2000s,420,174,107,20,16,43,5
1100000383,2007,2000s,137,86,66,7,6,16,1
1100000384,2007,2000s,124,76,56,5,5,19,1
1100000387,2007,2000s,172,93,67,10,10,26,1
1100000389,2007,2000s,119,64,41,4,4,14,5
1100000391,2007,2000s,59,43,33,4,4,9,1
1100000393,2007,2000s,955,340,206,60,36,83,1
1100000394,2007,2000s,338,144,86,19,18,38,2
1100000395,2007,2000s,621,232,133,45,31,57,13
1100000397,2007,2000s,420,157,88,22,16,42,1
1100000399,2007,2000s,383,157,97,23,16,48,5
1100000400,2007,2000s,292,128,78,12,9,39,3
1100000401,2007,2000s,52,37,28,5,3,4,1
1100000402,2007,2000s,104,63,45,6,6,9,1
1100000404,2007,2000s,116,64,42,7,7,17,1
1100000405,2007,2000s,63,41,30,2,2,8,1
1100000406,2007,2000s,543,214,140,38,29,54,3
1100000408,2007,2000s,213,130,99,18,15,20,1
1100000413,2007,2000s,291,135,91,14,13,40,2
1100000417,2007,2000s,337,140,87,15,13,44,2
1100000419,2007,2000s,298,128,77,9,9,39,1
1100000420,2007,2000s,117,72,53,5,5,9,1
1100000421,2007,2000s,869,294,185,63,41,65,1
1100000426,2007,2000s,353,165,107,30,21,28,5
1100000429,2007,2000s,722,230,119,52,29,102,1
1100000431,2007,2000s,183,111,81,11,11,11,1
1100000433,2007,2000s,1095,391,235,93,57,108,5
1100000435,2007,2000s,215,107,66,16,14,32,1
1100000441,2007,2000s,81,56,39,5,4,6,1
1100000442,2007,2000s,873,285,163,52,36,94,6
1100000443,2007,2000s,63,49,39,7,6,9,1
1100000444,2007,2000s,226,114,80,10,9,30,2
1100000445,2007,2000s,335,166,116,26,21,36,3
1100000447,2007,2000s,782,256,140,37,25,101,4
1100000449,2007,2000s,191,100,71,7,7,12,1
1100000451,2007,2000s,224,141,108,30,26,22,1
1100000453,2007,2000s,121,64,38,6,6,14,1
1100000455,2007,2000s,138,78,54,10,7,7,1
1100000457,2007,2000s,423,188,110,37,26,42,1
1100000460,2007,2000s,392,157,104,15,12,46,1
1100000462,2007,2000s,159,96,67,17,13,16,1
1100000464,2007,2000s,369,159,102,22,15,36,7
1100000466,2007,2000s,203,116,78,14,12,20,2
1100000468,2007,2000s,810,248,128,39,31,94,10
1100000470,2007,2000s,188,111,78,23,20,26,1
1100000472,2007,2000s,179,79,43,13,8,27,5
1100000474,2007,2000s,984,376,236,74,48,105,6
1100000475,2007,2000s,55,49,45,4,4,2,1
1100000476,2007,2000s,256,110,63,18,14,36,1
1100000478,2007,2000s,191,97,60,14,11,21,2
1100000480,2007,2000s,381,169,104,29,19,44,5
1100000481,2007,2000s,68,50,39,5,4,7,2
1100000482,2007,2000s,177,111,84,13,10,14,1
1100000485,2007,2000s,179,102,68,15,11,26,1
1100000487,2007,2000s,141,89,64,18,15,15,1
1100000488,2007,2000s,653,235,130,41,29,97,2
1100000489,2007,2000s,83,54,36,4,3,9,1
1100000490,2007,2000s,720,219,117,36,24,82,10
1100000491,2007,2000s,111,73,51,12,10,5,1
1100000492,2007,2000s,564,259,171,51,38,35,1
1100000493,2007,2000s,605,243,146,66,42,56,1
1100000494,2007,2000s,466,221,146,44,36,56,1
1100000495,2007,2000s,151,93,66,11,10,14,1
1110000002,2009,2000s,154,95,72,9,7,11,2
1110000004,2009,2000s,89,55,48,6,3,1,1
1110000007,2009,2000s,155,89,61,10,8,13,1
1110000009,2009,2000s,122,70,51,5,5,7,1
1110000010,2009,2000s,50,28,17,4,2,2,1
1110000011,2009,2000s,98,49,32,4,2,4,1
1110000013,2009,2000s,581,247,164,45,31,66,1
1110000014,2009,2000s,157,88,64,6,5,13,2
1110000016,2009,2000s,940,344,223,58,45,87,3
1110000017,2009,2000s,83,57,49,6,6,8,1
1110000019,2009,2000s,75,43,24,2,2,10,1
1110000020,2009,2000s,106,67,56,6,6,8,1
1110000032,2009,2000s,101,61,46,6,6,8,1
1110000036,2009,2000s,74,42,29,3,3,6,1
1110000042,2009,2000s,517,261,195,32,29,45,4
1110000044,2009,2000s,837,329,209,64,42,96,1
1110000046,2009,2000s,1378,494,314,124,71,124,8
1110000048,2009,2000s,758,311,193,64,46,76,5
1110000051,2009,2000s,147,66,32,12,8,6,1
1110000053,2009,2000s,247,136,100,19,13,21,1
1110000057,2009,2000s,372,156,100,22,19,43,1
1110000059,2009,2000s,820,217,117,28,21,108,7
1110000061,2009,2000s,404,187,122,24,23,53,3
1110000064,2009,2000s,279,128,85,19,13,33,1
1110000067,2009,2000s,395,132,74,9,9,47,3
1110000069,2009,2000s,312,150,105,15,14,29,3
1110000070,2009,2000s,212,113,72,7,7,29,3
1110000072,2009,2000s,57,40,29,2,2,7,1
1110000078,2009,2000s,243,111,70,11,10,29,1
1110000081,2009,2000s,312,156,106,24,21,26,1
1110000084,2009,2000s,335,162,106,23,20,42,3
1110000089,2009,2000s,171,103,69,16,14,14,1
1110000093,2009,2000s,632,264,173,28,25,63,1
1110000094,2009,2000s,292,147,104,14,12,39,3
1110000118,2009,2000s,320,100,50,14,8,15,1
1110000120,2009,2000s,55,34,23,3,3,7,1
1110000121,2009,2000s,171,96,68,18,17,8,1
1110000122,2009,2000s,592,222,144,42,27,35,1
1110000123,2009,2000s,55,34,23,3,3,7,1
1110000129,2009,2000s,124,67,47,3,3,2,1
1110000131,2009,2000s,217,117,80,23,22,13,1
1110000144,2009,2000s,75,42,27,3,3,4,1
1110000192,2009,2000s,111,71,55,5,5,8,1
1110000193,2009,2000s,619,171,92,35,15,37,4
1110000194,2009,2000s,102,70,53,7,7,10,4
1110000197,2009,2000s,96,53,36,4,4,7,1
1110000200,2009,2000s,2556,695,418,186,107,269,19
1110000209,2009,2000s,919,277,141,61,37,90,7
1110000211,2009,2000s,2764,645,336,254,102,263,7
1110000217,2009,2000s,1336,471,307,98,64,115,6
1110000221,2009,2000s,193,109,76,12,12,22,1
1110000222,2009,2000s,2009,615,364,193,117,187,7
1110000224,2009,2000s,2311,633,350,142,87,217,3
1110000225,2009,2000s,426,194,120,19,9,30,2
1110000226,2009,2000s,81,53,40,3,3,1,1
1110000228,2009,2000s,759,282,168,41,32,59,4
1110000233,2009,2000s,1313,422,243,84,53,111,4
1110000237,2009,2000s,1390,454,281,112,68,124,10
1110000239,2009,2000s,2144,642,385,163,104,186,13
1110000241,2009,2000s,71,46,35,1,1,9,1
1110000242,2009,2000s,1376,498,312,93,60,147,5
1110000244,2009,2000s,1658,441,229,92,65,161,5
1110000248,2009,2000s,2376,630,361,193,99,271,13
1110000258,2009,2000s,466,204,149,32,30,29,1
1110000259,2009,2000s,622,289,198,41,37,54,4
1110000260,2009,2000s,157,108,88,10,10,14,1
1110000261,2009,2000s,189,108,80,16,13,10,1
1110000271,2009,2000s,682,297,209,62,48,70,1
1110000274,2009,2000s,478,180,112,31,22,36,1
1110000275,2009,2000s,518,235,160,44,35,34,1
1110000276,2009,2000s,535,216,135,47,32,41,2
1110000277,2009,2000s,584,243,167,95,47,34,1
1110000278,2009,2000s,281,143,101,25,18,21,1
1110000279,2009,2000s,449,205,138,28,25,30,1
1110000280,2009,2000s,557,278,201,77,57,36,2
1110000281,2009,2000s,955,388,254,113,61,88,1
1110000282,2009,2000s,214,101,61,34,13,13,1
1110000283,2009,2000s,199,109,78,23,19,5,1
1110000284,2009,2000s,118,81,68,15,13,2,1
1110000285,2009,2000s,189,97,58,29,18,3,1
1110000286,2009,2000s,356,177,126,35,28,22,1
1110000287,2009,2000s,349,171,119,37,29,31,1
1110000288,2009,2000s,163,97,72,25,18,8,1
1110000289,2009,2000s,333,183,139,49,32,19,2
1110000290,2009,2000s,586,231,161,63,27,32,2
1110000291,2009,2000s,232,128,89,23,19,10,1
1110000292,2009,2000s,855,312,205,78,44,83,4
1110000293,2009,2000s,1428,463,266,95,69,145,3
1110000294,2009,2000s,303,145,92,32,20,18,1
1110000295,2009,2000s,1963,524,304,124,71,130,2
1110000296,2009,2000s,217,124,85,20,16,19,1
1110000297,2009,2000s,115,75,56,9,9,10,1
1110000298,2009,2000s,138,84,57,10,9,12,1
1110000299,2009,2000s,583,230,143,40,26,37,4
1110000300,2009,2000s,113,63,39,7,5,6,2
1110000301,2009,2000s,163,90,64,13,9,8,1
1110000302,2009,2000s,125,86,68,10,8,10,1
1110000303,2009,2000s,917,377,252,73,64,82,1
1110000304,2009,2000s,366,178,126,42,29,34,1
1110000305,2009,2000s,331,171,126,40,30,25,2
1110000306,2009,2000s,339,133,85,41,19,17,1
1110000307,2009,2000s,758,292,183,98,51,58,2
1110000308,2009,2000s,502,185,113,56,27,37,2
1110000309,2009,2000s,590,238,140,59,38,53,3
1110000310,2009,2000s,704,281,181,53,42,54,2
1110000311,2009,2000s,777,309,184,84,56,46,2
1110000312,2009,2000s,409,199,143,69,41,13,1
1110000313,2009,2000s,221,120,88,30,21,6,1
1110000315,2009,2000s,700,294,200,61,42,53,1
1110000316,2009,2000s,59,48,39,2,2,4,1
1110000317,2009,2000s,383,201,143,31,24,30,2
1110000318,2009,2000s,433,196,129,50,32,34,1
1110000319,2009,2000s,645,271,176,42,32,53,3
1110000320,2009,2000s,755,306,195,60,49,60,5
1110000321,2009,2000s,856,320,199,66,46,72,5
1110000322,2009,2000s,760,304,190,58,45,63,2
1110000323,2009,2000s,712,296,194,51,43,74,1
1110000324,2009,2000s,1013,379,246,85,65,78,1
1110000325,2009,2000s,1023,379,248,78,58,109,2
1110000326,2009,2000s,569,264,174,43,34,48,4
1110000327,2009,2000s,693,296,195,41,30,62,4
1110000328,2009,2000s,780,322,217,63,48,60,2
1110000329,2009,2000s,753,302,190,35,25,57,1
1110000330,2009,2000s,621,270,189,39,35,44,4
1110000331,2009,2000s,1386,408,246,125,71,142,2
1110000332,2009,2000s,1813,578,350,139,74,141,9
1110000333,2009,2000s,733,312,204,76,50,65,2
1110000334,2009,2000s,287,136,80,33,22,15,2
1110000335,2009,2000s,1115,403,243,88,51,96,2
1110000336,2009,2000s,982,345,215,97,56,81,3
1110000337,2009,2000s,813,330,213,80,43,74,1
1110000338,2009,2000s,970,327,199,84,40,85,3
1110000339,2009,2000s,179,102,66,17,12,11,2
1110000340,2009,2000s,295,121,71,28,16,20,2
1110000341,2009,2000s,358,168,113,33,24,22,2
1110000342,2009,2000s,76,57,42,5,4,5,1
1110000343,2009,2000s,1117,395,242,137,64,78,2
1110000344,2009,2000s,618,284,188,64,41,55,2
1110000345,2009,2000s,1705,577,354,146,93,124,4
1110000346,2009,2000s,1434,464,263,168,85,98,3
1110000347,2009,2000s,995,358,219,95,61,77,3
1110000348,2009,2000s,1042,347,195,114,59,83,2
1110000349,2009,2000s,339,164,112,36,19,24,1
1110000350,2009,2000s,347,164,112,35,25,25,1
1110000351,2009,2000s,473,223,164,45,28,27,1
1110000352,2009,2000s,449,219,154,36,29,44,2
1110000353,2009,2000s,502,220,142,51,28,52,2
1110000354,2009,2000s,531,241,154,30,22,59,2
1110000355,2009,2000s,601,266,179,71,45,61,2
1110000356,2009,2000s,395,167,110,29,25,40,1
1110000359,2009,2000s,980,311,179,60,45,99,2
1110000360,2009,2000s,728,275,170,53,39,60,2
1110000361,2009,2000s,570,226,138,48,35,37,5
1110000362,2009,2000s,1269,519,346,93,64,107,3
1110000364,2009,2000s,176,107,78,21,14,16,1
1110000365,2009,2000s,131,78,56,6,5,6,1
1110000366,2009,2000s,135,79,58,5,4,10,1
1110000367,2009,2000s,135,81,61,5,4,9,1
1110000368,2009,2000s,74,43,30,6,5,3,1
1110000381,2009,2000s,316,157,105,33,27,22,3
1110000384,2009,2000s,97,66,52,3,3,6,1
1110000387,2009,2000s,148,87,60,10,10,17,1
1110000388,2009,2000s,366,157,99,41,23,48,1
1110000389,2009,2000s,342,131,73,40,17,28,3
1110000390,2009,2000s,198,103,72,10,10,10,2
1110000392,2009,2000s,237,122,88,9,8,15,2
1110000393,2009,2000s,123,75,52,10,8,4,1
1110000394,2009,2000s,445,193,126,41,30,35,1
1110000395,2009,2000s,1101,426,292,88,75,112,4
1110000396,2009,2000s,267,129,91,32,19,27,1
1110000397,2009,2000s,175,96,72,18,15,10,1
1110000398,2009,2000s,190,112,83,27,21,15,1
1110000399,2009,2000s,254,144,105,17,17,25,1
1110000400,2009,2000s,130,80,56,11,9,4,2
1110000401,2009,2000s,323,164,115,16,16,31,3
1110000402,2009,2000s,289,167,121,31,24,19,1
1110000403,2009,2000s,215,123,89,19,15,20,2
1110000404,2009,2000s,350,165,121,37,24,28,1
1110000405,2009,2000s,517,200,109,50,27,48,1
1110000406,2009,2000s,382,197,138,33,25,34,1
1110000407,2009,2000s,258,139,93,14,13,32,1
1110000408,2009,2000s,130,81,58,12,10,3,1
1110000409,2009,2000s,222,101,65,11,10,17,2
1110000410,2009,2000s,1096,466,318,105,79,107,6
1110000411,2009,2000s,1565,489,294,181,78,106,2
1110000412,2009,2000s,126,76,52,10,8,3,1
1110000413,2009,2000s,313,160,104,45,32,27,1
1110000414,2009,2000s,339,166,106,14,13,40,1
1110000415,2009,2000s,152,83,63,13,12,11,1
1110000416,2009,2000s,336,200,163,34,31,21,1
1110000417,2009,2000s,379,189,134,23,18,34,2
1110000418,2009,2000s,363,182,125,28,25,21,1
1110000419,2009,2000s,151,82,62,20,13,11,2
1110000420,2009,2000s,496,254,182,29,22,30,3
1110000421,2009,2000s,417,197,128,44,25,38,1
1110000422,2009,2000s,464,232,167,53,34,36,1
1110000423,2009,2000s,246,136,94,11,10,27,2
1110000424,2009,2000s,406,226,167,37,30,37,2
1110000425,2009,2000s,116,67,47,9,9,7,2
1110000426,2009,2000s,321,155,106,30,24,26,4
1110000427,2009,2000s,616,250,150,55,38,38,2
1110000428,2009,2000s,183,102,68,23,18,14,1
1110000429,2009,2000s,97,67,52,9,8,5,1
1110000430,2009,2000s,73,55,46,5,5,3,1
1110000431,2009,2000s,492,204,127,42,23,54,1
1110000432,2009,2000s,438,222,141,38,27,38,1
1110000433,2009,2000s,178,95,62,10,9,15,2
1110000434,2009,2000s,988,428,276,116,77,84,1
1110000435,2009,2000s,440,226,170,29,27,20,1
1110000436,2009,2000s,233,127,89,20,18,24,1
1110000437,2009,2000s,567,250,172,50,31,38,1
1110000438,2009,2000s,265,126,85,12,12,13,1
1110000439,2009,2000s,375,169,120,13,13,19,1
1110000440,2009,2000s,397,206,154,32,27,21,2
1110000441,2009,2000s,657,288,194,65,49,54,1
1110000442,2009,2000s,309,164,113,36,25,23,1
1110000443,2009,2000s,305,147,105,21,19,15,1
1110000444,2009,2000s,376,185,123,29,20,36,1
1110000445,2009,2000s,554,233,141,58,42,59,1
1110000446,2009,2000s,755,299,182,81,49,54,3
1110000447,2009,2000s,989,360,218,82,43,86,2
1110000448,2009,2000s,690,262,161,46,39,42,1
1110000449,2009,2000s,280,152,105,17,15,17,1
1110000450,2009,2000s,484,183,115,38,25,50,3
1110000451,2009,2000s,517,210,140,23,17,19,1
1110000452,2009,2000s,605,265,169,56,36,53,1
1110000458,2009,2000s,105,64,49,4,4,5,1
1110000462,2009,2000s,1138,316,171,91,42,58,2
1110000476,2009,2000s,470,172,100,19,17,71,5
1110000484,2009,2000s,474,237,174,36,31,28,1
1110000488,2009,2000s,1904,547,296,137,77,196,12
1110000493,2009,2000s,527,197,118,24,18,52,5
1110000495,2009,2000s,362,159,109,18,17,24,2
1110000499,2009,2000s,85,53,37,6,6,6,1
1110000500,2009,2000s,1704,545,310,120,80,164,5
1120000001,2011,2010s,153,94,70,9,8,14,1
1120000002,2011,2010s,50,48,46,0,0,1,1
1120000004,2011,2010s,90,55,48,6,3,1,1
1120000006,2011,2010s,282,176,138,26,23,19,1
1120000008,2011,2010s,73,49,39,4,3,4,1
1120000009,2011,2010s,51,28,16,4,2,2,1
1120000010,2011,2010s,175,70,53,11,3,11,1
1120000011,2011,2010s,1240,418,267,95,57,109,5
1120000012,2011,2010s,1325,447,280,101,72,150,4
1120000013,2011,2010s,86,58,49,6,6,7,1
1120000015,2011,2010s,109,68,56,7,7,10,1
1120000020,2011,2010s,50,35,27,5,3,2,1
1120000029,2011,2010s,102,60,45,6,6,9,1
1120000032,2011,2010s,86,56,47,6,6,7,1
1120000036,2011,2010s,74,43,31,3,3,6,1
1120000053,2011,2010s,510,299,236,33,32,43,3
1120000055,2011,2010s,779,333,221,51,33,75,1
1120000058,2011,2010s,1377,412,225,118,59,145,5
1120000060,2011,2010s,212,98,69,12,9,14,3
1120000062,2011,2010s,217,121,84,14,14,17,2
1120000064,2011,2010s,371,185,135,34,29,25,1
1120000066,2011,2010s,103,72,58,7,7,12,1
1120000069,2011,2010s,547,225,158,40,34,47,1
1120000072,2011,2010s,339,144,87,17,15,41,3
1120000075,2011,2010s,150,82,61,7,7,17,2
1120000076,2011,2010s,558,217,124,49,34,69,5
1120000079,2011,2010s,141,77,49,8,7,15,2
1120000080,2011,2010s,187,100,67,10,10,20,1
1120000083,2011,2010s,388,187,125,30,25,42,1
1120000086,2011,2010s,221,117,71,11,8,26,1
1120000088,2011,2010s,412,142,68,20,13,49,1
1120000090,2011,2010s,307,161,108,32,20,32,3
1120000092,2011,2010s,387,169,112,26,22,40,1
1120000095,2011,2010s,84,59,45,3,3,15,1
1120000097,2011,2010s,192,93,59,13,10,22,1
1120000099,2011,2010s,135,78,54,5,5,14,1
1120000102,2011,2010s,407,198,137,30,25,31,1
1120000104,2011,2010s,401,210,153,31,28,42,1
1120000106,2011,2010s,201,122,91,11,11,17,1
1120000111,2011,2010s,227,118,79,11,10,29,4
1120000113,2011,2010s,366,161,98,22,12,46,1
1120000115,2011,2010s,161,104,79,10,9,19,2
1120000120,2011,2010s,216,109,69,18,15,27,1
1120000123,2011,2010s,175,109,80,14,13,19,2
1120000126,2011,2010s,140,74,52,9,8,12,1
1120000129,2011,2010s,203,124,85,18,15,23,2
1120000132,2011,2010s,175,90,47,12,6,23,1
1120000135,2011,2010s,202,106,63,11,11,24,2
1120000138,2011,2010s,367,166,110,19,16,49,1
1120000141,2011,2010s,51,32,18,4,3,8,1
1120000143,2011,2010s,74,51,42,5,4,6,1
1120000146,2011,2010s,330,147,101,25,23,44,2
1120000149,2011,2010s,768,323,214,49,32,63,1
1120000150,2011,2010s,502,223,165,44,33,44,1
1120000178,2011,2010s,290,108,61,16,10,15,1
1120000180,2011,2010s,55,34,23,3,3,7,1
1120000182,2011,2010s,173,96,68,18,17,8,1
1120000183,2011,2010s,233,115,81,20,13,11,1
1120000190,2011,2010s,74,24,2,4,2,1,1
1120000191,2011,2010s,74,41,25,2,2,4,1
1120000222,2011,2010s,68,43,31,3,3,6,1
1120000238,2011,2010s,63,41,28,3,2,7,1
1120000240,2011,2010s,485,217,155,31,26,38,8
1120000242,2011,2010s,247,116,74,19,15,20,5
1120000244,2011,2010s,314,161,109,21,16,17,2
1120000246,2011,2010s,1084,448,319,83,69,80,6
1120000247,2011,2010s,521,234,160,44,31,37,1
1120000248,2011,2010s,340,169,131,26,23,33,2
1120000249,2011,2010s,814,311,202,45,38,90,6
1120000250,2011,2010s,205,110,77,15,13,15,1
1120000251,2011,2010s,286,142,101,26,20,17,2
1120000252,2011,2010s,470,210,147,40,32,30,2
1120000253,2011,2010s,239,117,80,20,16,17,1
1120000254,2011,2010s,546,228,151,46,40,47,3
1120000255,2011,2010s,361,170,120,29,26,26,1
1120000256,2011,2010s,488,221,152,48,32,33,8
1120000257,2011,2010s,891,291,183,60,40,97,9
1120000258,2011,2010s,619,270,188,49,35,49,4
1120000259,2011,2010s,550,244,158,34,27,52,3
1120000261,2011,2010s,1098,362,212,68,47,120,11
1120000276,2011,2010s,698,192,104,43,20,40,4
1120000278,2011,2010s,162,103,79,15,13,19,1
1120000279,2011,2010s,69,50,38,10,8,6,1
1120000280,2011,2010s,154,92,63,7,6,9,2
1120000281,2011,2010s,65,49,38,4,4,6,1
1120000289,2011,2010s,1541,485,279,117,68,160,9
1120000291,2011,2010s,1956,536,291,134,79,217,10
1120000293,2011,2010s,77,47,32,5,4,4,1
1120000300,2011,2010s,550,248,165,43,34,40,1
1120000302,2011,2010s,468,198,129,33,27,33,2
1120000304,2011,2010s,774,265,158,58,37,71,3
1120000317,2011,2010s,92,52,31,4,4,12,1
1120000319,2011,2010s,1364,431,254,86,66,167,7
1120000320,2011,2010s,328,182,135,2,2,0,4
1120000321,2011,2010s,65,51,44,4,4,4,1
1120000322,2011,2010s,89,61,52,4,4,11,1
1120000323,2011,2010s,3397,662,375,180,106,415,26
1120000325,2011,2010s,152,90,70,8,7,12,3
1120000327,2011,2010s,2318,484,253,115,69,310,16
1120000329,2011,2010s,1277,288,138,47,31,183,14
1120000331,2011,2010s,1090,367,226,50,40,118,9
1120000332,2011,2010s,888,279,154,38,33,95,10
1120000334,2011,2010s,136,73,48,5,5,24,3
1120000335,2011,2010s,127,70,49,5,5,18,2
1120000338,2011,2010s,374,140,80,9,8,52,4
1120000339,2011,2010s,60,39,32,2,2,7,2
1120000343,2011,2010s,51,35,26,3,2,6,2
1120000345,2011,2010s,1218,322,168,68,39,142,8
1120000348,2011,2010s,102,54,33,2,2,12,2
1120000349,2011,2010s,239,107,72,5,5,31,2
1120000350,2011,2010s,288,124,69,7,7,40,6
1120000351,2011,2010s,219,100,69,14,10,41,3
1120000353,2011,2010s,156,83,54,11,10,13,4
1120000355,2011,2010s,182,81,42,11,9,17,1
1120000357,2011,2010s,88,54,38,2,2,7,2
1120000360,2011,2010s,75,50,38,3,3,9,1
1120000362,2011,2010s,65,44,34,1,1,6,1
1120000367,2011,2010s,68,44,30,3,2,7,2
1120000369,2011,2010s,51,38,32,3,3,8,1
1120000371,2011,2010s,1977,498,274,134,77,196,10
1120000375,2011,2010s,425,212,154,31,28,35,1
1120000378,2011,2010s,1122,326,180,72,47,101,6
1120000382,2011,2010s,2201,490,255,121,62,230,7
1120000384,2011,2010s,2207,431,209,80,50,318,14
1120000388,2011,2010s,114,72,50,6,6,9,1
1120000390,2011,2010s,1067,331,194,65,42,127,7
1120000392,2011,2010s,1411,356,188,51,41,217,14
1120000397,2011,2010s,824,307,194,46,37,96,2
1120000399,2011,2010s,794,275,167,46,26,101,5
1120000408,2011,2010s,1526,353,188,75,46,188,15
1120000410,2011,2010s,775,242,125,22,20,88,10
1120000411,2011,2010s,983,279,154,54,38,138,5
1120000412,2011,2010s,741,246,143,39,26,94,7
1120000413,2011,2010s,300,137,85,19,16,30,4
1120000414,2011,2010s,97,58,37,2,2,14,2
1120000416,2011,2010s,707,244,149,25,17,107,3
1120000418,2011,2010s,655,212,115,29,20,91,3
1120000422,2011,2010s,1637,542,350,112,80,193,7
1120000424,2011,2010s,355,150,94,21,18,40,4
1120000426,2011,2010s,110,73,53,6,6,11,1
1120000428,2011,2010s,1067,289,137,57,38,139,3
1120000431,2011,2010s,1836,492,284,98,68,260,15
1120000433,2011,2010s,3311,693,350,188,97,411,15
1120000435,2011,2010s,324,143,90,19,18,39,4
1120000436,2011,2010s,152,88,63,6,6,17,1
1120000437,2011,2010s,530,213,122,37,28,60,1
1120000439,2011,2010s,1222,438,272,112,64,92,5
1120000440,2011,2010s,312,159,108,22,18,26,1
1120000441,2011,2010s,702,260,153,70,41,57,4
1120000442,2011,2010s,1604,443,243,138,60,112,4
1120000443,2011,2010s,765,287,174,66,40,68,2
1120000444,2011,2010s,798,379,272,65,58,57,3
1120000445,2011,2010s,396,188,139,24,22,24,2
1120000446,2011,2010s,1119,381,249,72,45,53,5
1120000447,2011,2010s,64,45,40,5,5,1,1
1120000454,2011,2010s,234,126,86,9,8,20,1
1120000456,2011,2010s,69,45,36,4,3,2,1
1120000457,2011,2010s,77,48,37,6,6,6,1
1120000458,2011,2010s,104,67,50,2,2,9,1
1120000462,2011,2010s,393,170,121,17,14,33,1
1120000463,2011,2010s,501,211,143,26,18,30,2
1120000464,2011,2010s,169,98,69,15,12,5,1
1120000465,2011,2010s,493,204,127,42,23,54,1
1120000466,2011,2010s,139,85,60,13,11,13,1
1120000467,2011,2010s,685,285,178,60,43,77,3
1120000468,2011,2010s,417,189,123,45,29,32,1
1120000469,2011,2010s,169,98,69,15,12,7,1
1120000470,2011,2010s,342,131,73,40,17,28,3
1120000471,2011,2010s,502,229,153,42,34,50,1
1120000472,2011,2010s,174,98,68,13,11,7,1
1120000473,2011,2010s,268,153,111,22,20,20,1
1120000474,2011,2010s,243,121,86,29,14,24,1
1120000475,2011,2010s,582,266,183,50,41,45,1
1120000476,2011,2010s,305,167,121,16,16,33,1
1120000477,2011,2010s,526,233,163,40,33,39,1
1120000478,2011,2010s,175,94,62,13,11,7,2
1120000479,2011,2010s,1145,379,227,138,62,91,1
1120000480,2011,2010s,492,197,118,39,28,36,1
1120000481,2011,2010s,273,145,104,37,26,16,1
1120000482,2011,2010s,68,48,36,6,6,3,1
1120000483,2011,2010s,349,146,87,35,19,35,1
1120000484,2011,2010s,261,127,88,21,18,19,1
1120000485,2011,2010s,160,89,61,12,9,7,1
1120000486,2011,2010s,247,135,99,22,17,16,1
1120000487,2011,2010s,297,151,109,19,16,26,2
1120000488,2011,2010s,381,179,115,38,20,32,2
1120000489,2011,2010s,834,288,176,53,37,60,3
1120000490,2011,2010s,118,75,53,15,12,8,1
1120000491,2011,2010s,114,70,52,14,11,6,1
1120000492,2011,2010s,284,136,87,31,22,26,2
1120000493,2011,2010s,275,134,90,28,19,15,1
1120000494,2011,2010s,1147,381,229,138,62,91,1
1120000495,2011,2010s,643,297,206,49,43,41,1
1120000496,2011,2010s,712,291,174,68,44,79,5
1120000500,2011,2010s,161,99,76,19,19,16,1
1130000002,2013,2010s,157,99,73,11,7,11,4
1130000006,2013,2010s,164,80,56,6,6,10,1
1130000007,2013,2010s,51,29,18,4,2,2,1
1130000008,2013,2010s,353,143,98,17,11,27,2
1130000009,2013,2010s,718,312,220,46,37,90,3
1130000010,2013,2010s,86,58,49,6,6,7,1
1130000012,2013,2010s,109,68,56,7,7,10,1
1130000026,2013,2010s,100,59,45,6,6,9,1
1130000046,2013,2010s,283,156,109,28,26,21,1
1130000047,2013,2010s,1044,425,274,115,84,95,1
1130000048,2013,2010s,1106,386,236,82,56,97,6
1130000050,2013,2010s,322,156,111,14,10,35,1
1130000053,2013,2010s,336,163,112,16,13,34,1
1130000054,2013,2010s,343,141,80,20,17,44,2
1130000056,2013,2010s,386,186,128,22,18,39,3
1130000059,2013,2010s,81,58,45,10,10,5,2
1130000060,2013,2010s,50,38,31,0,0,6,1
1130000064,2013,2010s,349,139,76,15,11,47,2
1130000066,2013,2010s,377,206,155,43,37,31,3
1130000067,2013,2010s,250,116,71,8,8,25,5
1130000069,2013,2010s,195,113,79,17,14,16,1
1130000072,2013,2010s,459,184,105,29,25,39,2
1130000073,2013,2010s,227,113,71,12,11,20,1
1130000075,2013,2010s,152,88,59,9,8,26,3
1130000077,2013,2010s,217,92,50,15,11,16,2
1130000078,2013,2010s,139,80,60,5,5,11,1
1130000080,2013,2010s,92,52,34,5,4,11,1
1130000083,2013,2010s,295,143,96,27,22,26,1
1130000086,2013,2010s,501,190,84,39,22,35,1
1130000089,2013,2010s,212,118,85,18,15,25,1
1130000092,2013,2010s,194,109,82,12,12,13,3
1130000094,2013,2010s,154,93,72,19,17,11,1
1130000096,2013,2010s,96,54,33,6,5,10,1
1130000097,2013,2010s,314,138,87,21,17,37,3
1130000099,2013,2010s,180,105,75,4,4,19,3
1130000100,2013,2010s,252,145,108,24,23,22,1
1130000101,2013,2010s,328,154,107,17,13,24,1
1130000122,2013,2010s,74,43,31,3,3,6,1
1130000136,2013,2010s,287,106,59,16,10,13,1
1130000138,2013,2010s,55,34,23,3,3,7,1
1130000148,2013,2010s,172,95,67,17,16,8,1
1130000149,2013,2010s,593,221,142,40,26,36,1
1130000155,2013,2010s,126,82,61,9,9,12,1
1130000157,2013,2010s,76,41,26,3,3,4,1
1130000184,2013,2010s,110,63,39,4,3,19,3
1130000195,2013,2010s,68,43,31,3,3,6,1
1130000217,2013,2010s,96,62,46,5,5,9,1
1130000218,2013,2010s,567,168,88,27,16,35,1
1130000227,2013,2010s,1118,381,224,97,62,106,3
1130000229,2013,2010s,1450,462,289,95,66,200,7
1130000241,2013,2010s,2193,536,301,166,89,213,12
1130000247,2013,2010s,77,52,36,5,5,8,1
1130000261,2013,2010s,186,103,72,21,18,16,1
1130000262,2013,2010s,498,241,178,25,25,33,2
1130000270,2013,2010s,75,53,41,3,3,6,2
1130000274,2013,2010s,267,131,87,23,19,25,1
1130000275,2013,2010s,785,274,165,40,31,60,1
1130000276,2013,2010s,553,272,204,27,24,41,1
1130000277,2013,2010s,705,255,154,67,38,56,1
1130000278,2013,2010s,127,78,55,14,13,5,1
1130000279,2013,2010s,717,296,180,70,47,79,4
1130000280,2013,2010s,441,221,154,40,34,37,1
1130000281,2013,2010s,528,248,181,59,39,35,1
1130000282,2013,2010s,87,53,38,7,5,7,1
1130000283,2013,2010s,332,151,98,28,18,25,1
1130000284,2013,2010s,260,147,104,32,24,6,1
1130000285,2013,2010s,694,287,179,63,46,78,3
1130000286,2013,2010s,473,216,148,52,36,32,2
1130000287,2013,2010s,486,224,154,38,34,29,1
1130000288,2013,2010s,758,332,224,74,49,48,1
1130000289,2013,2010s,886,348,226,65,52,76,3
1130000290,2013,2010s,132,79,53,14,13,10,1
1130000291,2013,2010s,599,276,195,52,43,30,1
1130000292,2013,2010s,302,144,96,21,18,19,1
1130000303,2013,2010s,217,123,86,17,15,20,1
1130000304,2013,2010s,209,125,84,18,16,19,3
1130000305,2013,2010s,57,43,34,1,1,10,1
1130000306,2013,2010s,118,73,53,5,5,12,2
1130000307,2013,2010s,57,42,35,1,1,2,1
1130000308,2013,2010s,271,152,112,35,29,20,1
1130000311,2013,2010s,83,63,50,11,9,7,1
1130000313,2013,2010s,473,198,130,21,19,59,1
1130000315,2013,2010s,437,182,107,30,23,56,2
1130000317,2013,2010s,234,112,72,15,13,29,4
1130000319,2013,2010s,206,122,91,20,17,15,1
1130000320,2013,2010s,134,78,54,7,7,13,2
1130000321,2013,2010s,281,129,81,19,15,34,1
1130000322,2013,2010s,51,39,30,0,0,6,1
1130000323,2013,2010s,218,104,65,17,14,27,1
1130000325,2013,2010s,143,99,76,11,11,16,1
1130000328,2013,2010s,314,164,107,22,19,32,1
1130000330,2013,2010s,332,141,87,16,15,37,7
1130000332,2013,2010s,320,158,97,22,16,34,1
1130000334,2013,2010s,190,124,94,10,10,20,1
1130000336,2013,2010s,467,211,132,27,24,50,1
1130000338,2013,2010s,273,113,64,10,9,37,2
1130000341,2013,2010s,52,39,30,2,2,6,1
1130000343,2013,2010s,249,117,75,17,13,30,2
1130000344,2013,2010s,99,62,47,3,3,12,1
1130000345,2013,2010s,202,112,79,12,12,23,1
1130000349,2013,2010s,201,107,73,11,9,28,2
1130000351,2013,2010s,290,108,51,15,10,42,2
1130000354,2013,2010s,55,43,34,4,3,6,2
1130000358,2013,2010s,140,79,53,8,7,18,2
1130000360,2013,2010s,215,125,89,22,17,13,1
1130000362,2013,2010s,233,120,80,13,11,25,2
1130000365,2013,2010s,182,85,47,4,3,23,1
1130000368,2013,2010s,219,126,86,13,12,20,3
1130000373,2013,2010s,937,351,206,71,44,84,5
1130000381,2013,2010s,180,87,54,7,7,19,4
1130000383,2013,2010s,248,111,71,12,7,31,3
1130000384,2013,2010s,480,192,123,13,12,42,2
1130000386,2013,2010s,227,133,98,20,17,19,1
1130000387,2013,2010s,226,132,91,14,11,19,1
1130000388,2013,2010s,334,156,96,19,15,30,1
1130000389,2013,2010s,215,121,80,15,14,20,2
1130000394,2013,2010s,344,192,156,2,2,4,3
1130000395,2013,2010s,234,126,112,2,2,3,3
1130000402,2013,2010s,137,60,30,7,5,8,1
1130000403,2013,2010s,56,37,25,6,6,5,1
1130000405,2013,2010s,243,79,47,8,5,15,1
1130000409,2013,2010s,169,44,20,10,3,3,1
1130000414,2013,2010s,1206,348,200,71,41,154,5
1130000418,2013,2010s,490,186,122,32,25,52,4
1130000421,2013,2010s,983,392,255,85,62,104,3
1130000422,2013,2010s,858,351,221,67,49,85,3
1130000423,2013,2010s,439,207,133,25,21,43,1
1130000424,2013,2010s,541,263,193,44,39,57,2
1130000425,2013,2010s,510,227,147,34,30,38,3
1130000426,2013,2010s,421,217,154,40,36,24,1
1130000436,2013,2010s,133,75,54,5,4,8,1
1130000439,2013,2010s,261,142,107,19,18,16,1
1130000440,2013,2010s,201,115,83,13,11,19,1
1130000441,2013,2010s,247,139,94,12,10,11,1
1130000442,2013,2010s,484,219,150,49,33,41,4
1130000444,2013,2010s,362,172,125,38,32,32,1
1130000446,2013,2010s,429,211,154,26,23,41,1
1130000447,2013,2010s,501,262,200,34,30,37,1
1130000448,2013,2010s,219,121,87,25,23,12,2
1130000449,2013,2010s,391,166,104,24,22,34,2
1130000451,2013,2010s,146,90,69,7,7,7,1
1130000452,2013,2010s,390,206,146,44,37,33,1
1130000453,2013,2010s,205,121,94,19,16,19,2
1130000455,2013,2010s,276,125,86,18,16,17,1
1130000456,2013,2010s,121,84,64,7,7,12,1
1130000457,2013,2010s,327,175,137,17,17,14,2
1130000458,2013,2010s,436,217,147,30,25,45,1
1130000465,2013,2010s,214,138,108,21,18,17,1
1130000466,2013,2010s,173,105,75,10,10,18,1
1130000467,2013,2010s,191,109,73,22,17,17,1
1130000468,2013,2010s,120,79,59,10,10,12,1
1130000482,2013,2010s,434,202,128,29,24,40,2
1130000483,2013,2010s,608,263,162,46,35,55,3
1130000486,2013,2010s,412,197,127,36,26,35,4
1130000487,2013,2010s,115,70,52,3,3,20,1
1130000488,2013,2010s,379,155,89,22,18,31,4
1130000489,2013,2010s,237,132,89,11,11,24,2
1130000490,2013,2010s,353,186,135,27,21,31,2
1130000491,2013,2010s,190,89,45,7,6,24,1
1130000492,2013,2010s,508,209,131,22,19,51,8
1130000495,2013,2010s,799,356,233,62,41,77,3
1130000496,2013,2010s,194,117,77,15,11,18,1
1130000497,2013,2010s,244,119,78,11,10,32,1
1130000498,2013,2010s,190,107,75,12,12,14,2
1130000499,2013,2010s,607,264,162,72,44,53,1
1140000002,2015,2010s,132,73,49,7,6,12,2
1140000004,2015,2010s,89,54,47,6,3,1,1
1140000006,2015,2010s,53,42,38,2,2,1,2
1140000007,2015,2010s,265,141,100,17,15,27,2
1140000009,2015,2010s,244,112,68,6,5,29,2
1140000013,2015,2010s,181,88,57,10,9,15,1
1140000015,2015,2010s,93,53,38,2,2,7,1
1140000016,2015,2010s,88,37,25,8,2,2,2
1140000017,2015,2010s,985,350,222,62,46,88,2
1140000018,2015,2010s,769,326,219,56,44,74,7
1140000019,2015,2010s,86,58,49,6,6,7,1
1140000021,2015,2010s,109,68,56,7,7,10,1
1140000035,2015,2010s,100,59,45,6,6,9,1
1140000039,2015,2010s,74,42,29,3,3,6,1
1140000054,2015,2010s,64,32,16,5,4,4,1
1140000062,2015,2010s,155,98,76,7,7,12,2
1140000065,2015,2010s,858,363,242,60,42,92,3
1140000066,2015,2010s,50,38,32,2,2,4,1
1140000067,2015,2010s,3210,645,320,222,101,389,14
1140000069,2015,2010s,1080,339,150,75,43,130,1
1140000072,2015,2010s,537,194,102,31,22,71,4
1140000075,2015,2010s,107,59,36,7,5,12,1
1140000078,2015,2010s,335,197,153,25,20,32,1
1140000081,2015,2010s,355,188,139,38,31,28,2
1140000084,2015,2010s,399,197,137,28,24,51,2
1140000087,2015,2010s,352,177,119,26,22,44,2
1140000089,2015,2010s,585,193,96,38,24,92,2
1140000091,2015,2010s,431,169,101,35,25,59,1
1140000094,2015,2010s,134,79,56,8,7,16,1
1140000099,2015,2010s,920,335,205,77,50,98,3
1140000102,2015,2010s,458,173,86,56,25,49,1
1140000104,2015,2010s,1331,266,25,160,41,98,1
1140000105,2015,2010s,112,76,62,9,8,14,1
1140000108,2015,2010s,76,51,37,6,5,7,1
1140000109,2015,2010s,461,222,146,52,38,28,1
1140000110,2015,2010s,708,254,160,75,45,48,1
1140000128,2015,2010s,84,78,72,1,1,3,3
1140000138,2015,2010s,54,41,35,2,2,4,1
1140000142,2015,2010s,388,166,98,21,18,51,4
1140000143,2015,2010s,206,110,77,10,9,21,1
1140000145,2015,2010s,216,124,90,18,15,26,1
1140000147,2015,2010s,412,193,129,34,26,45,1
1140000149,2015,2010s,221,127,85,13,11,21,1
1140000152,2015,2010s,676,281,181,45,28,59,3
1140000158,2015,2010s,356,156,94,42,22,36,2
1140000161,2015,2010s,209,131,97,16,14,19,2
1140000163,2015,2010s,275,134,89,13,9,36,1
1140000164,2015,2010s,328,134,74,16,11,44,1
1140000165,2015,2010s,91,58,42,5,5,11,1
1140000169,2015,2010s,51,31,22,6,3,5,1
1140000175,2015,2010s,324,114,59,17,10,14,1
1140000177,2015,2010s,55,34,23,3,3,7,1
1140000178,2015,2010s,173,96,68,18,17,8,1
1140000179,2015,2010s,593,221,141,39,26,36,1
1140000188,2015,2010s,74,40,24,1,1,4,1
1140000220,2015,2010s,68,43,31,3,3,6,1
1140000299,2015,2010s,648,182,100,40,19,36,3
1140000301,2015,2010s,154,88,61,16,11,17,3
1140000303,2015,2010s,409,204,149,35,28,47,1
1140000304,2015,2010s,88,56,42,3,3,6,1
1140000306,2015,2010s,83,55,40,2,2,5,1
1140000308,2015,2010s,128,74,52,4,4,22,1
1140000309,2015,2010s,556,248,173,50,39,46,3
1140000310,2015,2010s,641,250,149,42,30,60,5
1140000311,2015,2010s,2021,540,286,163,77,183,1
1140000312,2015,2010s,876,304,172,77,47,63,1
1140000314,2015,2010s,1313,456,265,116,58,117,2
1140000315,2015,2010s,1238,425,265,101,65,100,3
1140000318,2015,2010s,668,295,187,74,45,46,1
1140000319,2015,2010s,134,79,54,8,8,3,1
1140000337,2015,2010s,101,67,51,2,2,11,1
1140000339,2015,2010s,56,42,35,4,3,2,2
1140000349,2015,2010s,1937,471,251,134,76,198,7
1140000353,2015,2010s,2070,499,273,123,85,194,13
1140000356,2015,2010s,180,87,50,11,8,9,1
1140000357,2015,2010s,412,173,118,37,27,39,2
1140000358,2015,2010s,399,171,97,40,23,34,1
1140000360,2015,2010s,253,150,107,22,19,14,2
1140000361,2015,2010s,534,184,116,32,22,12,1
1140000362,2015,2010s,532,253,171,51,40,30,1
1140000363,2015,2010s,410,197,138,36,26,41,1
1140000364,2015,2010s,247,140,99,14,14,18,1
1140000366,2015,2010s,652,282,205,38,35,36,1
1140000367,2015,2010s,277,137,91,24,19,20,1
1140000368,2015,2010s,261,151,113,18,17,25,1
1140000369,2015,2010s,239,112,76,19,18,12,1
1140000370,2015,2010s,307,135,93,16,16,9,2
1140000371,2015,2010s,309,164,124,23,23,15,1
1140000372,2015,2010s,250,132,85,30,20,15,1
1140000374,2015,2010s,874,294,172,50,35,70,3
1140000375,2015,2010s,243,123,78,14,11,21,1
1140000377,2015,2010s,850,335,228,80,52,42,2
1140000378,2015,2010s,379,167,95,44,23,27,2
1140000379,2015,2010s,425,213,145,36,26,14,1
1140000380,2015,2010s,432,213,159,37,28,24,2
1140000381,2015,2010s,389,145,73,30,14,34,1
1140000383,2015,2010s,440,216,147,40,35,37,1
1140000384,2015,2010s,206,121,90,14,12,11,1
1140000385,2015,2010s,68,44,30,2,2,1,1
1140000387,2015,2010s,727,312,217,58,37,65,1
1140000389,2015,2010s,639,295,196,56,46,52,1
1140000391,2015,2010s,910,354,218,95,60,99,3
1140000393,2015,2010s,685,287,193,52,42,58,3
1140000395,2015,2010s,346,147,91,38,24,15,1
1140000397,2015,2010s,865,287,170,56,35,103,6
1140000399,2015,2010s,782,284,177,58,44,96,6
1140000405,2015,2010s,180,114,85,11,8,16,1
1140000406,2015,2010s,141,95,77,7,7,8,2
1140000407,2015,2010s,169,99,70,17,12,16,1
1140000408,2015,2010s,186,108,76,22,18,19,2
1140000409,2015,2010s,160,104,80,20,18,17,1
1140000410,2015,2010s,189,120,90,15,14,12,1
1140000411,2015,2010s,148,102,77,16,14,8,3
1140000412,2015,2010s,162,102,74,12,11,14,1
1140000413,2015,2010s,138,86,64,9,7,10,1
1140000414,2015,2010s,97,56,38,7,5,6,1
1140000415,2015,2010s,295,145,100,22,16,19,1
1140000416,2015,2010s,181,107,79,18,17,13,1
1140000417,2015,2010s,211,109,70,17,14,17,4
1140000418,2015,2010s,158,81,44,9,8,11,2
1140000419,2015,2010s,136,101,85,16,15,9,1
1140000420,2015,2010s,144,96,77,12,11,9,1
1140000421,2015,2010s,205,118,85,12,10,23,1
1140000422,2015,2010s,206,108,74,11,8,12,1
1140000423,2015,2010s,161,93,64,14,12,18,1
1140000424,2015,2010s,52,33,20,3,3,3,1
1140000430,2015,2010s,600,264,185,42,31,55,2
1140000431,2015,2010s,988,384,248,78,53,80,2
1140000432,2015,2010s,75,55,44,6,5,4,1
1140000436,2015,2010s,359,178,112,21,19,40,2
1140000437,2015,2010s,108,68,47,7,7,8,1
1140000439,2015,2010s,374,153,100,32,19,36,3
1140000440,2015,2010s,99,56,36,6,5,19,2
1140000441,2015,2010s,649,220,136,40,29,86,3
1140000443,2015,2010s,449,160,89,15,11,66,7
1140000444,2015,2010s,63,40,26,2,2,6,1
1140000445,2015,2010s,286,150,102,26,19,36,2
1140000447,2015,2010s,354,155,94,18,12,37,2
1140000449,2015,2010s,119,84,63,11,11,10,2
1140000451,2015,2010s,279,155,109,25,20,24,4
1140000453,2015,2010s,348,159,98,22,17,36,5
1140000454,2015,2010s,275,139,95,20,17,33,1
1140000459,2015,2010s,50,38,35,6,6,4,1
1140000463,2015,2010s,200,125,96,23,22,13,1
1140000464,2015,2010s,1195,424,246,99,69,146,3
1140000466,2015,2010s,604,272,171,50,37,50,1
1140000467,2015,2010s,150,86,61,13,13,11,3
1140000469,2015,2010s,454,184,121,34,25,45,4
1140000471,2015,2010s,444,205,130,45,25,40,2
1140000475,2015,2010s,367,180,118,31,22,27,1
1140000479,2015,2010s,358,162,102,19,17,45,3
1140000482,2015,2010s,85,54,35,5,5,9,1
1140000484,2015,2010s,496,213,139,36,26,44,1
1140000485,2015,2010s,60,39,26,4,3,8,2
1140000486,2015,2010s,245,115,75,17,12,37,1
1140000489,2015,2010s,311,170,121,32,22,31,1
1140000494,2015,2010s,68,53,41,4,4,5,1
1140000495,2015,2010s,375,148,84,17,10,37,2
1140000496,2015,2010s,607,311,229,55,45,38,2
